# vtk DataFile Version 3.0
time 1
ASCII
DATASET UNSTRUCTURED_GRID
POINTS 1377 float
0 0 0 0.5 0 0 1 0 0 
1.5 0 0 2 0 0 2.5 0 0 
3 0 0 3.5 0 0 4 0 0 
4.5 0 0 5 0 0 5.5 0 0 
6 0 0 6.5 0 0 7 0 0 
7.5 0 0 8 0 0 0 0.5 0 
0.5 0.5 0 1 0.5 0 1.5 0.5 0 
2 0.5 0 2.5 0.5 0 3 0.5 0 
3.5 0.5 0 4 0.5 0 4.5 0.5 0 
5 0.5 0 5.5 0.5 0 6 0.5 0 
6.5 0.5 0 7 0.5 0 7.5 0.5 0 
8 0.5 0 0 1 0 0.5 1 0 
1 1 0 1.5 1 0 2 1 0 
2.5 1 0 3 1 0 3.5 1 0 
4 1 0 4.5 1 0 5 1 0 
5.5 1 0 6 1 0 6.5 1 0 
7 1 0 7.5 1 0 8 1 0 
0 1.5 0 0.5 1.5 0 1 1.5 0 
1.5 1.5 0 2 1.5 0 2.5 1.5 0 
3 1.5 0 3.5 1.5 0 4 1.5 0 
4.5 1.5 0 5 1.5 0 5.5 1.5 0 
6 1.5 0 6.5 1.5 0 7 1.5 0 
7.5 1.5 0 8 1.5 0 0 2 0 
0.5 2 0 1 2 0 1.5 2 0 
2 2 0 2.5 2 0 3 2 0 
3.5 2 0 4 2 0 4.5 2 0 
5 2 0 5.5 2 0 6 2 0 
6.5 2 0 7 2 0 7.5 2 0 
8 2 0 0 2.5 0 0.5 2.5 0 
1 2.5 0 1.5 2.5 0 2 2.5 0 
2.5 2.5 0 3 2.5 0 3.5 2.5 0 
4 2.5 0 4.5 2.5 0 5 2.5 0 
5.5 2.5 0 6 2.5 0 6.5 2.5 0 
7 2.5 0 7.5 2.5 0 8 2.5 0 
0 3 0 0.5 3 0 1 3 0 
1.5 3 0 2 3 0 2.5 3 0 
3 3 0 3.5 3 0 4 3 0 
4.5 3 0 5 3 0 5.5 3 0 
6 3 0 6.5 3 0 7 3 0 
7.5 3 0 8 3 0 0 3.5 0 
0.5 3.5 0 1 3.5 0 1.5 3.5 0 
2 3.5 0 2.5 3.5 0 3 3.5 0 
3.5 3.5 0 4 3.5 0 4.5 3.5 0 
5 3.5 0 5.5 3.5 0 6 3.5 0 
6.5 3.5 0 7 3.5 0 7.5 3.5 0 
8 3.5 0 0 4 0 0.5 4 0 
1 4 0 1.5 4 0 2 4 0 
2.5 4 0 3 4 0 3.5 4 0 
4 4 0 4.5 4 0 5 4 0 
5.5 4 0 6 4 0 6.5 4 0 
7 4 0 7.5 4 0 8 4 0 
0 0 0.5 0.5 0 0.5 1 0 0.5 
1.5 0 0.5 2 0 0.5 2.5 0 0.5 
3 0 0.5 3.5 0 0.5 4 0 0.5 
4.5 0 0.5 5 0 0.5 5.5 0 0.5 
6 0 0.5 6.5 0 0.5 7 0 0.5 
7.5 0 0.5 8 0 0.5 0 0.5 0.5 
0.5 0.5 0.5 1 0.5 0.5 1.5 0.5 0.5 
2 0.5 0.5 2.5 0.5 0.5 3 0.5 0.5 
3.5 0.5 0.5 4 0.5 0.5 4.5 0.5 0.5 
5 0.5 0.5 5.5 0.5 0.5 6 0.5 0.5 
6.5 0.5 0.5 7 0.5 0.5 7.5 0.5 0.5 
8 0.5 0.5 0 1 0.5 0.5 1 0.5 
1 1 0.5 1.5 1 0.5 2 1 0.5 
2.5 1 0.5 3 1 0.5 3.5 1 0.5 
4 1 0.5 4.5 1 0.5 5 1 0.5 
5.5 1 0.5 6 1 0.5 6.5 1 0.5 
7 1 0.5 7.5 1 0.5 8 1 0.5 
0 1.5 0.5 0.5 1.5 0.5 1 1.5 0.5 
1.5 1.5 0.5 2 1.5 0.5 2.5 1.5 0.5 
3 1.5 0.5 3.5 1.5 0.5 4 1.5 0.5 
4.5 1.5 0.5 5 1.5 0.5 5.5 1.5 0.5 
6 1.5 0.5 6.5 1.5 0.5 7 1.5 0.5 
7.5 1.5 0.5 8 1.5 0.5 0 2 0.5 
0.5 2 0.5 1 2 0.5 1.5 2 0.5 
2 2 0.5 2.5 2 0.5 3 2 0.5 
3.5 2 0.5 4 2 0.5 4.5 2 0.5 
5 2 0.5 5.5 2 0.5 6 2 0.5 
6.5 2 0.5 7 2 0.5 7.5 2 0.5 
8 2 0.5 0 2.5 0.5 0.5 2.5 0.5 
1 2.5 0.5 1.5 2.5 0.5 2 2.5 0.5 
2.5 2.5 0.5 3 2.5 0.5 3.5 2.5 0.5 
4 2.5 0.5 4.5 2.5 0.5 5 2.5 0.5 
5.5 2.5 0.5 6 2.5 0.5 6.5 2.5 0.5 
7 2.5 0.5 7.5 2.5 0.5 8 2.5 0.5 
0 3 0.5 0.5 3 0.5 1 3 0.5 
1.5 3 0.5 2 3 0.5 2.5 3 0.5 
3 3 0.5 3.5 3 0.5 4 3 0.5 
4.5 3 0.5 5 3 0.5 5.5 3 0.5 
6 3 0.5 6.5 3 0.5 7 3 0.5 
7.5 3 0.5 8 3 0.5 0 3.5 0.5 
0.5 3.5 0.5 1 3.5 0.5 1.5 3.5 0.5 
2 3.5 0.5 2.5 3.5 0.5 3 3.5 0.5 
3.5 3.5 0.5 4 3.5 0.5 4.5 3.5 0.5 
5 3.5 0.5 5.5 3.5 0.5 6 3.5 0.5 
6.5 3.5 0.5 7 3.5 0.5 7.5 3.5 0.5 
8 3.5 0.5 0 4 0.5 0.5 4 0.5 
1 4 0.5 1.5 4 0.5 2 4 0.5 
2.5 4 0.5 3 4 0.5 3.5 4 0.5 
4 4 0.5 4.5 4 0.5 5 4 0.5 
5.5 4 0.5 6 4 0.5 6.5 4 0.5 
7 4 0.5 7.5 4 0.5 8 4 0.5 
0 0 1 0.5 0 1 1 0 1 
1.5 0 1 2 0 1 2.5 0 1 
3 0 1 3.5 0 1 4 0 1 
4.5 0 1 5 0 1 5.5 0 1 
6 0 1 6.5 0 1 7 0 1 
7.5 0 1 8 0 1 0 0.5 1 
0.5 0.5 1 1 0.5 1 1.5 0.5 1 
2 0.5 1 2.5 0.5 1 3 0.5 1 
3.5 0.5 1 4 0.5 1 4.5 0.5 1 
5 0.5 1 5.5 0.5 1 6 0.5 1 
6.5 0.5 1 7 0.5 1 7.5 0.5 1 
8 0.5 1 0 1 1 0.5 1 1 
1 1 1 1.5 1 1 2 1 1 
2.5 1 1 3 1 1 3.5 1 1 
4 1 1 4.5 1 1 5 1 1 
5.5 1 1 6 1 1 6.5 1 1 
7 1 1 7.5 1 1 8 1 1 
0 1.5 1 0.5 1.5 1 1 1.5 1 
1.5 1.5 1 2 1.5 1 2.5 1.5 1 
3 1.5 1 3.5 1.5 1 4 1.5 1 
4.5 1.5 1 5 1.5 1 5.5 1.5 1 
6 1.5 1 6.5 1.5 1 7 1.5 1 
7.5 1.5 1 8 1.5 1 0 2 1 
0.5 2 1 1 2 1 1.5 2 1 
2 2 1 2.5 2 1 3 2 1 
3.5 2 1 4 2 1 4.5 2 1 
5 2 1 5.5 2 1 6 2 1 
6.5 2 1 7 2 1 7.5 2 1 
8 2 1 0 2.5 1 0.5 2.5 1 
1 2.5 1 1.5 2.5 1 2 2.5 1 
2.5 2.5 1 3 2.5 1 3.5 2.5 1 
4 2.5 1 4.5 2.5 1 5 2.5 1 
5.5 2.5 1 6 2.5 1 6.5 2.5 1 
7 2.5 1 7.5 2.5 1 8 2.5 1 
0 3 1 0.5 3 1 1 3 1 
1.5 3 1 2 3 1 2.5 3 1 
3 3 1 3.5 3 1 4 3 1 
4.5 3 1 5 3 1 5.5 3 1 
6 3 1 6.5 3 1 7 3 1 
7.5 3 1 8 3 1 0 3.5 1 
0.5 3.5 1 1 3.5 1 1.5 3.5 1 
2 3.5 1 2.5 3.5 1 3 3.5 1 
3.5 3.5 1 4 3.5 1 4.5 3.5 1 
5 3.5 1 5.5 3.5 1 6 3.5 1 
6.5 3.5 1 7 3.5 1 7.5 3.5 1 
8 3.5 1 0 4 1 0.5 4 1 
1 4 1 1.5 4 1 2 4 1 
2.5 4 1 3 4 1 3.5 4 1 
4 4 1 4.5 4 1 5 4 1 
5.5 4 1 6 4 1 6.5 4 1 
7 4 1 7.5 4 1 8 4 1 
0 0 1.5 0.5 0 1.5 1 0 1.5 
1.5 0 1.5 2 0 1.5 2.5 0 1.5 
3 0 1.5 3.5 0 1.5 4 0 1.5 
4.5 0 1.5 5 0 1.5 5.5 0 1.5 
6 0 1.5 6.5 0 1.5 7 0 1.5 
7.5 0 1.5 8 0 1.5 0 0.5 1.5 
0.5 0.5 1.5 1 0.5 1.5 1.5 0.5 1.5 
2 0.5 1.5 2.5 0.5 1.5 3 0.5 1.5 
3.5 0.5 1.5 4 0.5 1.5 4.5 0.5 1.5 
5 0.5 1.5 5.5 0.5 1.5 6 0.5 1.5 
6.5 0.5 1.5 7 0.5 1.5 7.5 0.5 1.5 
8 0.5 1.5 0 1 1.5 0.5 1 1.5 
1 1 1.5 1.5 1 1.5 2 1 1.5 
2.5 1 1.5 3 1 1.5 3.5 1 1.5 
4 1 1.5 4.5 1 1.5 5 1 1.5 
5.5 1 1.5 6 1 1.5 6.5 1 1.5 
7 1 1.5 7.5 1 1.5 8 1 1.5 
0 1.5 1.5 0.5 1.5 1.5 1 1.5 1.5 
1.5 1.5 1.5 2 1.5 1.5 2.5 1.5 1.5 
3 1.5 1.5 3.5 1.5 1.5 4 1.5 1.5 
4.5 1.5 1.5 5 1.5 1.5 5.5 1.5 1.5 
6 1.5 1.5 6.5 1.5 1.5 7 1.5 1.5 
7.5 1.5 1.5 8 1.5 1.5 0 2 1.5 
0.5 2 1.5 1 2 1.5 1.5 2 1.5 
2 2 1.5 2.5 2 1.5 3 2 1.5 
3.5 2 1.5 4 2 1.5 4.5 2 1.5 
5 2 1.5 5.5 2 1.5 6 2 1.5 
6.5 2 1.5 7 2 1.5 7.5 2 1.5 
8 2 1.5 0 2.5 1.5 0.5 2.5 1.5 
1 2.5 1.5 1.5 2.5 1.5 2 2.5 1.5 
2.5 2.5 1.5 3 2.5 1.5 3.5 2.5 1.5 
4 2.5 1.5 4.5 2.5 1.5 5 2.5 1.5 
5.5 2.5 1.5 6 2.5 1.5 6.5 2.5 1.5 
7 2.5 1.5 7.5 2.5 1.5 8 2.5 1.5 
0 3 1.5 0.5 3 1.5 1 3 1.5 
1.5 3 1.5 2 3 1.5 2.5 3 1.5 
3 3 1.5 3.5 3 1.5 4 3 1.5 
4.5 3 1.5 5 3 1.5 5.5 3 1.5 
6 3 1.5 6.5 3 1.5 7 3 1.5 
7.5 3 1.5 8 3 1.5 0 3.5 1.5 
0.5 3.5 1.5 1 3.5 1.5 1.5 3.5 1.5 
2 3.5 1.5 2.5 3.5 1.5 3 3.5 1.5 
3.5 3.5 1.5 4 3.5 1.5 4.5 3.5 1.5 
5 3.5 1.5 5.5 3.5 1.5 6 3.5 1.5 
6.5 3.5 1.5 7 3.5 1.5 7.5 3.5 1.5 
8 3.5 1.5 0 4 1.5 0.5 4 1.5 
1 4 1.5 1.5 4 1.5 2 4 1.5 
2.5 4 1.5 3 4 1.5 3.5 4 1.5 
4 4 1.5 4.5 4 1.5 5 4 1.5 
5.5 4 1.5 6 4 1.5 6.5 4 1.5 
7 4 1.5 7.5 4 1.5 8 4 1.5 
0 0 2 0.5 0 2 1 0 2 
1.5 0 2 2 0 2 2.5 0 2 
3 0 2 3.5 0 2 4 0 2 
4.5 0 2 5 0 2 5.5 0 2 
6 0 2 6.5 0 2 7 0 2 
7.5 0 2 8 0 2 0 0.5 2 
0.5 0.5 2 1 0.5 2 1.5 0.5 2 
2 0.5 2 2.5 0.5 2 3 0.5 2 
3.5 0.5 2 4 0.5 2 4.5 0.5 2 
5 0.5 2 5.5 0.5 2 6 0.5 2 
6.5 0.5 2 7 0.5 2 7.5 0.5 2 
8 0.5 2 0 1 2 0.5 1 2 
1 1 2 1.5 1 2 2 1 2 
2.5 1 2 3 1 2 3.5 1 2 
4 1 2 4.5 1 2 5 1 2 
5.5 1 2 6 1 2 6.5 1 2 
7 1 2 7.5 1 2 8 1 2 
0 1.5 2 0.5 1.5 2 1 1.5 2 
1.5 1.5 2 2 1.5 2 2.5 1.5 2 
3 1.5 2 3.5 1.5 2 4 1.5 2 
4.5 1.5 2 5 1.5 2 5.5 1.5 2 
6 1.5 2 6.5 1.5 2 7 1.5 2 
7.5 1.5 2 8 1.5 2 0 2 2 
0.5 2 2 1 2 2 1.5 2 2 
2 2 2 2.5 2 2 3 2 2 
3.5 2 2 4 2 2 4.5 2 2 
5 2 2 5.5 2 2 6 2 2 
6.5 2 2 7 2 2 7.5 2 2 
8 2 2 0 2.5 2 0.5 2.5 2 
1 2.5 2 1.5 2.5 2 2 2.5 2 
2.5 2.5 2 3 2.5 2 3.5 2.5 2 
4 2.5 2 4.5 2.5 2 5 2.5 2 
5.5 2.5 2 6 2.5 2 6.5 2.5 2 
7 2.5 2 7.5 2.5 2 8 2.5 2 
0 3 2 0.5 3 2 1 3 2 
1.5 3 2 2 3 2 2.5 3 2 
3 3 2 3.5 3 2 4 3 2 
4.5 3 2 5 3 2 5.5 3 2 
6 3 2 6.5 3 2 7 3 2 
7.5 3 2 8 3 2 0 3.5 2 
0.5 3.5 2 1 3.5 2 1.5 3.5 2 
2 3.5 2 2.5 3.5 2 3 3.5 2 
3.5 3.5 2 4 3.5 2 4.5 3.5 2 
5 3.5 2 5.5 3.5 2 6 3.5 2 
6.5 3.5 2 7 3.5 2 7.5 3.5 2 
8 3.5 2 0 4 2 0.5 4 2 
1 4 2 1.5 4 2 2 4 2 
2.5 4 2 3 4 2 3.5 4 2 
4 4 2 4.5 4 2 5 4 2 
5.5 4 2 6 4 2 6.5 4 2 
7 4 2 7.5 4 2 8 4 2 
0 0 2.5 0.5 0 2.5 1 0 2.5 
1.5 0 2.5 2 0 2.5 2.5 0 2.5 
3 0 2.5 3.5 0 2.5 4 0 2.5 
4.5 0 2.5 5 0 2.5 5.5 0 2.5 
6 0 2.5 6.5 0 2.5 7 0 2.5 
7.5 0 2.5 8 0 2.5 0 0.5 2.5 
0.5 0.5 2.5 1 0.5 2.5 1.5 0.5 2.5 
2 0.5 2.5 2.5 0.5 2.5 3 0.5 2.5 
3.5 0.5 2.5 4 0.5 2.5 4.5 0.5 2.5 
5 0.5 2.5 5.5 0.5 2.5 6 0.5 2.5 
6.5 0.5 2.5 7 0.5 2.5 7.5 0.5 2.5 
8 0.5 2.5 0 1 2.5 0.5 1 2.5 
1 1 2.5 1.5 1 2.5 2 1 2.5 
2.5 1 2.5 3 1 2.5 3.5 1 2.5 
4 1 2.5 4.5 1 2.5 5 1 2.5 
5.5 1 2.5 6 1 2.5 6.5 1 2.5 
7 1 2.5 7.5 1 2.5 8 1 2.5 
0 1.5 2.5 0.5 1.5 2.5 1 1.5 2.5 
1.5 1.5 2.5 2 1.5 2.5 2.5 1.5 2.5 
3 1.5 2.5 3.5 1.5 2.5 4 1.5 2.5 
4.5 1.5 2.5 5 1.5 2.5 5.5 1.5 2.5 
6 1.5 2.5 6.5 1.5 2.5 7 1.5 2.5 
7.5 1.5 2.5 8 1.5 2.5 0 2 2.5 
0.5 2 2.5 1 2 2.5 1.5 2 2.5 
2 2 2.5 2.5 2 2.5 3 2 2.5 
3.5 2 2.5 4 2 2.5 4.5 2 2.5 
5 2 2.5 5.5 2 2.5 6 2 2.5 
6.5 2 2.5 7 2 2.5 7.5 2 2.5 
8 2 2.5 0 2.5 2.5 0.5 2.5 2.5 
1 2.5 2.5 1.5 2.5 2.5 2 2.5 2.5 
2.5 2.5 2.5 3 2.5 2.5 3.5 2.5 2.5 
4 2.5 2.5 4.5 2.5 2.5 5 2.5 2.5 
5.5 2.5 2.5 6 2.5 2.5 6.5 2.5 2.5 
7 2.5 2.5 7.5 2.5 2.5 8 2.5 2.5 
0 3 2.5 0.5 3 2.5 1 3 2.5 
1.5 3 2.5 2 3 2.5 2.5 3 2.5 
3 3 2.5 3.5 3 2.5 4 3 2.5 
4.5 3 2.5 5 3 2.5 5.5 3 2.5 
6 3 2.5 6.5 3 2.5 7 3 2.5 
7.5 3 2.5 8 3 2.5 0 3.5 2.5 
0.5 3.5 2.5 1 3.5 2.5 1.5 3.5 2.5 
2 3.5 2.5 2.5 3.5 2.5 3 3.5 2.5 
3.5 3.5 2.5 4 3.5 2.5 4.5 3.5 2.5 
5 3.5 2.5 5.5 3.5 2.5 6 3.5 2.5 
6.5 3.5 2.5 7 3.5 2.5 7.5 3.5 2.5 
8 3.5 2.5 0 4 2.5 0.5 4 2.5 
1 4 2.5 1.5 4 2.5 2 4 2.5 
2.5 4 2.5 3 4 2.5 3.5 4 2.5 
4 4 2.5 4.5 4 2.5 5 4 2.5 
5.5 4 2.5 6 4 2.5 6.5 4 2.5 
7 4 2.5 7.5 4 2.5 8 4 2.5 
0 0 3 0.5 0 3 1 0 3 
1.5 0 3 2 0 3 2.5 0 3 
3 0 3 3.5 0 3 4 0 3 
4.5 0 3 5 0 3 5.5 0 3 
6 0 3 6.5 0 3 7 0 3 
7.5 0 3 8 0 3 0 0.5 3 
0.5 0.5 3 1 0.5 3 1.5 0.5 3 
2 0.5 3 2.5 0.5 3 3 0.5 3 
3.5 0.5 3 4 0.5 3 4.5 0.5 3 
5 0.5 3 5.5 0.5 3 6 0.5 3 
6.5 0.5 3 7 0.5 3 7.5 0.5 3 
8 0.5 3 0 1 3 0.5 1 3 
1 1 3 1.5 1 3 2 1 3 
2.5 1 3 3 1 3 3.5 1 3 
4 1 3 4.5 1 3 5 1 3 
5.5 1 3 6 1 3 6.5 1 3 
7 1 3 7.5 1 3 8 1 3 
0 1.5 3 0.5 1.5 3 1 1.5 3 
1.5 1.5 3 2 1.5 3 2.5 1.5 3 
3 1.5 3 3.5 1.5 3 4 1.5 3 
4.5 1.5 3 5 1.5 3 5.5 1.5 3 
6 1.5 3 6.5 1.5 3 7 1.5 3 
7.5 1.5 3 8 1.5 3 0 2 3 
0.5 2 3 1 2 3 1.5 2 3 
2 2 3 2.5 2 3 3 2 3 
3.5 2 3 4 2 3 4.5 2 3 
5 2 3 5.5 2 3 6 2 3 
6.5 2 3 7 2 3 7.5 2 3 
8 2 3 0 2.5 3 0.5 2.5 3 
1 2.5 3 1.5 2.5 3 2 2.5 3 
2.5 2.5 3 3 2.5 3 3.5 2.5 3 
4 2.5 3 4.5 2.5 3 5 2.5 3 
5.5 2.5 3 6 2.5 3 6.5 2.5 3 
7 2.5 3 7.5 2.5 3 8 2.5 3 
0 3 3 0.5 3 3 1 3 3 
1.5 3 3 2 3 3 2.5 3 3 
3 3 3 3.5 3 3 4 3 3 
4.5 3 3 5 3 3 5.5 3 3 
6 3 3 6.5 3 3 7 3 3 
7.5 3 3 8 3 3 0 3.5 3 
0.5 3.5 3 1 3.5 3 1.5 3.5 3 
2 3.5 3 2.5 3.5 3 3 3.5 3 
3.5 3.5 3 4 3.5 3 4.5 3.5 3 
5 3.5 3 5.5 3.5 3 6 3.5 3 
6.5 3.5 3 7 3.5 3 7.5 3.5 3 
8 3.5 3 0 4 3 0.5 4 3 
1 4 3 1.5 4 3 2 4 3 
2.5 4 3 3 4 3 3.5 4 3 
4 4 3 4.5 4 3 5 4 3 
5.5 4 3 6 4 3 6.5 4 3 
7 4 3 7.5 4 3 8 4 3 
0 0 3.5 0.5 0 3.5 1 0 3.5 
1.5 0 3.5 2 0 3.5 2.5 0 3.5 
3 0 3.5 3.5 0 3.5 4 0 3.5 
4.5 0 3.5 5 0 3.5 5.5 0 3.5 
6 0 3.5 6.5 0 3.5 7 0 3.5 
7.5 0 3.5 8 0 3.5 0 0.5 3.5 
0.5 0.5 3.5 1 0.5 3.5 1.5 0.5 3.5 
2 0.5 3.5 2.5 0.5 3.5 3 0.5 3.5 
3.5 0.5 3.5 4 0.5 3.5 4.5 0.5 3.5 
5 0.5 3.5 5.5 0.5 3.5 6 0.5 3.5 
6.5 0.5 3.5 7 0.5 3.5 7.5 0.5 3.5 
8 0.5 3.5 0 1 3.5 0.5 1 3.5 
1 1 3.5 1.5 1 3.5 2 1 3.5 
2.5 1 3.5 3 1 3.5 3.5 1 3.5 
4 1 3.5 4.5 1 3.5 5 1 3.5 
5.5 1 3.5 6 1 3.5 6.5 1 3.5 
7 1 3.5 7.5 1 3.5 8 1 3.5 
0 1.5 3.5 0.5 1.5 3.5 1 1.5 3.5 
1.5 1.5 3.5 2 1.5 3.5 2.5 1.5 3.5 
3 1.5 3.5 3.5 1.5 3.5 4 1.5 3.5 
4.5 1.5 3.5 5 1.5 3.5 5.5 1.5 3.5 
6 1.5 3.5 6.5 1.5 3.5 7 1.5 3.5 
7.5 1.5 3.5 8 1.5 3.5 0 2 3.5 
0.5 2 3.5 1 2 3.5 1.5 2 3.5 
2 2 3.5 2.5 2 3.5 3 2 3.5 
3.5 2 3.5 4 2 3.5 4.5 2 3.5 
5 2 3.5 5.5 2 3.5 6 2 3.5 
6.5 2 3.5 7 2 3.5 7.5 2 3.5 
8 2 3.5 0 2.5 3.5 0.5 2.5 3.5 
1 2.5 3.5 1.5 2.5 3.5 2 2.5 3.5 
2.5 2.5 3.5 3 2.5 3.5 3.5 2.5 3.5 
4 2.5 3.5 4.5 2.5 3.5 5 2.5 3.5 
5.5 2.5 3.5 6 2.5 3.5 6.5 2.5 3.5 
7 2.5 3.5 7.5 2.5 3.5 8 2.5 3.5 
0 3 3.5 0.5 3 3.5 1 3 3.5 
1.5 3 3.5 2 3 3.5 2.5 3 3.5 
3 3 3.5 3.5 3 3.5 4 3 3.5 
4.5 3 3.5 5 3 3.5 5.5 3 3.5 
6 3 3.5 6.5 3 3.5 7 3 3.5 
7.5 3 3.5 8 3 3.5 0 3.5 3.5 
0.5 3.5 3.5 1 3.5 3.5 1.5 3.5 3.5 
2 3.5 3.5 2.5 3.5 3.5 3 3.5 3.5 
3.5 3.5 3.5 4 3.5 3.5 4.5 3.5 3.5 
5 3.5 3.5 5.5 3.5 3.5 6 3.5 3.5 
6.5 3.5 3.5 7 3.5 3.5 7.5 3.5 3.5 
8 3.5 3.5 0 4 3.5 0.5 4 3.5 
1 4 3.5 1.5 4 3.5 2 4 3.5 
2.5 4 3.5 3 4 3.5 3.5 4 3.5 
4 4 3.5 4.5 4 3.5 5 4 3.5 
5.5 4 3.5 6 4 3.5 6.5 4 3.5 
7 4 3.5 7.5 4 3.5 8 4 3.5 
0 0 4 0.5 0 4 1 0 4 
1.5 0 4 2 0 4 2.5 0 4 
3 0 4 3.5 0 4 4 0 4 
4.5 0 4 5 0 4 5.5 0 4 
6 0 4 6.5 0 4 7 0 4 
7.5 0 4 8 0 4 0 0.5 4 
0.5 0.5 4 1 0.5 4 1.5 0.5 4 
2 0.5 4 2.5 0.5 4 3 0.5 4 
3.5 0.5 4 4 0.5 4 4.5 0.5 4 
5 0.5 4 5.5 0.5 4 6 0.5 4 
6.5 0.5 4 7 0.5 4 7.5 0.5 4 
8 0.5 4 0 1 4 0.5 1 4 
1 1 4 1.5 1 4 2 1 4 
2.5 1 4 3 1 4 3.5 1 4 
4 1 4 4.5 1 4 5 1 4 
5.5 1 4 6 1 4 6.5 1 4 
7 1 4 7.5 1 4 8 1 4 
0 1.5 4 0.5 1.5 4 1 1.5 4 
1.5 1.5 4 2 1.5 4 2.5 1.5 4 
3 1.5 4 3.5 1.5 4 4 1.5 4 
4.5 1.5 4 5 1.5 4 5.5 1.5 4 
6 1.5 4 6.5 1.5 4 7 1.5 4 
7.5 1.5 4 8 1.5 4 0 2 4 
0.5 2 4 1 2 4 1.5 2 4 
2 2 4 2.5 2 4 3 2 4 
3.5 2 4 4 2 4 4.5 2 4 
5 2 4 5.5 2 4 6 2 4 
6.5 2 4 7 2 4 7.5 2 4 
8 2 4 0 2.5 4 0.5 2.5 4 
1 2.5 4 1.5 2.5 4 2 2.5 4 
2.5 2.5 4 3 2.5 4 3.5 2.5 4 
4 2.5 4 4.5 2.5 4 5 2.5 4 
5.5 2.5 4 6 2.5 4 6.5 2.5 4 
7 2.5 4 7.5 2.5 4 8 2.5 4 
0 3 4 0.5 3 4 1 3 4 
1.5 3 4 2 3 4 2.5 3 4 
3 3 4 3.5 3 4 4 3 4 
4.5 3 4 5 3 4 5.5 3 4 
6 3 4 6.5 3 4 7 3 4 
7.5 3 4 8 3 4 0 3.5 4 
0.5 3.5 4 1 3.5 4 1.5 3.5 4 
2 3.5 4 2.5 3.5 4 3 3.5 4 
3.5 3.5 4 4 3.5 4 4.5 3.5 4 
5 3.5 4 5.5 3.5 4 6 3.5 4 
6.5 3.5 4 7 3.5 4 7.5 3.5 4 
8 3.5 4 0 4 4 0.5 4 4 
1 4 4 1.5 4 4 2 4 4 
2.5 4 4 3 4 4 3.5 4 4 
4 4 4 4.5 4 4 5 4 4 
5.5 4 4 6 4 4 6.5 4 4 
7 4 4 7.5 4 4 8 4 4 

CELLS 1024 9216
8 0 1 18 17 153 154 171 170 
8 1 2 19 18 154 155 172 171 
8 2 3 20 19 155 156 173 172 
8 3 4 21 20 156 157 174 173 
8 4 5 22 21 157 158 175 174 
8 5 6 23 22 158 159 176 175 
8 6 7 24 23 159 160 177 176 
8 7 8 25 24 160 161 178 177 
8 8 9 26 25 161 162 179 178 
8 9 10 27 26 162 163 180 179 
8 10 11 28 27 163 164 181 180 
8 11 12 29 28 164 165 182 181 
8 12 13 30 29 165 166 183 182 
8 13 14 31 30 166 167 184 183 
8 14 15 32 31 167 168 185 184 
8 15 16 33 32 168 169 186 185 
8 17 18 35 34 170 171 188 187 
8 18 19 36 35 171 172 189 188 
8 19 20 37 36 172 173 190 189 
8 20 21 38 37 173 174 191 190 
8 21 22 39 38 174 175 192 191 
8 22 23 40 39 175 176 193 192 
8 23 24 41 40 176 177 194 193 
8 24 25 42 41 177 178 195 194 
8 25 26 43 42 178 179 196 195 
8 26 27 44 43 179 180 197 196 
8 27 28 45 44 180 181 198 197 
8 28 29 46 45 181 182 199 198 
8 29 30 47 46 182 183 200 199 
8 30 31 48 47 183 184 201 200 
8 31 32 49 48 184 185 202 201 
8 32 33 50 49 185 186 203 202 
8 34 35 52 51 187 188 205 204 
8 35 36 53 52 188 189 206 205 
8 36 37 54 53 189 190 207 206 
8 37 38 55 54 190 191 208 207 
8 38 39 56 55 191 192 209 208 
8 39 40 57 56 192 193 210 209 
8 40 41 58 57 193 194 211 210 
8 41 42 59 58 194 195 212 211 
8 42 43 60 59 195 196 213 212 
8 43 44 61 60 196 197 214 213 
8 44 45 62 61 197 198 215 214 
8 45 46 63 62 198 199 216 215 
8 46 47 64 63 199 200 217 216 
8 47 48 65 64 200 201 218 217 
8 48 49 66 65 201 202 219 218 
8 49 50 67 66 202 203 220 219 
8 51 52 69 68 204 205 222 221 
8 52 53 70 69 205 206 223 222 
8 53 54 71 70 206 207 224 223 
8 54 55 72 71 207 208 225 224 
8 55 56 73 72 208 209 226 225 
8 56 57 74 73 209 210 227 226 
8 57 58 75 74 210 211 228 227 
8 58 59 76 75 211 212 229 228 
8 59 60 77 76 212 213 230 229 
8 60 61 78 77 213 214 231 230 
8 61 62 79 78 214 215 232 231 
8 62 63 80 79 215 216 233 232 
8 63 64 81 80 216 217 234 233 
8 64 65 82 81 217 218 235 234 
8 65 66 83 82 218 219 236 235 
8 66 67 84 83 219 220 237 236 
8 68 69 86 85 221 222 239 238 
8 69 70 87 86 222 223 240 239 
8 70 71 88 87 223 224 241 240 
8 71 72 89 88 224 225 242 241 
8 72 73 90 89 225 226 243 242 
8 73 74 91 90 226 227 244 243 
8 74 75 92 91 227 228 245 244 
8 75 76 93 92 228 229 246 245 
8 76 77 94 93 229 230 247 246 
8 77 78 95 94 230 231 248 247 
8 78 79 96 95 231 232 249 248 
8 79 80 97 96 232 233 250 249 
8 80 81 98 97 233 234 251 250 
8 81 82 99 98 234 235 252 251 
8 82 83 100 99 235 236 253 252 
8 83 84 101 100 236 237 254 253 
8 85 86 103 102 238 239 256 255 
8 86 87 104 103 239 240 257 256 
8 87 88 105 104 240 241 258 257 
8 88 89 106 105 241 242 259 258 
8 89 90 107 106 242 243 260 259 
8 90 91 108 107 243 244 261 260 
8 91 92 109 108 244 245 262 261 
8 92 93 110 109 245 246 263 262 
8 93 94 111 110 246 247 264 263 
8 94 95 112 111 247 248 265 264 
8 95 96 113 112 248 249 266 265 
8 96 97 114 113 249 250 267 266 
8 97 98 115 114 250 251 268 267 
8 98 99 116 115 251 252 269 268 
8 99 100 117 116 252 253 270 269 
8 100 101 118 117 253 254 271 270 
8 102 103 120 119 255 256 273 272 
8 103 104 121 120 256 257 274 273 
8 104 105 122 121 257 258 275 274 
8 105 106 123 122 258 259 276 275 
8 106 107 124 123 259 260 277 276 
8 107 108 125 124 260 261 278 277 
8 108 109 126 125 261 262 279 278 
8 109 110 127 126 262 263 280 279 
8 110 111 128 127 263 264 281 280 
8 111 112 129 128 264 265 282 281 
8 112 113 130 129 265 266 283 282 
8 113 114 131 130 266 267 284 283 
8 114 115 132 131 267 268 285 284 
8 115 116 133 132 268 269 286 285 
8 116 117 134 133 269 270 287 286 
8 117 118 135 134 270 271 288 287 
8 119 120 137 136 272 273 290 289 
8 120 121 138 137 273 274 291 290 
8 121 122 139 138 274 275 292 291 
8 122 123 140 139 275 276 293 292 
8 123 124 141 140 276 277 294 293 
8 124 125 142 141 277 278 295 294 
8 125 126 143 142 278 279 296 295 
8 126 127 144 143 279 280 297 296 
8 127 128 145 144 280 281 298 297 
8 128 129 146 145 281 282 299 298 
8 129 130 147 146 282 283 300 299 
8 130 131 148 147 283 284 301 300 
8 131 132 149 148 284 285 302 301 
8 132 133 150 149 285 286 303 302 
8 133 134 151 150 286 287 304 303 
8 134 135 152 151 287 288 305 304 
8 153 154 171 170 306 307 324 323 
8 154 155 172 171 307 308 325 324 
8 155 156 173 172 308 309 326 325 
8 156 157 174 173 309 310 327 326 
8 157 158 175 174 310 311 328 327 
8 158 159 176 175 311 312 329 328 
8 159 160 177 176 312 313 330 329 
8 160 161 178 177 313 314 331 330 
8 161 162 179 178 314 315 332 331 
8 162 163 180 179 315 316 333 332 
8 163 164 181 180 316 317 334 333 
8 164 165 182 181 317 318 335 334 
8 165 166 183 182 318 319 336 335 
8 166 167 184 183 319 320 337 336 
8 167 168 185 184 320 321 338 337 
8 168 169 186 185 321 322 339 338 
8 170 171 188 187 323 324 341 340 
8 171 172 189 188 324 325 342 341 
8 172 173 190 189 325 326 343 342 
8 173 174 191 190 326 327 344 343 
8 174 175 192 191 327 328 345 344 
8 175 176 193 192 328 329 346 345 
8 176 177 194 193 329 330 347 346 
8 177 178 195 194 330 331 348 347 
8 178 179 196 195 331 332 349 348 
8 179 180 197 196 332 333 350 349 
8 180 181 198 197 333 334 351 350 
8 181 182 199 198 334 335 352 351 
8 182 183 200 199 335 336 353 352 
8 183 184 201 200 336 337 354 353 
8 184 185 202 201 337 338 355 354 
8 185 186 203 202 338 339 356 355 
8 187 188 205 204 340 341 358 357 
8 188 189 206 205 341 342 359 358 
8 189 190 207 206 342 343 360 359 
8 190 191 208 207 343 344 361 360 
8 191 192 209 208 344 345 362 361 
8 192 193 210 209 345 346 363 362 
8 193 194 211 210 346 347 364 363 
8 194 195 212 211 347 348 365 364 
8 195 196 213 212 348 349 366 365 
8 196 197 214 213 349 350 367 366 
8 197 198 215 214 350 351 368 367 
8 198 199 216 215 351 352 369 368 
8 199 200 217 216 352 353 370 369 
8 200 201 218 217 353 354 371 370 
8 201 202 219 218 354 355 372 371 
8 202 203 220 219 355 356 373 372 
8 204 205 222 221 357 358 375 374 
8 205 206 223 222 358 359 376 375 
8 206 207 224 223 359 360 377 376 
8 207 208 225 224 360 361 378 377 
8 208 209 226 225 361 362 379 378 
8 209 210 227 226 362 363 380 379 
8 210 211 228 227 363 364 381 380 
8 211 212 229 228 364 365 382 381 
8 212 213 230 229 365 366 383 382 
8 213 214 231 230 366 367 384 383 
8 214 215 232 231 367 368 385 384 
8 215 216 233 232 368 369 386 385 
8 216 217 234 233 369 370 387 386 
8 217 218 235 234 370 371 388 387 
8 218 219 236 235 371 372 389 388 
8 219 220 237 236 372 373 390 389 
8 221 222 239 238 374 375 392 391 
8 222 223 240 239 375 376 393 392 
8 223 224 241 240 376 377 394 393 
8 224 225 242 241 377 378 395 394 
8 225 226 243 242 378 379 396 395 
8 226 227 244 243 379 380 397 396 
8 227 228 245 244 380 381 398 397 
8 228 229 246 245 381 382 399 398 
8 229 230 247 246 382 383 400 399 
8 230 231 248 247 383 384 401 400 
8 231 232 249 248 384 385 402 401 
8 232 233 250 249 385 386 403 402 
8 233 234 251 250 386 387 404 403 
8 234 235 252 251 387 388 405 404 
8 235 236 253 252 388 389 406 405 
8 236 237 254 253 389 390 407 406 
8 238 239 256 255 391 392 409 408 
8 239 240 257 256 392 393 410 409 
8 240 241 258 257 393 394 411 410 
8 241 242 259 258 394 395 412 411 
8 242 243 260 259 395 396 413 412 
8 243 244 261 260 396 397 414 413 
8 244 245 262 261 397 398 415 414 
8 245 246 263 262 398 399 416 415 
8 246 247 264 263 399 400 417 416 
8 247 248 265 264 400 401 418 417 
8 248 249 266 265 401 402 419 418 
8 249 250 267 266 402 403 420 419 
8 250 251 268 267 403 404 421 420 
8 251 252 269 268 404 405 422 421 
8 252 253 270 269 405 406 423 422 
8 253 254 271 270 406 407 424 423 
8 255 256 273 272 408 409 426 425 
8 256 257 274 273 409 410 427 426 
8 257 258 275 274 410 411 428 427 
8 258 259 276 275 411 412 429 428 
8 259 260 277 276 412 413 430 429 
8 260 261 278 277 413 414 431 430 
8 261 262 279 278 414 415 432 431 
8 262 263 280 279 415 416 433 432 
8 263 264 281 280 416 417 434 433 
8 264 265 282 281 417 418 435 434 
8 265 266 283 282 418 419 436 435 
8 266 267 284 283 419 420 437 436 
8 267 268 285 284 420 421 438 437 
8 268 269 286 285 421 422 439 438 
8 269 270 287 286 422 423 440 439 
8 270 271 288 287 423 424 441 440 
8 272 273 290 289 425 426 443 442 
8 273 274 291 290 426 427 444 443 
8 274 275 292 291 427 428 445 444 
8 275 276 293 292 428 429 446 445 
8 276 277 294 293 429 430 447 446 
8 277 278 295 294 430 431 448 447 
8 278 279 296 295 431 432 449 448 
8 279 280 297 296 432 433 450 449 
8 280 281 298 297 433 434 451 450 
8 281 282 299 298 434 435 452 451 
8 282 283 300 299 435 436 453 452 
8 283 284 301 300 436 437 454 453 
8 284 285 302 301 437 438 455 454 
8 285 286 303 302 438 439 456 455 
8 286 287 304 303 439 440 457 456 
8 287 288 305 304 440 441 458 457 
8 306 307 324 323 459 460 477 476 
8 307 308 325 324 460 461 478 477 
8 308 309 326 325 461 462 479 478 
8 309 310 327 326 462 463 480 479 
8 310 311 328 327 463 464 481 480 
8 311 312 329 328 464 465 482 481 
8 312 313 330 329 465 466 483 482 
8 313 314 331 330 466 467 484 483 
8 314 315 332 331 467 468 485 484 
8 315 316 333 332 468 469 486 485 
8 316 317 334 333 469 470 487 486 
8 317 318 335 334 470 471 488 487 
8 318 319 336 335 471 472 489 488 
8 319 320 337 336 472 473 490 489 
8 320 321 338 337 473 474 491 490 
8 321 322 339 338 474 475 492 491 
8 323 324 341 340 476 477 494 493 
8 324 325 342 341 477 478 495 494 
8 325 326 343 342 478 479 496 495 
8 326 327 344 343 479 480 497 496 
8 327 328 345 344 480 481 498 497 
8 328 329 346 345 481 482 499 498 
8 329 330 347 346 482 483 500 499 
8 330 331 348 347 483 484 501 500 
8 331 332 349 348 484 485 502 501 
8 332 333 350 349 485 486 503 502 
8 333 334 351 350 486 487 504 503 
8 334 335 352 351 487 488 505 504 
8 335 336 353 352 488 489 506 505 
8 336 337 354 353 489 490 507 506 
8 337 338 355 354 490 491 508 507 
8 338 339 356 355 491 492 509 508 
8 340 341 358 357 493 494 511 510 
8 341 342 359 358 494 495 512 511 
8 342 343 360 359 495 496 513 512 
8 343 344 361 360 496 497 514 513 
8 344 345 362 361 497 498 515 514 
8 345 346 363 362 498 499 516 515 
8 346 347 364 363 499 500 517 516 
8 347 348 365 364 500 501 518 517 
8 348 349 366 365 501 502 519 518 
8 349 350 367 366 502 503 520 519 
8 350 351 368 367 503 504 521 520 
8 351 352 369 368 504 505 522 521 
8 352 353 370 369 505 506 523 522 
8 353 354 371 370 506 507 524 523 
8 354 355 372 371 507 508 525 524 
8 355 356 373 372 508 509 526 525 
8 357 358 375 374 510 511 528 527 
8 358 359 376 375 511 512 529 528 
8 359 360 377 376 512 513 530 529 
8 360 361 378 377 513 514 531 530 
8 361 362 379 378 514 515 532 531 
8 362 363 380 379 515 516 533 532 
8 363 364 381 380 516 517 534 533 
8 364 365 382 381 517 518 535 534 
8 365 366 383 382 518 519 536 535 
8 366 367 384 383 519 520 537 536 
8 367 368 385 384 520 521 538 537 
8 368 369 386 385 521 522 539 538 
8 369 370 387 386 522 523 540 539 
8 370 371 388 387 523 524 541 540 
8 371 372 389 388 524 525 542 541 
8 372 373 390 389 525 526 543 542 
8 374 375 392 391 527 528 545 544 
8 375 376 393 392 528 529 546 545 
8 376 377 394 393 529 530 547 546 
8 377 378 395 394 530 531 548 547 
8 378 379 396 395 531 532 549 548 
8 379 380 397 396 532 533 550 549 
8 380 381 398 397 533 534 551 550 
8 381 382 399 398 534 535 552 551 
8 382 383 400 399 535 536 553 552 
8 383 384 401 400 536 537 554 553 
8 384 385 402 401 537 538 555 554 
8 385 386 403 402 538 539 556 555 
8 386 387 404 403 539 540 557 556 
8 387 388 405 404 540 541 558 557 
8 388 389 406 405 541 542 559 558 
8 389 390 407 406 542 543 560 559 
8 391 392 409 408 544 545 562 561 
8 392 393 410 409 545 546 563 562 
8 393 394 411 410 546 547 564 563 
8 394 395 412 411 547 548 565 564 
8 395 396 413 412 548 549 566 565 
8 396 397 414 413 549 550 567 566 
8 397 398 415 414 550 551 568 567 
8 398 399 416 415 551 552 569 568 
8 399 400 417 416 552 553 570 569 
8 400 401 418 417 553 554 571 570 
8 401 402 419 418 554 555 572 571 
8 402 403 420 419 555 556 573 572 
8 403 404 421 420 556 557 574 573 
8 404 405 422 421 557 558 575 574 
8 405 406 423 422 558 559 576 575 
8 406 407 424 423 559 560 577 576 
8 408 409 426 425 561 562 579 578 
8 409 410 427 426 562 563 580 579 
8 410 411 428 427 563 564 581 580 
8 411 412 429 428 564 565 582 581 
8 412 413 430 429 565 566 583 582 
8 413 414 431 430 566 567 584 583 
8 414 415 432 431 567 568 585 584 
8 415 416 433 432 568 569 586 585 
8 416 417 434 433 569 570 587 586 
8 417 418 435 434 570 571 588 587 
8 418 419 436 435 571 572 589 588 
8 419 420 437 436 572 573 590 589 
8 420 421 438 437 573 574 591 590 
8 421 422 439 438 574 575 592 591 
8 422 423 440 439 575 576 593 592 
8 423 424 441 440 576 577 594 593 
8 425 426 443 442 578 579 596 595 
8 426 427 444 443 579 580 597 596 
8 427 428 445 444 580 581 598 597 
8 428 429 446 445 581 582 599 598 
8 429 430 447 446 582 583 600 599 
8 430 431 448 447 583 584 601 600 
8 431 432 449 448 584 585 602 601 
8 432 433 450 449 585 586 603 602 
8 433 434 451 450 586 587 604 603 
8 434 435 452 451 587 588 605 604 
8 435 436 453 452 588 589 606 605 
8 436 437 454 453 589 590 607 606 
8 437 438 455 454 590 591 608 607 
8 438 439 456 455 591 592 609 608 
8 439 440 457 456 592 593 610 609 
8 440 441 458 457 593 594 611 610 
8 459 460 477 476 612 613 630 629 
8 460 461 478 477 613 614 631 630 
8 461 462 479 478 614 615 632 631 
8 462 463 480 479 615 616 633 632 
8 463 464 481 480 616 617 634 633 
8 464 465 482 481 617 618 635 634 
8 465 466 483 482 618 619 636 635 
8 466 467 484 483 619 620 637 636 
8 467 468 485 484 620 621 638 637 
8 468 469 486 485 621 622 639 638 
8 469 470 487 486 622 623 640 639 
8 470 471 488 487 623 624 641 640 
8 471 472 489 488 624 625 642 641 
8 472 473 490 489 625 626 643 642 
8 473 474 491 490 626 627 644 643 
8 474 475 492 491 627 628 645 644 
8 476 477 494 493 629 630 647 646 
8 477 478 495 494 630 631 648 647 
8 478 479 496 495 631 632 649 648 
8 479 480 497 496 632 633 650 649 
8 480 481 498 497 633 634 651 650 
8 481 482 499 498 634 635 652 651 
8 482 483 500 499 635 636 653 652 
8 483 484 501 500 636 637 654 653 
8 484 485 502 501 637 638 655 654 
8 485 486 503 502 638 639 656 655 
8 486 487 504 503 639 640 657 656 
8 487 488 505 504 640 641 658 657 
8 488 489 506 505 641 642 659 658 
8 489 490 507 506 642 643 660 659 
8 490 491 508 507 643 644 661 660 
8 491 492 509 508 644 645 662 661 
8 493 494 511 510 646 647 664 663 
8 494 495 512 511 647 648 665 664 
8 495 496 513 512 648 649 666 665 
8 496 497 514 513 649 650 667 666 
8 497 498 515 514 650 651 668 667 
8 498 499 516 515 651 652 669 668 
8 499 500 517 516 652 653 670 669 
8 500 501 518 517 653 654 671 670 
8 501 502 519 518 654 655 672 671 
8 502 503 520 519 655 656 673 672 
8 503 504 521 520 656 657 674 673 
8 504 505 522 521 657 658 675 674 
8 505 506 523 522 658 659 676 675 
8 506 507 524 523 659 660 677 676 
8 507 508 525 524 660 661 678 677 
8 508 509 526 525 661 662 679 678 
8 510 511 528 527 663 664 681 680 
8 511 512 529 528 664 665 682 681 
8 512 513 530 529 665 666 683 682 
8 513 514 531 530 666 667 684 683 
8 514 515 532 531 667 668 685 684 
8 515 516 533 532 668 669 686 685 
8 516 517 534 533 669 670 687 686 
8 517 518 535 534 670 671 688 687 
8 518 519 536 535 671 672 689 688 
8 519 520 537 536 672 673 690 689 
8 520 521 538 537 673 674 691 690 
8 521 522 539 538 674 675 692 691 
8 522 523 540 539 675 676 693 692 
8 523 524 541 540 676 677 694 693 
8 524 525 542 541 677 678 695 694 
8 525 526 543 542 678 679 696 695 
8 527 528 545 544 680 681 698 697 
8 528 529 546 545 681 682 699 698 
8 529 530 547 546 682 683 700 699 
8 530 531 548 547 683 684 701 700 
8 531 532 549 548 684 685 702 701 
8 532 533 550 549 685 686 703 702 
8 533 534 551 550 686 687 704 703 
8 534 535 552 551 687 688 705 704 
8 535 536 553 552 688 689 706 705 
8 536 537 554 553 689 690 707 706 
8 537 538 555 554 690 691 708 707 
8 538 539 556 555 691 692 709 708 
8 539 540 557 556 692 693 710 709 
8 540 541 558 557 693 694 711 710 
8 541 542 559 558 694 695 712 711 
8 542 543 560 559 695 696 713 712 
8 544 545 562 561 697 698 715 714 
8 545 546 563 562 698 699 716 715 
8 546 547 564 563 699 700 717 716 
8 547 548 565 564 700 701 718 717 
8 548 549 566 565 701 702 719 718 
8 549 550 567 566 702 703 720 719 
8 550 551 568 567 703 704 721 720 
8 551 552 569 568 704 705 722 721 
8 552 553 570 569 705 706 723 722 
8 553 554 571 570 706 707 724 723 
8 554 555 572 571 707 708 725 724 
8 555 556 573 572 708 709 726 725 
8 556 557 574 573 709 710 727 726 
8 557 558 575 574 710 711 728 727 
8 558 559 576 575 711 712 729 728 
8 559 560 577 576 712 713 730 729 
8 561 562 579 578 714 715 732 731 
8 562 563 580 579 715 716 733 732 
8 563 564 581 580 716 717 734 733 
8 564 565 582 581 717 718 735 734 
8 565 566 583 582 718 719 736 735 
8 566 567 584 583 719 720 737 736 
8 567 568 585 584 720 721 738 737 
8 568 569 586 585 721 722 739 738 
8 569 570 587 586 722 723 740 739 
8 570 571 588 587 723 724 741 740 
8 571 572 589 588 724 725 742 741 
8 572 573 590 589 725 726 743 742 
8 573 574 591 590 726 727 744 743 
8 574 575 592 591 727 728 745 744 
8 575 576 593 592 728 729 746 745 
8 576 577 594 593 729 730 747 746 
8 578 579 596 595 731 732 749 748 
8 579 580 597 596 732 733 750 749 
8 580 581 598 597 733 734 751 750 
8 581 582 599 598 734 735 752 751 
8 582 583 600 599 735 736 753 752 
8 583 584 601 600 736 737 754 753 
8 584 585 602 601 737 738 755 754 
8 585 586 603 602 738 739 756 755 
8 586 587 604 603 739 740 757 756 
8 587 588 605 604 740 741 758 757 
8 588 589 606 605 741 742 759 758 
8 589 590 607 606 742 743 760 759 
8 590 591 608 607 743 744 761 760 
8 591 592 609 608 744 745 762 761 
8 592 593 610 609 745 746 763 762 
8 593 594 611 610 746 747 764 763 
8 612 613 630 629 765 766 783 782 
8 613 614 631 630 766 767 784 783 
8 614 615 632 631 767 768 785 784 
8 615 616 633 632 768 769 786 785 
8 616 617 634 633 769 770 787 786 
8 617 618 635 634 770 771 788 787 
8 618 619 636 635 771 772 789 788 
8 619 620 637 636 772 773 790 789 
8 620 621 638 637 773 774 791 790 
8 621 622 639 638 774 775 792 791 
8 622 623 640 639 775 776 793 792 
8 623 624 641 640 776 777 794 793 
8 624 625 642 641 777 778 795 794 
8 625 626 643 642 778 779 796 795 
8 626 627 644 643 779 780 797 796 
8 627 628 645 644 780 781 798 797 
8 629 630 647 646 782 783 800 799 
8 630 631 648 647 783 784 801 800 
8 631 632 649 648 784 785 802 801 
8 632 633 650 649 785 786 803 802 
8 633 634 651 650 786 787 804 803 
8 634 635 652 651 787 788 805 804 
8 635 636 653 652 788 789 806 805 
8 636 637 654 653 789 790 807 806 
8 637 638 655 654 790 791 808 807 
8 638 639 656 655 791 792 809 808 
8 639 640 657 656 792 793 810 809 
8 640 641 658 657 793 794 811 810 
8 641 642 659 658 794 795 812 811 
8 642 643 660 659 795 796 813 812 
8 643 644 661 660 796 797 814 813 
8 644 645 662 661 797 798 815 814 
8 646 647 664 663 799 800 817 816 
8 647 648 665 664 800 801 818 817 
8 648 649 666 665 801 802 819 818 
8 649 650 667 666 802 803 820 819 
8 650 651 668 667 803 804 821 820 
8 651 652 669 668 804 805 822 821 
8 652 653 670 669 805 806 823 822 
8 653 654 671 670 806 807 824 823 
8 654 655 672 671 807 808 825 824 
8 655 656 673 672 808 809 826 825 
8 656 657 674 673 809 810 827 826 
8 657 658 675 674 810 811 828 827 
8 658 659 676 675 811 812 829 828 
8 659 660 677 676 812 813 830 829 
8 660 661 678 677 813 814 831 830 
8 661 662 679 678 814 815 832 831 
8 663 664 681 680 816 817 834 833 
8 664 665 682 681 817 818 835 834 
8 665 666 683 682 818 819 836 835 
8 666 667 684 683 819 820 837 836 
8 667 668 685 684 820 821 838 837 
8 668 669 686 685 821 822 839 838 
8 669 670 687 686 822 823 840 839 
8 670 671 688 687 823 824 841 840 
8 671 672 689 688 824 825 842 841 
8 672 673 690 689 825 826 843 842 
8 673 674 691 690 826 827 844 843 
8 674 675 692 691 827 828 845 844 
8 675 676 693 692 828 829 846 845 
8 676 677 694 693 829 830 847 846 
8 677 678 695 694 830 831 848 847 
8 678 679 696 695 831 832 849 848 
8 680 681 698 697 833 834 851 850 
8 681 682 699 698 834 835 852 851 
8 682 683 700 699 835 836 853 852 
8 683 684 701 700 836 837 854 853 
8 684 685 702 701 837 838 855 854 
8 685 686 703 702 838 839 856 855 
8 686 687 704 703 839 840 857 856 
8 687 688 705 704 840 841 858 857 
8 688 689 706 705 841 842 859 858 
8 689 690 707 706 842 843 860 859 
8 690 691 708 707 843 844 861 860 
8 691 692 709 708 844 845 862 861 
8 692 693 710 709 845 846 863 862 
8 693 694 711 710 846 847 864 863 
8 694 695 712 711 847 848 865 864 
8 695 696 713 712 848 849 866 865 
8 697 698 715 714 850 851 868 867 
8 698 699 716 715 851 852 869 868 
8 699 700 717 716 852 853 870 869 
8 700 701 718 717 853 854 871 870 
8 701 702 719 718 854 855 872 871 
8 702 703 720 719 855 856 873 872 
8 703 704 721 720 856 857 874 873 
8 704 705 722 721 857 858 875 874 
8 705 706 723 722 858 859 876 875 
8 706 707 724 723 859 860 877 876 
8 707 708 725 724 860 861 878 877 
8 708 709 726 725 861 862 879 878 
8 709 710 727 726 862 863 880 879 
8 710 711 728 727 863 864 881 880 
8 711 712 729 728 864 865 882 881 
8 712 713 730 729 865 866 883 882 
8 714 715 732 731 867 868 885 884 
8 715 716 733 732 868 869 886 885 
8 716 717 734 733 869 870 887 886 
8 717 718 735 734 870 871 888 887 
8 718 719 736 735 871 872 889 888 
8 719 720 737 736 872 873 890 889 
8 720 721 738 737 873 874 891 890 
8 721 722 739 738 874 875 892 891 
8 722 723 740 739 875 876 893 892 
8 723 724 741 740 876 877 894 893 
8 724 725 742 741 877 878 895 894 
8 725 726 743 742 878 879 896 895 
8 726 727 744 743 879 880 897 896 
8 727 728 745 744 880 881 898 897 
8 728 729 746 745 881 882 899 898 
8 729 730 747 746 882 883 900 899 
8 731 732 749 748 884 885 902 901 
8 732 733 750 749 885 886 903 902 
8 733 734 751 750 886 887 904 903 
8 734 735 752 751 887 888 905 904 
8 735 736 753 752 888 889 906 905 
8 736 737 754 753 889 890 907 906 
8 737 738 755 754 890 891 908 907 
8 738 739 756 755 891 892 909 908 
8 739 740 757 756 892 893 910 909 
8 740 741 758 757 893 894 911 910 
8 741 742 759 758 894 895 912 911 
8 742 743 760 759 895 896 913 912 
8 743 744 761 760 896 897 914 913 
8 744 745 762 761 897 898 915 914 
8 745 746 763 762 898 899 916 915 
8 746 747 764 763 899 900 917 916 
8 765 766 783 782 918 919 936 935 
8 766 767 784 783 919 920 937 936 
8 767 768 785 784 920 921 938 937 
8 768 769 786 785 921 922 939 938 
8 769 770 787 786 922 923 940 939 
8 770 771 788 787 923 924 941 940 
8 771 772 789 788 924 925 942 941 
8 772 773 790 789 925 926 943 942 
8 773 774 791 790 926 927 944 943 
8 774 775 792 791 927 928 945 944 
8 775 776 793 792 928 929 946 945 
8 776 777 794 793 929 930 947 946 
8 777 778 795 794 930 931 948 947 
8 778 779 796 795 931 932 949 948 
8 779 780 797 796 932 933 950 949 
8 780 781 798 797 933 934 951 950 
8 782 783 800 799 935 936 953 952 
8 783 784 801 800 936 937 954 953 
8 784 785 802 801 937 938 955 954 
8 785 786 803 802 938 939 956 955 
8 786 787 804 803 939 940 957 956 
8 787 788 805 804 940 941 958 957 
8 788 789 806 805 941 942 959 958 
8 789 790 807 806 942 943 960 959 
8 790 791 808 807 943 944 961 960 
8 791 792 809 808 944 945 962 961 
8 792 793 810 809 945 946 963 962 
8 793 794 811 810 946 947 964 963 
8 794 795 812 811 947 948 965 964 
8 795 796 813 812 948 949 966 965 
8 796 797 814 813 949 950 967 966 
8 797 798 815 814 950 951 968 967 
8 799 800 817 816 952 953 970 969 
8 800 801 818 817 953 954 971 970 
8 801 802 819 818 954 955 972 971 
8 802 803 820 819 955 956 973 972 
8 803 804 821 820 956 957 974 973 
8 804 805 822 821 957 958 975 974 
8 805 806 823 822 958 959 976 975 
8 806 807 824 823 959 960 977 976 
8 807 808 825 824 960 961 978 977 
8 808 809 826 825 961 962 979 978 
8 809 810 827 826 962 963 980 979 
8 810 811 828 827 963 964 981 980 
8 811 812 829 828 964 965 982 981 
8 812 813 830 829 965 966 983 982 
8 813 814 831 830 966 967 984 983 
8 814 815 832 831 967 968 985 984 
8 816 817 834 833 969 970 987 986 
8 817 818 835 834 970 971 988 987 
8 818 819 836 835 971 972 989 988 
8 819 820 837 836 972 973 990 989 
8 820 821 838 837 973 974 991 990 
8 821 822 839 838 974 975 992 991 
8 822 823 840 839 975 976 993 992 
8 823 824 841 840 976 977 994 993 
8 824 825 842 841 977 978 995 994 
8 825 826 843 842 978 979 996 995 
8 826 827 844 843 979 980 997 996 
8 827 828 845 844 980 981 998 997 
8 828 829 846 845 981 982 999 998 
8 829 830 847 846 982 983 1000 999 
8 830 831 848 847 983 984 1001 1000 
8 831 832 849 848 984 985 1002 1001 
8 833 834 851 850 986 987 1004 1003 
8 834 835 852 851 987 988 1005 1004 
8 835 836 853 852 988 989 1006 1005 
8 836 837 854 853 989 990 1007 1006 
8 837 838 855 854 990 991 1008 1007 
8 838 839 856 855 991 992 1009 1008 
8 839 840 857 856 992 993 1010 1009 
8 840 841 858 857 993 994 1011 1010 
8 841 842 859 858 994 995 1012 1011 
8 842 843 860 859 995 996 1013 1012 
8 843 844 861 860 996 997 1014 1013 
8 844 845 862 861 997 998 1015 1014 
8 845 846 863 862 998 999 1016 1015 
8 846 847 864 863 999 1000 1017 1016 
8 847 848 865 864 1000 1001 1018 1017 
8 848 849 866 865 1001 1002 1019 1018 
8 850 851 868 867 1003 1004 1021 1020 
8 851 852 869 868 1004 1005 1022 1021 
8 852 853 870 869 1005 1006 1023 1022 
8 853 854 871 870 1006 1007 1024 1023 
8 854 855 872 871 1007 1008 1025 1024 
8 855 856 873 872 1008 1009 1026 1025 
8 856 857 874 873 1009 1010 1027 1026 
8 857 858 875 874 1010 1011 1028 1027 
8 858 859 876 875 1011 1012 1029 1028 
8 859 860 877 876 1012 1013 1030 1029 
8 860 861 878 877 1013 1014 1031 1030 
8 861 862 879 878 1014 1015 1032 1031 
8 862 863 880 879 1015 1016 1033 1032 
8 863 864 881 880 1016 1017 1034 1033 
8 864 865 882 881 1017 1018 1035 1034 
8 865 866 883 882 1018 1019 1036 1035 
8 867 868 885 884 1020 1021 1038 1037 
8 868 869 886 885 1021 1022 1039 1038 
8 869 870 887 886 1022 1023 1040 1039 
8 870 871 888 887 1023 1024 1041 1040 
8 871 872 889 888 1024 1025 1042 1041 
8 872 873 890 889 1025 1026 1043 1042 
8 873 874 891 890 1026 1027 1044 1043 
8 874 875 892 891 1027 1028 1045 1044 
8 875 876 893 892 1028 1029 1046 1045 
8 876 877 894 893 1029 1030 1047 1046 
8 877 878 895 894 1030 1031 1048 1047 
8 878 879 896 895 1031 1032 1049 1048 
8 879 880 897 896 1032 1033 1050 1049 
8 880 881 898 897 1033 1034 1051 1050 
8 881 882 899 898 1034 1035 1052 1051 
8 882 883 900 899 1035 1036 1053 1052 
8 884 885 902 901 1037 1038 1055 1054 
8 885 886 903 902 1038 1039 1056 1055 
8 886 887 904 903 1039 1040 1057 1056 
8 887 888 905 904 1040 1041 1058 1057 
8 888 889 906 905 1041 1042 1059 1058 
8 889 890 907 906 1042 1043 1060 1059 
8 890 891 908 907 1043 1044 1061 1060 
8 891 892 909 908 1044 1045 1062 1061 
8 892 893 910 909 1045 1046 1063 1062 
8 893 894 911 910 1046 1047 1064 1063 
8 894 895 912 911 1047 1048 1065 1064 
8 895 896 913 912 1048 1049 1066 1065 
8 896 897 914 913 1049 1050 1067 1066 
8 897 898 915 914 1050 1051 1068 1067 
8 898 899 916 915 1051 1052 1069 1068 
8 899 900 917 916 1052 1053 1070 1069 
8 918 919 936 935 1071 1072 1089 1088 
8 919 920 937 936 1072 1073 1090 1089 
8 920 921 938 937 1073 1074 1091 1090 
8 921 922 939 938 1074 1075 1092 1091 
8 922 923 940 939 1075 1076 1093 1092 
8 923 924 941 940 1076 1077 1094 1093 
8 924 925 942 941 1077 1078 1095 1094 
8 925 926 943 942 1078 1079 1096 1095 
8 926 927 944 943 1079 1080 1097 1096 
8 927 928 945 944 1080 1081 1098 1097 
8 928 929 946 945 1081 1082 1099 1098 
8 929 930 947 946 1082 1083 1100 1099 
8 930 931 948 947 1083 1084 1101 1100 
8 931 932 949 948 1084 1085 1102 1101 
8 932 933 950 949 1085 1086 1103 1102 
8 933 934 951 950 1086 1087 1104 1103 
8 935 936 953 952 1088 1089 1106 1105 
8 936 937 954 953 1089 1090 1107 1106 
8 937 938 955 954 1090 1091 1108 1107 
8 938 939 956 955 1091 1092 1109 1108 
8 939 940 957 956 1092 1093 1110 1109 
8 940 941 958 957 1093 1094 1111 1110 
8 941 942 959 958 1094 1095 1112 1111 
8 942 943 960 959 1095 1096 1113 1112 
8 943 944 961 960 1096 1097 1114 1113 
8 944 945 962 961 1097 1098 1115 1114 
8 945 946 963 962 1098 1099 1116 1115 
8 946 947 964 963 1099 1100 1117 1116 
8 947 948 965 964 1100 1101 1118 1117 
8 948 949 966 965 1101 1102 1119 1118 
8 949 950 967 966 1102 1103 1120 1119 
8 950 951 968 967 1103 1104 1121 1120 
8 952 953 970 969 1105 1106 1123 1122 
8 953 954 971 970 1106 1107 1124 1123 
8 954 955 972 971 1107 1108 1125 1124 
8 955 956 973 972 1108 1109 1126 1125 
8 956 957 974 973 1109 1110 1127 1126 
8 957 958 975 974 1110 1111 1128 1127 
8 958 959 976 975 1111 1112 1129 1128 
8 959 960 977 976 1112 1113 1130 1129 
8 960 961 978 977 1113 1114 1131 1130 
8 961 962 979 978 1114 1115 1132 1131 
8 962 963 980 979 1115 1116 1133 1132 
8 963 964 981 980 1116 1117 1134 1133 
8 964 965 982 981 1117 1118 1135 1134 
8 965 966 983 982 1118 1119 1136 1135 
8 966 967 984 983 1119 1120 1137 1136 
8 967 968 985 984 1120 1121 1138 1137 
8 969 970 987 986 1122 1123 1140 1139 
8 970 971 988 987 1123 1124 1141 1140 
8 971 972 989 988 1124 1125 1142 1141 
8 972 973 990 989 1125 1126 1143 1142 
8 973 974 991 990 1126 1127 1144 1143 
8 974 975 992 991 1127 1128 1145 1144 
8 975 976 993 992 1128 1129 1146 1145 
8 976 977 994 993 1129 1130 1147 1146 
8 977 978 995 994 1130 1131 1148 1147 
8 978 979 996 995 1131 1132 1149 1148 
8 979 980 997 996 1132 1133 1150 1149 
8 980 981 998 997 1133 1134 1151 1150 
8 981 982 999 998 1134 1135 1152 1151 
8 982 983 1000 999 1135 1136 1153 1152 
8 983 984 1001 1000 1136 1137 1154 1153 
8 984 985 1002 1001 1137 1138 1155 1154 
8 986 987 1004 1003 1139 1140 1157 1156 
8 987 988 1005 1004 1140 1141 1158 1157 
8 988 989 1006 1005 1141 1142 1159 1158 
8 989 990 1007 1006 1142 1143 1160 1159 
8 990 991 1008 1007 1143 1144 1161 1160 
8 991 992 1009 1008 1144 1145 1162 1161 
8 992 993 1010 1009 1145 1146 1163 1162 
8 993 994 1011 1010 1146 1147 1164 1163 
8 994 995 1012 1011 1147 1148 1165 1164 
8 995 996 1013 1012 1148 1149 1166 1165 
8 996 997 1014 1013 1149 1150 1167 1166 
8 997 998 1015 1014 1150 1151 1168 1167 
8 998 999 1016 1015 1151 1152 1169 1168 
8 999 1000 1017 1016 1152 1153 1170 1169 
8 1000 1001 1018 1017 1153 1154 1171 1170 
8 1001 1002 1019 1018 1154 1155 1172 1171 
8 1003 1004 1021 1020 1156 1157 1174 1173 
8 1004 1005 1022 1021 1157 1158 1175 1174 
8 1005 1006 1023 1022 1158 1159 1176 1175 
8 1006 1007 1024 1023 1159 1160 1177 1176 
8 1007 1008 1025 1024 1160 1161 1178 1177 
8 1008 1009 1026 1025 1161 1162 1179 1178 
8 1009 1010 1027 1026 1162 1163 1180 1179 
8 1010 1011 1028 1027 1163 1164 1181 1180 
8 1011 1012 1029 1028 1164 1165 1182 1181 
8 1012 1013 1030 1029 1165 1166 1183 1182 
8 1013 1014 1031 1030 1166 1167 1184 1183 
8 1014 1015 1032 1031 1167 1168 1185 1184 
8 1015 1016 1033 1032 1168 1169 1186 1185 
8 1016 1017 1034 1033 1169 1170 1187 1186 
8 1017 1018 1035 1034 1170 1171 1188 1187 
8 1018 1019 1036 1035 1171 1172 1189 1188 
8 1020 1021 1038 1037 1173 1174 1191 1190 
8 1021 1022 1039 1038 1174 1175 1192 1191 
8 1022 1023 1040 1039 1175 1176 1193 1192 
8 1023 1024 1041 1040 1176 1177 1194 1193 
8 1024 1025 1042 1041 1177 1178 1195 1194 
8 1025 1026 1043 1042 1178 1179 1196 1195 
8 1026 1027 1044 1043 1179 1180 1197 1196 
8 1027 1028 1045 1044 1180 1181 1198 1197 
8 1028 1029 1046 1045 1181 1182 1199 1198 
8 1029 1030 1047 1046 1182 1183 1200 1199 
8 1030 1031 1048 1047 1183 1184 1201 1200 
8 1031 1032 1049 1048 1184 1185 1202 1201 
8 1032 1033 1050 1049 1185 1186 1203 1202 
8 1033 1034 1051 1050 1186 1187 1204 1203 
8 1034 1035 1052 1051 1187 1188 1205 1204 
8 1035 1036 1053 1052 1188 1189 1206 1205 
8 1037 1038 1055 1054 1190 1191 1208 1207 
8 1038 1039 1056 1055 1191 1192 1209 1208 
8 1039 1040 1057 1056 1192 1193 1210 1209 
8 1040 1041 1058 1057 1193 1194 1211 1210 
8 1041 1042 1059 1058 1194 1195 1212 1211 
8 1042 1043 1060 1059 1195 1196 1213 1212 
8 1043 1044 1061 1060 1196 1197 1214 1213 
8 1044 1045 1062 1061 1197 1198 1215 1214 
8 1045 1046 1063 1062 1198 1199 1216 1215 
8 1046 1047 1064 1063 1199 1200 1217 1216 
8 1047 1048 1065 1064 1200 1201 1218 1217 
8 1048 1049 1066 1065 1201 1202 1219 1218 
8 1049 1050 1067 1066 1202 1203 1220 1219 
8 1050 1051 1068 1067 1203 1204 1221 1220 
8 1051 1052 1069 1068 1204 1205 1222 1221 
8 1052 1053 1070 1069 1205 1206 1223 1222 
8 1071 1072 1089 1088 1224 1225 1242 1241 
8 1072 1073 1090 1089 1225 1226 1243 1242 
8 1073 1074 1091 1090 1226 1227 1244 1243 
8 1074 1075 1092 1091 1227 1228 1245 1244 
8 1075 1076 1093 1092 1228 1229 1246 1245 
8 1076 1077 1094 1093 1229 1230 1247 1246 
8 1077 1078 1095 1094 1230 1231 1248 1247 
8 1078 1079 1096 1095 1231 1232 1249 1248 
8 1079 1080 1097 1096 1232 1233 1250 1249 
8 1080 1081 1098 1097 1233 1234 1251 1250 
8 1081 1082 1099 1098 1234 1235 1252 1251 
8 1082 1083 1100 1099 1235 1236 1253 1252 
8 1083 1084 1101 1100 1236 1237 1254 1253 
8 1084 1085 1102 1101 1237 1238 1255 1254 
8 1085 1086 1103 1102 1238 1239 1256 1255 
8 1086 1087 1104 1103 1239 1240 1257 1256 
8 1088 1089 1106 1105 1241 1242 1259 1258 
8 1089 1090 1107 1106 1242 1243 1260 1259 
8 1090 1091 1108 1107 1243 1244 1261 1260 
8 1091 1092 1109 1108 1244 1245 1262 1261 
8 1092 1093 1110 1109 1245 1246 1263 1262 
8 1093 1094 1111 1110 1246 1247 1264 1263 
8 1094 1095 1112 1111 1247 1248 1265 1264 
8 1095 1096 1113 1112 1248 1249 1266 1265 
8 1096 1097 1114 1113 1249 1250 1267 1266 
8 1097 1098 1115 1114 1250 1251 1268 1267 
8 1098 1099 1116 1115 1251 1252 1269 1268 
8 1099 1100 1117 1116 1252 1253 1270 1269 
8 1100 1101 1118 1117 1253 1254 1271 1270 
8 1101 1102 1119 1118 1254 1255 1272 1271 
8 1102 1103 1120 1119 1255 1256 1273 1272 
8 1103 1104 1121 1120 1256 1257 1274 1273 
8 1105 1106 1123 1122 1258 1259 1276 1275 
8 1106 1107 1124 1123 1259 1260 1277 1276 
8 1107 1108 1125 1124 1260 1261 1278 1277 
8 1108 1109 1126 1125 1261 1262 1279 1278 
8 1109 1110 1127 1126 1262 1263 1280 1279 
8 1110 1111 1128 1127 1263 1264 1281 1280 
8 1111 1112 1129 1128 1264 1265 1282 1281 
8 1112 1113 1130 1129 1265 1266 1283 1282 
8 1113 1114 1131 1130 1266 1267 1284 1283 
8 1114 1115 1132 1131 1267 1268 1285 1284 
8 1115 1116 1133 1132 1268 1269 1286 1285 
8 1116 1117 1134 1133 1269 1270 1287 1286 
8 1117 1118 1135 1134 1270 1271 1288 1287 
8 1118 1119 1136 1135 1271 1272 1289 1288 
8 1119 1120 1137 1136 1272 1273 1290 1289 
8 1120 1121 1138 1137 1273 1274 1291 1290 
8 1122 1123 1140 1139 1275 1276 1293 1292 
8 1123 1124 1141 1140 1276 1277 1294 1293 
8 1124 1125 1142 1141 1277 1278 1295 1294 
8 1125 1126 1143 1142 1278 1279 1296 1295 
8 1126 1127 1144 1143 1279 1280 1297 1296 
8 1127 1128 1145 1144 1280 1281 1298 1297 
8 1128 1129 1146 1145 1281 1282 1299 1298 
8 1129 1130 1147 1146 1282 1283 1300 1299 
8 1130 1131 1148 1147 1283 1284 1301 1300 
8 1131 1132 1149 1148 1284 1285 1302 1301 
8 1132 1133 1150 1149 1285 1286 1303 1302 
8 1133 1134 1151 1150 1286 1287 1304 1303 
8 1134 1135 1152 1151 1287 1288 1305 1304 
8 1135 1136 1153 1152 1288 1289 1306 1305 
8 1136 1137 1154 1153 1289 1290 1307 1306 
8 1137 1138 1155 1154 1290 1291 1308 1307 
8 1139 1140 1157 1156 1292 1293 1310 1309 
8 1140 1141 1158 1157 1293 1294 1311 1310 
8 1141 1142 1159 1158 1294 1295 1312 1311 
8 1142 1143 1160 1159 1295 1296 1313 1312 
8 1143 1144 1161 1160 1296 1297 1314 1313 
8 1144 1145 1162 1161 1297 1298 1315 1314 
8 1145 1146 1163 1162 1298 1299 1316 1315 
8 1146 1147 1164 1163 1299 1300 1317 1316 
8 1147 1148 1165 1164 1300 1301 1318 1317 
8 1148 1149 1166 1165 1301 1302 1319 1318 
8 1149 1150 1167 1166 1302 1303 1320 1319 
8 1150 1151 1168 1167 1303 1304 1321 1320 
8 1151 1152 1169 1168 1304 1305 1322 1321 
8 1152 1153 1170 1169 1305 1306 1323 1322 
8 1153 1154 1171 1170 1306 1307 1324 1323 
8 1154 1155 1172 1171 1307 1308 1325 1324 
8 1156 1157 1174 1173 1309 1310 1327 1326 
8 1157 1158 1175 1174 1310 1311 1328 1327 
8 1158 1159 1176 1175 1311 1312 1329 1328 
8 1159 1160 1177 1176 1312 1313 1330 1329 
8 1160 1161 1178 1177 1313 1314 1331 1330 
8 1161 1162 1179 1178 1314 1315 1332 1331 
8 1162 1163 1180 1179 1315 1316 1333 1332 
8 1163 1164 1181 1180 1316 1317 1334 1333 
8 1164 1165 1182 1181 1317 1318 1335 1334 
8 1165 1166 1183 1182 1318 1319 1336 1335 
8 1166 1167 1184 1183 1319 1320 1337 1336 
8 1167 1168 1185 1184 1320 1321 1338 1337 
8 1168 1169 1186 1185 1321 1322 1339 1338 
8 1169 1170 1187 1186 1322 1323 1340 1339 
8 1170 1171 1188 1187 1323 1324 1341 1340 
8 1171 1172 1189 1188 1324 1325 1342 1341 
8 1173 1174 1191 1190 1326 1327 1344 1343 
8 1174 1175 1192 1191 1327 1328 1345 1344 
8 1175 1176 1193 1192 1328 1329 1346 1345 
8 1176 1177 1194 1193 1329 1330 1347 1346 
8 1177 1178 1195 1194 1330 1331 1348 1347 
8 1178 1179 1196 1195 1331 1332 1349 1348 
8 1179 1180 1197 1196 1332 1333 1350 1349 
8 1180 1181 1198 1197 1333 1334 1351 1350 
8 1181 1182 1199 1198 1334 1335 1352 1351 
8 1182 1183 1200 1199 1335 1336 1353 1352 
8 1183 1184 1201 1200 1336 1337 1354 1353 
8 1184 1185 1202 1201 1337 1338 1355 1354 
8 1185 1186 1203 1202 1338 1339 1356 1355 
8 1186 1187 1204 1203 1339 1340 1357 1356 
8 1187 1188 1205 1204 1340 1341 1358 1357 
8 1188 1189 1206 1205 1341 1342 1359 1358 
8 1190 1191 1208 1207 1343 1344 1361 1360 
8 1191 1192 1209 1208 1344 1345 1362 1361 
8 1192 1193 1210 1209 1345 1346 1363 1362 
8 1193 1194 1211 1210 1346 1347 1364 1363 
8 1194 1195 1212 1211 1347 1348 1365 1364 
8 1195 1196 1213 1212 1348 1349 1366 1365 
8 1196 1197 1214 1213 1349 1350 1367 1366 
8 1197 1198 1215 1214 1350 1351 1368 1367 
8 1198 1199 1216 1215 1351 1352 1369 1368 
8 1199 1200 1217 1216 1352 1353 1370 1369 
8 1200 1201 1218 1217 1353 1354 1371 1370 
8 1201 1202 1219 1218 1354 1355 1372 1371 
8 1202 1203 1220 1219 1355 1356 1373 1372 
8 1203 1204 1221 1220 1356 1357 1374 1373 
8 1204 1205 1222 1221 1357 1358 1375 1374 
8 1205 1206 1223 1222 1358 1359 1376 1375 

CELL_TYPES 1024
12
12
12
12
12
12
12
12
12
12
12
12
12
12
12
12
12
12
12
12
12
12
12
12
12
12
12
12
12
12
12
12
12
12
12
12
12
12
12
12
12
12
12
12
12
12
12
12
12
12
12
12
12
12
12
12
12
12
12
12
12
12
12
12
12
12
12
12
12
12
12
12
12
12
12
12
12
12
12
12
12
12
12
12
12
12
12
12
12
12
12
12
12
12
12
12
12
12
12
12
12
12
12
12
12
12
12
12
12
12
12
12
12
12
12
12
12
12
12
12
12
12
12
12
12
12
12
12
12
12
12
12
12
12
12
12
12
12
12
12
12
12
12
12
12
12
12
12
12
12
12
12
12
12
12
12
12
12
12
12
12
12
12
12
12
12
12
12
12
12
12
12
12
12
12
12
12
12
12
12
12
12
12
12
12
12
12
12
12
12
12
12
12
12
12
12
12
12
12
12
12
12
12
12
12
12
12
12
12
12
12
12
12
12
12
12
12
12
12
12
12
12
12
12
12
12
12
12
12
12
12
12
12
12
12
12
12
12
12
12
12
12
12
12
12
12
12
12
12
12
12
12
12
12
12
12
12
12
12
12
12
12
12
12
12
12
12
12
12
12
12
12
12
12
12
12
12
12
12
12
12
12
12
12
12
12
12
12
12
12
12
12
12
12
12
12
12
12
12
12
12
12
12
12
12
12
12
12
12
12
12
12
12
12
12
12
12
12
12
12
12
12
12
12
12
12
12
12
12
12
12
12
12
12
12
12
12
12
12
12
12
12
12
12
12
12
12
12
12
12
12
12
12
12
12
12
12
12
12
12
12
12
12
12
12
12
12
12
12
12
12
12
12
12
12
12
12
12
12
12
12
12
12
12
12
12
12
12
12
12
12
12
12
12
12
12
12
12
12
12
12
12
12
12
12
12
12
12
12
12
12
12
12
12
12
12
12
12
12
12
12
12
12
12
12
12
12
12
12
12
12
12
12
12
12
12
12
12
12
12
12
12
12
12
12
12
12
12
12
12
12
12
12
12
12
12
12
12
12
12
12
12
12
12
12
12
12
12
12
12
12
12
12
12
12
12
12
12
12
12
12
12
12
12
12
12
12
12
12
12
12
12
12
12
12
12
12
12
12
12
12
12
12
12
12
12
12
12
12
12
12
12
12
12
12
12
12
12
12
12
12
12
12
12
12
12
12
12
12
12
12
12
12
12
12
12
12
12
12
12
12
12
12
12
12
12
12
12
12
12
12
12
12
12
12
12
12
12
12
12
12
12
12
12
12
12
12
12
12
12
12
12
12
12
12
12
12
12
12
12
12
12
12
12
12
12
12
12
12
12
12
12
12
12
12
12
12
12
12
12
12
12
12
12
12
12
12
12
12
12
12
12
12
12
12
12
12
12
12
12
12
12
12
12
12
12
12
12
12
12
12
12
12
12
12
12
12
12
12
12
12
12
12
12
12
12
12
12
12
12
12
12
12
12
12
12
12
12
12
12
12
12
12
12
12
12
12
12
12
12
12
12
12
12
12
12
12
12
12
12
12
12
12
12
12
12
12
12
12
12
12
12
12
12
12
12
12
12
12
12
12
12
12
12
12
12
12
12
12
12
12
12
12
12
12
12
12
12
12
12
12
12
12
12
12
12
12
12
12
12
12
12
12
12
12
12
12
12
12
12
12
12
12
12
12
12
12
12
12
12
12
12
12
12
12
12
12
12
12
12
12
12
12
12
12
12
12
12
12
12
12
12
12
12
12
12
12
12
12
12
12
12
12
12
12
12
12
12
12
12
12
12
12
12
12
12
12
12
12
12
12
12
12
12
12
12
12
12
12
12
12
12
12
12
12
12
12
12
12
12
12
12
12
12
12
12
12
12
12
12
12
12
12
12
12
12
12
12
12
12
12
12
12
12
12
12
12
12
12
12
12
12
12
12
12
12
12
12
12
12
12
12
12
12
12
12
12
12
12
12
12
12
12
12
12
12
12
12
12
12
12
12
12
12
12
12
12
12
12
12
12
12
12
12
12
12
12
12
12
12
12
12
12
12
12
12
12
12
12
12
12
12
12
12
12
12
12
12
12
12
12
12
12
12
12
12
12
12
12
12
12
12
12
12
12
12
12
12
12
12
12
12
12
12
12
12
12
12
12
12
12
12
12
12
12
12
12
12
12
12
12
12
12
12
12
12
12
12
12
12
12
12
12
12
12
12
12
12
12
12
12
12
12
12
12
12
12
12
12
12
12
12
12
12
12
12
12
12
12
12
12
12
12
12
12
12
12
12
12
12
12
12
12
12
12
12
12
12
12
12
12
12
12
12

POINT_DATA 1377
VECTORS displacement float
0 0 0
0.0106909 0 0
0.0381813 0 0
0.0841836 0 0
0.140026 0 0
0.206037 0 0
0.275536 0 0
0.348848 0 0
0.422165 0 0
0.496316 0 0
0.569486 0 0
0.642535 0 0
0.714681 0 0
0.786555 0 0
0.857875 0 0
0.929028 0 0
1 0 0
0 0 0
0.0100296 -0.00986592 0
0.0391157 -0.0180899 0
0.0841023 -0.0242127 0
0.141185 -0.0285628 0
0.206471 -0.0311166 0
0.276684 -0.0326128 0
0.349406 -0.0331458 0
0.423057 -0.0333394 0
0.496767 -0.0331658 0
0.570071 -0.0329857 0
0.64283 -0.0327022 0
0.715015 -0.0325025 0
0.786714 -0.0322943 0
0.858024 -0.032177 0
0.929078 -0.0320803 0
1 -0.0320671 0
0 0 0
0.0110159 -0.0202858 0
0.0392153 -0.036827 0
0.086202 -0.0493993 0
0.142845 -0.0576476 0
0.20933 -0.0628999 0
0.278939 -0.0653464 0
0.352016 -0.0665576 0
0.424974 -0.0665696 0
0.498638 -0.06638 0
0.571375 -0.065808 0
0.643981 -0.0653682 0
0.715772 -0.0648559 0
0.787313 -0.0645285 0
0.858363 -0.0642281 0
0.929261 -0.0640966 0
1 -0.0640176 0
0 0 0
0.0105525 -0.0315501 0
0.0414333 -0.0573686 0
0.0882925 -0.075854 0
0.147078 -0.0884477 0
0.213246 -0.0951974 0
0.283495 -0.0988946 0
0.355743 -0.0998383 0
0.428488 -0.100015 0
0.501305 -0.0992633 0
0.573638 -0.0985964 0
0.645609 -0.0977136 0
0.717045 -0.0970993 0
0.788154 -0.0964991 0
0.858922 -0.0961561 0
0.929518 -0.0958875 0
1 -0.0958452 0
0 0 0
0.0121884 -0.0446437 0
0.0428462 -0.0798198 0
0.0932029 -0.105361 0
0.152315 -0.120411 0
0.219825 -0.129211 0
0.289307 -0.132352 0
0.361186 -0.133634 0
0.432831 -0.132937 0
0.504906 -0.13215 0
0.576354 -0.13086 0
0.647703 -0.129907 0
0.718538 -0.128925 0
0.789206 -0.128293 0
0.85957 -0.127754 0
0.929834 -0.127507 0
1 -0.127374 0
0 0 0
0.0118297 -0.0594395 0
0.0475195 -0.10654 0
0.0989128 -0.136853 0
0.16094 -0.155475 0
0.228004 -0.163064 0
0.296929 -0.16671 0
0.367453 -0.166574 0
0.437876 -0.165886 0
0.508805 -0.164231 0
0.579285 -0.162913 0
0.649873 -0.161498 0
0.720077 -0.160517 0
0.790265 -0.159652 0
0.86022 -0.159142 0
0.930148 -0.158778 0
1 -0.158706 0
0 0 0
0.01542 -0.0784373 0
0.0520275 -0.136196 0
0.109788 -0.174037 0
0.17224 -0.189782 0
0.238051 -0.198163 0
0.305333 -0.199488 0
0.373788 -0.199422 0
0.442834 -0.197579 0
0.512315 -0.195966 0
0.581945 -0.194127 0
0.651683 -0.192776 0
0.721399 -0.191568 0
0.791106 -0.190769 0
0.860761 -0.190154 0
0.930392 -0.189851 0
1 -0.189714 0
0 0 0
0.0153685 -0.100661 0
0.0671839 -0.178223 0
0.127109 -0.207886 0
0.185201 -0.225203 0
0.248696 -0.229918 0
0.312244 -0.231601 0
0.379122 -0.23021 0
0.446132 -0.228602 0
0.514827 -0.226538 0
0.583455 -0.224894 0
0.652832 -0.223408 0
0.722066 -0.222345 0
0.791599 -0.22151 0
0.861014 -0.220989 0
0.930528 -0.22066 0
1 -0.220574 0
0 0 0
0.0468822 -0.159168 0
0.103471 -0.205528 0
0.143331 -0.241593 0
0.198037 -0.252748 0
0.253742 -0.259621 0
0.31605 -0.260124 0
0.380143 -0.259711 0
0.446995 -0.257991 0
0.514741 -0.256461 0
0.583511 -0.254923 0
0.652585 -0.253744 0
0.721977 -0.252791 0
0.791429 -0.252125 0
0.860953 -0.251665 0
0.930472 -0.25141 0
1 -0.251323 0
0 0 0
0.0100296 0 -0.00986592
0.0391157 0 -0.0180899
0.0841023 0 -0.0242127
0.141185 0 -0.0285628
0.206471 0 -0.0311166
0.276684 0 -0.0326128
0.349406 0 -0.0331458
0.423057 0 -0.0333394
0.496767 0 -0.0331658
0.570071 0 -0.0329857
0.64283 0 -0.0327022
0.715015 0 -0.0325025
0.786714 0 -0.0322943
0.858024 0 -0.032177
0.929078 0 -0.0320803
1 0 -0.0320671
0 0 0
0.00936649 -0.00977971 -0.00977971
0.0400482 -0.0179223 -0.0179223
0.0840228 -0.0240199 -0.0240199
0.142337 -0.0283611 -0.0283611
0.206903 -0.0309276 -0.0309276
0.277824 -0.0324526 -0.0324526
0.34996 -0.0330134 -0.0330134
0.423944 -0.0332401 -0.0332401
0.497215 -0.0330917 -0.0330917
0.570654 -0.0329349 -0.0329349
0.643124 -0.0326678 -0.0326678
0.715349 -0.0324812 -0.0324812
0.786872 -0.0322816 -0.0322816
0.858172 -0.0321702 -0.0321702
0.929127 -0.0320766 -0.0320766
1 -0.0320644 -0.0320644
0 0 0
0.0103604 -0.020109 -0.00946983
0.0401382 -0.0364734 -0.0174416
0.0861186 -0.0490104 -0.0234403
0.143983 -0.0572405 -0.0277711
0.209747 -0.0625181 -0.0303819
0.280061 -0.0650256 -0.031983
0.352555 -0.0662916 -0.0326384
0.425848 -0.0663718 -0.0329526
0.499077 -0.0662319 -0.0328845
0.571951 -0.0657072 -0.0327903
0.644272 -0.0652997 -0.0325731
0.716103 -0.0648135 -0.0324219
0.787471 -0.0645033 -0.0322478
0.858511 -0.0642144 -0.0321523
0.929311 -0.0640894 -0.032068
1 -0.0640123 -0.0320586
0 0 0
0.00990335 -0.0312967 -0.00901196
0.0423422 -0.0568681 -0.0166709
0.0882122 -0.0752734 -0.0225393
0.14819 -0.0878422 -0.02685
0.213647 -0.0946284 -0.02954
0.284588 -0.0984161 -0.0312697
0.356261 -0.0994446 -0.0320725
0.42934 -0.0997216 -0.0325273
0.501732 -0.0990455 -0.0325805
0.574205 -0.0984473 -0.032583
0.645895 -0.0976133 -0.0324396
0.717373 -0.097037 -0.0323413
0.788312 -0.0964621 -0.0322039
0.85907 -0.0961361 -0.0321318
0.929567 -0.0958767 -0.0320606
1 -0.0958375 -0.0320552
0 0 0
0.0115566 -0.0443104 -0.00839301
0.0437371 -0.0791336 -0.0157082
0.0931254 -0.104589 -0.0214011
0.153397 -0.119604 -0.025715
0.2202 -0.128449 -0.0285136
0.290364 -0.131719 -0.0304204
0.361677 -0.133113 -0.0314116
0.433658 -0.132552 -0.0320428
0.505321 -0.131864 -0.0322428
0.57691 -0.130666 -0.0323598
0.647987 -0.129776 -0.0323017
0.718864 -0.128844 -0.0322631
0.789365 -0.128245 -0.0321667
0.859718 -0.127728 -0.0321197
0.929885 -0.127493 -0.0320628
1 -0.127364 -0.0320614
0 0 0
0.0112301 -0.0590787 -0.00777659
0.048388 -0.105764 -0.0146887
0.0988577 -0.135912 -0.020235
0.161984 -0.154495 -0.0245536
0.228357 -0.162133 -0.0275063
0.297944 -0.165935 -0.0296019
0.367923 -0.165944 -0.0308052
0.438681 -0.165417 -0.0316115
0.509214 -0.163888 -0.03196
0.579836 -0.162678 -0.0321829
0.65016 -0.161342 -0.0322036
0.720405 -0.16042 -0.0322163
0.790428 -0.159594 -0.0321546
0.860371 -0.159112 -0.0321279
0.930201 -0.158761 -0.0320822
1 -0.158695 -0.0320841
0 0 0
0.0148635 -0.078065 -0.00727351
0.0528598 -0.135315 -0.0139259
0.109758 -0.172945 -0.0193315
0.173241 -0.188646 -0.0237128
0.238387 -0.197084 -0.0267992
0.306316 -0.198595 -0.0290809
0.374254 -0.198698 -0.030446
0.44363 -0.197043 -0.0313902
0.512735 -0.195575 -0.0318368
0.5825 -0.19386 -0.0321274
0.651985 -0.1926 -0.0321918
0.721735 -0.191457 -0.0322298
0.791281 -0.190706 -0.0321837
0.860916 -0.190119 -0.0321637
0.930448 -0.189833 -0.0321225
1 -0.1897 -0.0321245
0 0 0
0.0149772 -0.100352 -0.0072975
0.0679229 -0.177352 -0.0138078
0.127085 -0.206695 -0.0192184
0.186144 -0.22399 -0.0236545
0.24905 -0.228757 -0.0268562
0.313223 -0.230642 -0.029192
0.379631 -0.229433 -0.0306122
0.446953 -0.228028 -0.031557
0.51529 -0.226118 -0.0320023
0.584038 -0.224611 -0.0322676
0.653165 -0.223217 -0.0323119
0.722422 -0.22223 -0.0323249
0.79179 -0.221439 -0.0322613
0.861179 -0.220954 -0.0322262
0.93059 -0.220639 -0.0321772
1 -0.220563 -0.0321756
0 0 0
0.0463475 -0.158663 -0.00841538
0.104004 -0.204582 -0.0147959
0.143212 -0.240461 -0.0206087
0.198945 -0.251461 -0.0251212
0.254176 -0.258545 -0.0282582
0.317107 -0.259098 -0.0304172
0.380775 -0.258999 -0.0316128
0.44791 -0.257366 -0.0323311
0.515298 -0.256086 -0.032577
0.584162 -0.254603 -0.032676
0.652972 -0.253584 -0.0325922
0.722372 -0.252651 -0.0325099
0.791646 -0.252075 -0.0323785
0.861135 -0.251612 -0.0323004
0.930541 -0.251404 -0.0322255
1 -0.251295 -0.0322172
0 0 0
0.0110159 0 -0.0202858
0.0392153 0 -0.036827
0.086202 0 -0.0493993
0.142845 0 -0.0576476
0.20933 0 -0.0628999
0.278939 0 -0.0653464
0.352016 0 -0.0665576
0.424974 0 -0.0665696
0.498638 0 -0.06638
0.571375 0 -0.065808
0.643981 0 -0.0653682
0.715772 0 -0.0648559
0.787313 0 -0.0645285
0.858363 0 -0.0642281
0.929261 0 -0.0640966
1 0 -0.0640176
0 0 0
0.0103604 -0.00946983 -0.020109
0.0401382 -0.0174416 -0.0364734
0.0861186 -0.0234403 -0.0490104
0.143983 -0.0277711 -0.0572405
0.209747 -0.0303819 -0.0625181
0.280061 -0.031983 -0.0650256
0.352555 -0.0326384 -0.0662916
0.425848 -0.0329526 -0.0663718
0.499077 -0.0328845 -0.0662319
0.571951 -0.0327903 -0.0657072
0.644272 -0.0325731 -0.0652997
0.716103 -0.0324219 -0.0648135
0.787471 -0.0322478 -0.0645033
0.858511 -0.0321523 -0.0642144
0.929311 -0.032068 -0.0640894
1 -0.0320586 -0.0640123
0 0 0
0.0113375 -0.01949 -0.01949
0.0402344 -0.0355275 -0.0355275
0.0881861 -0.0478471 -0.0478471
0.145604 -0.0560592 -0.0560592
0.212543 -0.0614265 -0.0614265
0.282254 -0.0640877 -0.0640877
0.355103 -0.0655446 -0.0655446
0.427717 -0.0658005 -0.0658005
0.500912 -0.0658203 -0.0658203
0.573232 -0.065421 -0.065421
0.645408 -0.0651118 -0.0651118
0.716854 -0.0646967 -0.0646967
0.788067 -0.0644359 -0.0644359
0.858849 -0.0641794 -0.0641794
0.929494 -0.0640718 -0.0640718
1 -0.0640008 -0.0640008
0 0 0
0.0108787 -0.0303662 -0.0185564
0.0424321 -0.0554194 -0.033952
0.090246 -0.0735231 -0.0460232
0.149763 -0.0860559 -0.0542012
0.216368 -0.0929856 -0.0597298
0.286705 -0.0970092 -0.0626596
0.358738 -0.0983291 -0.0644116
0.431155 -0.0988714 -0.0649546
0.503527 -0.0984351 -0.0652141
0.575462 -0.0980234 -0.0650102
0.647019 -0.0973361 -0.0648457
0.718119 -0.0968638 -0.0645369
0.788907 -0.096363 -0.0643481
0.859409 -0.0960835 -0.0641382
0.929752 -0.095851 -0.0640562
1 -0.0958197 -0.0639935
0 0 0
0.0125097 -0.0431063 -0.0172902
0.0438493 -0.0772725 -0.0319992
0.0951148 -0.102272 -0.0437003
0.154919 -0.117232 -0.0519018
0.222823 -0.12627 -0.0576578
0.292388 -0.129859 -0.0609541
0.364065 -0.131646 -0.0630884
0.435412 -0.131438 -0.0639888
0.507071 -0.131067 -0.0645402
0.578147 -0.130115 -0.0645667
0.6491 -0.129415 -0.0645697
0.719609 -0.12862 -0.0643813
0.789962 -0.128116 -0.0642718
0.860061 -0.12766 -0.0641135
0.930071 -0.127459 -0.0640582
1 -0.127341 -0.0640051
0 0 0
0.0121758 -0.0576696 -0.0159861
0.0485397 -0.103485 -0.0298695
0.100809 -0.133083 -0.0412842
0.163451 -0.151549 -0.0495178
0.230867 -0.159443 -0.0555972
0.299874 -0.16365 -0.0592998
0.370226 -0.164149 -0.0618592
0.440387 -0.164063 -0.0631244
0.510935 -0.162921 -0.063967
0.581066 -0.162012 -0.0642118
0.651275 -0.160907 -0.0643679
0.72116 -0.16015 -0.0642852
0.791035 -0.15944 -0.0642431
0.860722 -0.15903 -0.0641266
0.930391 -0.158721 -0.0640931
1 -0.158667 -0.064047
0 0 0
0.0157889 -0.0766135 -0.0148976
0.0531203 -0.132843 -0.0282245
0.111666 -0.169688 -0.0393416
0.174647 -0.185239 -0.0477464
0.240799 -0.193974 -0.0541047
0.308186 -0.195964 -0.058215
0.376514 -0.19664 -0.061104
0.445337 -0.195497 -0.0626607
0.514468 -0.194473 -0.0636986
0.583764 -0.193104 -0.064088
0.653129 -0.192106 -0.0643293
0.722524 -0.191153 -0.0643042
0.79191 -0.19053 -0.0642907
0.861287 -0.190028 -0.0641931
0.930647 -0.189786 -0.0641654
1 -0.18967 -0.0641235
0 0 0
0.0157936 -0.0990602 -0.0148378
0.0682311 -0.174596 -0.0278961
0.128821 -0.203188 -0.0389713
0.187509 -0.220271 -0.0475284
0.251418 -0.225394 -0.0541023
0.315154 -0.227797 -0.058367
0.381961 -0.227216 -0.0613522
0.448773 -0.226362 -0.0629457
0.517121 -0.224938 -0.0639738
0.585402 -0.223797 -0.064337
0.654387 -0.222692 -0.064537
0.723277 -0.221901 -0.0644762
0.792465 -0.221254 -0.0644282
0.861581 -0.220853 -0.064308
0.930804 -0.220592 -0.0642642
1 -0.220527 -0.0642185
0 0 0
0.0467054 -0.157112 -0.0170705
0.103653 -0.201876 -0.0298273
0.144646 -0.23687 -0.0416842
0.200287 -0.247883 -0.0503869
0.256718 -0.25512 -0.0567608
0.319348 -0.256348 -0.0606976
0.383418 -0.256725 -0.0632024
0.450035 -0.25576 -0.0643873
0.517382 -0.254864 -0.0650192
0.585728 -0.253827 -0.0650845
0.654348 -0.253028 -0.0650423
0.723335 -0.252344 -0.0648087
0.792399 -0.251868 -0.0646389
0.861582 -0.251525 -0.064437
0.930778 -0.251339 -0.0643511
1 -0.251271 -0.064288
0 0 0
0.0105525 0 -0.0315501
0.0414333 0 -0.0573686
0.0882925 0 -0.075854
0.147078 0 -0.0884477
0.213246 0 -0.0951974
0.283495 0 -0.0988946
0.355743 0 -0.0998383
0.428488 0 -0.100015
0.501305 0 -0.0992633
0.573638 0 -0.0985964
0.645609 0 -0.0977136
0.717045 0 -0.0970993
0.788154 0 -0.0964991
0.858922 0 -0.0961561
0.929518 0 -0.0958875
1 0 -0.0958452
0 0 0
0.00990335 -0.00901196 -0.0312967
0.0423422 -0.0166709 -0.0568681
0.0882122 -0.0225393 -0.0752734
0.14819 -0.02685 -0.0878422
0.213647 -0.02954 -0.0946284
0.284588 -0.0312697 -0.0984161
0.356261 -0.0320725 -0.0994446
0.42934 -0.0325273 -0.0997216
0.501732 -0.0325805 -0.0990455
0.574205 -0.032583 -0.0984473
0.645895 -0.0324396 -0.0976133
0.717373 -0.0323413 -0.097037
0.788312 -0.0322039 -0.0964621
0.85907 -0.0321318 -0.0961361
0.929567 -0.0320606 -0.0958767
1 -0.0320552 -0.0958375
0 0 0
0.0108787 -0.0185564 -0.0303662
0.0424321 -0.033952 -0.0554194
0.090246 -0.0460232 -0.0735231
0.149763 -0.0542012 -0.0860559
0.216368 -0.0597298 -0.0929856
0.286705 -0.0626596 -0.0970092
0.358738 -0.0644116 -0.0983291
0.431155 -0.0649546 -0.0988714
0.503527 -0.0652141 -0.0984351
0.575462 -0.0650102 -0.0980234
0.647019 -0.0648457 -0.0973361
0.718119 -0.0645369 -0.0968638
0.788907 -0.0643481 -0.096363
0.859409 -0.0641382 -0.0960835
0.929752 -0.0640562 -0.095851
1 -0.0639935 -0.0958197
0 0 0
0.0104334 -0.028961 -0.028961
0.0445957 -0.0530551 -0.0530551
0.092284 -0.0707606 -0.0707606
0.153824 -0.0832458 -0.0832458
0.220087 -0.0904325 -0.0904325
0.291027 -0.0948654 -0.0948654
0.362267 -0.0966418 -0.0966418
0.434506 -0.0976118 -0.0976118
0.506088 -0.0975389 -0.0975389
0.577658 -0.0974139 -0.0974139
0.648613 -0.0969436 -0.0969436
0.719378 -0.0966266 -0.0966266
0.789747 -0.0962328 -0.0962328
0.859972 -0.0960214 -0.0960214
0.930011 -0.0958267 -0.0958267
1 -0.0958074 -0.0958074
0 0 0
0.0120767 -0.0412407 -0.0269911
0.0460022 -0.0740854 -0.0500005
0.097107 -0.0985503 -0.0671879
0.158867 -0.113461 -0.0797184
0.22639 -0.122844 -0.0872853
0.296549 -0.127014 -0.0922899
0.367461 -0.129411 -0.0946592
0.438664 -0.129786 -0.0961678
0.509573 -0.12989 -0.0965368
0.58031 -0.12932 -0.096752
0.650686 -0.128902 -0.0965335
0.720869 -0.12831 -0.0963916
0.79081 -0.127944 -0.0961179
0.86063 -0.127578 -0.0959798
0.930335 -0.127426 -0.0958272
1 -0.127323 -0.0958194
0 0 0
0.0118026 -0.0554873 -0.0249103
0.0506784 -0.0996509 -0.0466159
0.102804 -0.128478 -0.063379
0.167256 -0.14685 -0.0760001
0.23427 -0.155205 -0.0841201
0.303859 -0.160142 -0.0897599
0.373497 -0.161423 -0.0928051
0.443556 -0.162048 -0.0948573
0.5134 -0.161498 -0.0956762
0.583222 -0.161049 -0.0962104
0.652872 -0.160288 -0.0962262
0.72244 -0.159776 -0.0962384
0.791903 -0.159232 -0.0960674
0.861307 -0.158929 -0.0959908
0.930664 -0.158679 -0.0958712
1 -0.158644 -0.0958739
0 0 0
0.0154854 -0.0743196 -0.0230363
0.0552997 -0.128501 -0.0438234
0.113657 -0.164264 -0.0601872
0.178292 -0.179731 -0.0730972
0.244058 -0.189005 -0.081737
0.312046 -0.191899 -0.088024
0.379737 -0.193486 -0.0916103
0.448493 -0.193185 -0.0941052
0.516969 -0.192841 -0.0952377
0.585961 -0.192005 -0.0959869
0.654783 -0.191399 -0.0961445
0.723849 -0.190725 -0.0962404
0.792821 -0.190293 -0.096123
0.861899 -0.189911 -0.0960713
0.930935 -0.189738 -0.0959681
1 -0.189641 -0.095972
0 0 0
0.0157674 -0.0970581 -0.022755
0.0702848 -0.169957 -0.0429311
0.130662 -0.197252 -0.0593119
0.191008 -0.214255 -0.0724309
0.254662 -0.219988 -0.081503
0.319074 -0.223384 -0.0880193
0.385322 -0.223802 -0.0918287
0.452088 -0.223868 -0.0943768
0.519787 -0.223175 -0.0955482
0.587747 -0.222616 -0.0962655
0.656166 -0.221926 -0.0963956
0.7247 -0.221442 -0.0964464
0.793448 -0.220994 -0.0962968
0.862239 -0.220728 -0.0962153
0.931114 -0.220533 -0.096097
1 -0.220495 -0.0960935
0 0 0
0.0459241 -0.154477 -0.0260566
0.104635 -0.197091 -0.0458035
0.146083 -0.231014 -0.0632448
0.20377 -0.241801 -0.0764421
0.260356 -0.24983 -0.0851941
0.323763 -0.25186 -0.091126
0.387318 -0.253377 -0.0942923
0.453825 -0.253205 -0.0962342
0.520441 -0.253135 -0.0968986
0.588384 -0.252603 -0.0972102
0.656355 -0.252278 -0.097032
0.724927 -0.251855 -0.0968619
0.793491 -0.251614 -0.0965534
0.862311 -0.251376 -0.0963755
0.93112 -0.251283 -0.0961962
1 -0.251219 -0.0961795
0 0 0
0.0121884 0 -0.0446437
0.0428462 0 -0.0798198
0.0932029 0 -0.105361
0.152315 0 -0.120411
0.219825 0 -0.129211
0.289307 0 -0.132352
0.361186 0 -0.133634
0.432831 0 -0.132937
0.504906 0 -0.13215
0.576354 0 -0.13086
0.647703 0 -0.129907
0.718538 0 -0.128925
0.789206 0 -0.128293
0.85957 0 -0.127754
0.929834 0 -0.127507
1 0 -0.127374
0 0 0
0.0115566 -0.00839301 -0.0443104
0.0437371 -0.0157082 -0.0791336
0.0931254 -0.0214011 -0.104589
0.153397 -0.025715 -0.119604
0.2202 -0.0285136 -0.128449
0.290364 -0.0304204 -0.131719
0.361677 -0.0314116 -0.133113
0.433658 -0.0320428 -0.132552
0.505321 -0.0322428 -0.131864
0.57691 -0.0323598 -0.130666
0.647987 -0.0323017 -0.129776
0.718864 -0.0322631 -0.128844
0.789365 -0.0321667 -0.128245
0.859718 -0.0321197 -0.127728
0.929885 -0.0320628 -0.127493
1 -0.0320614 -0.127364
0 0 0
0.0125097 -0.0172902 -0.0431063
0.0438493 -0.0319992 -0.0772725
0.0951148 -0.0437003 -0.102272
0.154919 -0.0519018 -0.117232
0.222823 -0.0576578 -0.12627
0.292388 -0.0609541 -0.129859
0.364065 -0.0630884 -0.131646
0.435412 -0.0639888 -0.131438
0.507071 -0.0645402 -0.131067
0.578147 -0.0645667 -0.130115
0.6491 -0.0645697 -0.129415
0.719609 -0.0643813 -0.12862
0.789962 -0.0642718 -0.128116
0.860061 -0.0641135 -0.12766
0.930071 -0.0640582 -0.127459
1 -0.0640051 -0.127341
0 0 0
0.0120767 -0.0269911 -0.0412407
0.0460022 -0.0500005 -0.0740854
0.097107 -0.0671879 -0.0985503
0.158867 -0.0797184 -0.113461
0.22639 -0.0872853 -0.122844
0.296549 -0.0922899 -0.127014
0.367461 -0.0946592 -0.129411
0.438664 -0.0961678 -0.129786
0.509573 -0.0965368 -0.12989
0.58031 -0.096752 -0.12932
0.650686 -0.0965335 -0.128902
0.720869 -0.0963916 -0.12831
0.79081 -0.0961179 -0.127944
0.86063 -0.0959798 -0.127578
0.930335 -0.0958272 -0.127426
1 -0.0958194 -0.127323
0 0 0
0.0136902 -0.0385409 -0.0385409
0.0474412 -0.0699528 -0.0699528
0.101845 -0.0936709 -0.0936709
0.163771 -0.108676 -0.108676
0.232474 -0.11861 -0.11861
0.301867 -0.123581 -0.123581
0.372483 -0.126786 -0.126786
0.442715 -0.127886 -0.127886
0.512993 -0.128573 -0.128573
0.58294 -0.128453 -0.128453
0.652755 -0.12836 -0.12836
0.722374 -0.128001 -0.128001
0.791887 -0.127788 -0.127788
0.861303 -0.12752 -0.12752
0.930666 -0.127419 -0.127419
1 -0.127335 -0.127335
0 0 0
0.0134338 -0.0521737 -0.0355084
0.0521662 -0.0943734 -0.0650937
0.107461 -0.122286 -0.0882802
0.171981 -0.140763 -0.103526
0.240096 -0.149891 -0.114257
0.308953 -0.155873 -0.120176
0.378359 -0.158191 -0.124288
0.447515 -0.159718 -0.126145
0.516788 -0.159891 -0.127417
0.585854 -0.159989 -0.12773
0.654968 -0.159629 -0.12794
0.723976 -0.159392 -0.127787
0.793012 -0.159038 -0.127707
0.862003 -0.15885 -0.127521
0.931008 -0.158666 -0.127464
1 -0.158649 -0.127394
0 0 0
0.0171215 -0.0707044 -0.0325815
0.0569849 -0.122493 -0.0608092
0.11823 -0.156855 -0.0834684
0.182797 -0.172475 -0.0993027
0.249644 -0.182745 -0.110839
0.316986 -0.186912 -0.117728
0.384519 -0.189739 -0.122595
0.452459 -0.190498 -0.125076
0.520396 -0.19099 -0.126767
0.588667 -0.190788 -0.127387
0.65695 -0.190635 -0.127783
0.725456 -0.190283 -0.127758
0.793984 -0.190061 -0.127747
0.862634 -0.189816 -0.127606
0.931298 -0.189712 -0.127566
1 -0.189642 -0.127505
0 0 0
0.0173648 -0.0937896 -0.0316298
0.0720609 -0.163118 -0.0590062
0.134917 -0.188999 -0.081585
0.195374 -0.206138 -0.0979001
0.260194 -0.213067 -0.110054
0.324115 -0.21789 -0.117412
0.390283 -0.219709 -0.122577
0.456263 -0.220922 -0.125227
0.523424 -0.221161 -0.126987
0.590639 -0.221277 -0.127627
0.658489 -0.221093 -0.128008
0.726429 -0.220947 -0.12796
0.794699 -0.220736 -0.12792
0.863032 -0.22061 -0.127759
0.931505 -0.220499 -0.127702
1 -0.220483 -0.127638
0 0 0
0.0463937 -0.150591 -0.0359245
0.104951 -0.190409 -0.0625834
0.149866 -0.222589 -0.0863333
0.208323 -0.233897 -0.10269
0.266487 -0.242781 -0.114169
0.329524 -0.246457 -0.120864
0.392989 -0.249184 -0.125182
0.458587 -0.250287 -0.127194
0.524575 -0.25105 -0.128375
0.591636 -0.251262 -0.128594
0.658961 -0.251396 -0.128652
0.726843 -0.251349 -0.128372
0.794877 -0.251321 -0.128178
0.86318 -0.251247 -0.127908
0.93155 -0.251222 -0.127802
1 -0.251194 -0.127713
0 0 0
0.0118297 0 -0.0594395
0.0475195 0 -0.10654
0.0989128 0 -0.136853
0.16094 0 -0.155475
0.228004 0 -0.163064
0.296929 0 -0.16671
0.367453 0 -0.166574
0.437876 0 -0.165886
0.508805 0 -0.164231
0.579285 0 -0.162913
0.649873 0 -0.161498
0.720077 0 -0.160517
0.790265 0 -0.159652
0.86022 0 -0.159142
0.930148 0 -0.158778
1 0 -0.158706
0 0 0
0.0112301 -0.00777659 -0.0590787
0.048388 -0.0146887 -0.105764
0.0988577 -0.020235 -0.135912
0.161984 -0.0245536 -0.154495
0.228357 -0.0275063 -0.162133
0.297944 -0.0296019 -0.165935
0.367923 -0.0308052 -0.165944
0.438681 -0.0316115 -0.165417
0.509214 -0.03196 -0.163888
0.579836 -0.0321829 -0.162678
0.65016 -0.0322036 -0.161342
0.720405 -0.0322163 -0.16042
0.790428 -0.0321546 -0.159594
0.860371 -0.0321279 -0.159112
0.930201 -0.0320822 -0.158761
1 -0.0320841 -0.158695
0 0 0
0.0121758 -0.0159861 -0.0576696
0.0485397 -0.0298695 -0.103485
0.100809 -0.0412842 -0.133083
0.163451 -0.0495178 -0.151549
0.230867 -0.0555972 -0.159443
0.299874 -0.0592998 -0.16365
0.370226 -0.0618592 -0.164149
0.440387 -0.0631244 -0.164063
0.510935 -0.063967 -0.162921
0.581066 -0.0642118 -0.162012
0.651275 -0.0643679 -0.160907
0.72116 -0.0642852 -0.16015
0.791035 -0.0642431 -0.15944
0.860722 -0.0641266 -0.15903
0.930391 -0.0640931 -0.158721
1 -0.064047 -0.158667
0 0 0
0.0118026 -0.0249103 -0.0554873
0.0506784 -0.0466159 -0.0996509
0.102804 -0.063379 -0.128478
0.167256 -0.0760001 -0.14685
0.23427 -0.0841201 -0.155205
0.303859 -0.0897599 -0.160142
0.373497 -0.0928051 -0.161423
0.443556 -0.0948573 -0.162048
0.5134 -0.0956762 -0.161498
0.583222 -0.0962104 -0.161049
0.652872 -0.0962262 -0.160288
0.72244 -0.0962384 -0.159776
0.791903 -0.0960674 -0.159232
0.861307 -0.0959908 -0.158929
0.930664 -0.0958712 -0.158679
1 -0.0958739 -0.158644
0 0 0
0.0134338 -0.0355084 -0.0521737
0.0521662 -0.0650937 -0.0943734
0.107461 -0.0882802 -0.122286
0.171981 -0.103526 -0.140763
0.240096 -0.114257 -0.149891
0.308953 -0.120176 -0.155873
0.378359 -0.124288 -0.158191
0.447515 -0.126145 -0.159718
0.516788 -0.127417 -0.159891
0.585854 -0.12773 -0.159989
0.654968 -0.12794 -0.159629
0.723976 -0.127787 -0.159392
0.793012 -0.127707 -0.159038
0.862003 -0.127521 -0.15885
0.931008 -0.127464 -0.158666
1 -0.127394 -0.158649
0 0 0
0.0132828 -0.0481564 -0.0481564
0.0568505 -0.0879942 -0.0879942
0.113041 -0.115251 -0.115251
0.179912 -0.134091 -0.134091
0.247407 -0.144392 -0.144392
0.31579 -0.151598 -0.151598
0.384078 -0.155103 -0.155103
0.452257 -0.157558 -0.157558
0.520575 -0.158465 -0.158465
0.588809 -0.159086 -0.159086
0.657229 -0.159098 -0.159098
0.725635 -0.159113 -0.159113
0.794182 -0.158922 -0.158922
0.862739 -0.158835 -0.158835
0.931366 -0.158703 -0.158703
1 -0.158704 -0.158704
0 0 0
0.0170675 -0.0660566 -0.0437277
0.0617945 -0.114613 -0.0816668
0.123689 -0.147946 -0.108574
0.190381 -0.164332 -0.128336
0.256661 -0.176079 -0.139894
0.323631 -0.18186 -0.148395
0.390197 -0.186085 -0.152908
0.457219 -0.187967 -0.156139
0.524272 -0.189308 -0.157599
0.591715 -0.189719 -0.158591
0.659316 -0.19 -0.158858
0.727201 -0.189937 -0.159025
0.795225 -0.189907 -0.158937
0.863416 -0.189777 -0.158901
0.931681 -0.189738 -0.158802
1 -0.189686 -0.158808
0 0 0
0.0179156 -0.0895307 -0.0417024
0.0768228 -0.154157 -0.0779371
0.140051 -0.178708 -0.105168
0.202733 -0.196827 -0.12569
0.267129 -0.205592 -0.138382
0.330914 -0.212266 -0.147494
0.396148 -0.215647 -0.152529
0.461283 -0.218121 -0.156012
0.527526 -0.21928 -0.157644
0.593903 -0.220082 -0.158704
0.661024 -0.220363 -0.159006
0.72831 -0.220544 -0.159175
0.796036 -0.22054 -0.159082
0.863877 -0.220547 -0.159035
0.931918 -0.220504 -0.158931
1 -0.220511 -0.158932
0 0 0
0.0455573 -0.145348 -0.0467688
0.107911 -0.181077 -0.0819913
0.154831 -0.212361 -0.11024
0.216154 -0.224231 -0.13032
0.274291 -0.235316 -0.142306
0.337224 -0.240596 -0.150563
0.39962 -0.245066 -0.154839
0.464273 -0.24733 -0.157696
0.529162 -0.249097 -0.158822
0.59529 -0.249968 -0.159519
0.66176 -0.250605 -0.159535
0.728922 -0.250884 -0.159521
0.796339 -0.251081 -0.159285
0.864105 -0.251143 -0.159163
0.931999 -0.251193 -0.159003
1 -0.251189 -0.158998
0 0 0
0.01542 0 -0.0784373
0.0520275 0 -0.136196
0.109788 0 -0.174037
0.17224 0 -0.189782
0.238051 0 -0.198163
0.305333 0 -0.199488
0.373788 0 -0.199422
0.442834 0 -0.197579
0.512315 0 -0.195966
0.581945 0 -0.194127
0.651683 0 -0.192776
0.721399 0 -0.191568
0.791106 0 -0.190769
0.860761 0 -0.190154
0.930392 0 -0.189851
1 0 -0.189714
0 0 0
0.0148635 -0.00727351 -0.078065
0.0528598 -0.0139259 -0.135315
0.109758 -0.0193315 -0.172945
0.173241 -0.0237128 -0.188646
0.238387 -0.0267992 -0.197084
0.306316 -0.0290809 -0.198595
0.374254 -0.030446 -0.198698
0.44363 -0.0313902 -0.197043
0.512735 -0.0318368 -0.195575
0.5825 -0.0321274 -0.19386
0.651985 -0.0321918 -0.1926
0.721735 -0.0322298 -0.191457
0.791281 -0.0321837 -0.190706
0.860916 -0.0321637 -0.190119
0.930448 -0.0321225 -0.189833
1 -0.0321245 -0.1897
0 0 0
0.0157889 -0.0148976 -0.0766135
0.0531203 -0.0282245 -0.132843
0.111666 -0.0393416 -0.169688
0.174647 -0.0477464 -0.185239
0.240799 -0.0541047 -0.193974
0.308186 -0.058215 -0.195964
0.376514 -0.061104 -0.19664
0.445337 -0.0626607 -0.195497
0.514468 -0.0636986 -0.194473
0.583764 -0.064088 -0.193104
0.653129 -0.0643293 -0.192106
0.722524 -0.0643042 -0.191153
0.79191 -0.0642907 -0.19053
0.861287 -0.0641931 -0.190028
0.930647 -0.0641654 -0.189786
1 -0.0641235 -0.18967
0 0 0
0.0154854 -0.0230363 -0.0743196
0.0552997 -0.0438234 -0.128501
0.113657 -0.0601872 -0.164264
0.178292 -0.0730972 -0.179731
0.244058 -0.081737 -0.189005
0.312046 -0.088024 -0.191899
0.379737 -0.0916103 -0.193486
0.448493 -0.0941052 -0.193185
0.516969 -0.0952377 -0.192841
0.585961 -0.0959869 -0.192005
0.654783 -0.0961445 -0.191399
0.723849 -0.0962404 -0.190725
0.792821 -0.096123 -0.190293
0.861899 -0.0960713 -0.189911
0.930935 -0.0959681 -0.189738
1 -0.095972 -0.189641
0 0 0
0.0171215 -0.0325815 -0.0707044
0.0569849 -0.0608092 -0.122493
0.11823 -0.0834684 -0.156855
0.182797 -0.0993027 -0.172475
0.249644 -0.110839 -0.182745
0.316986 -0.117728 -0.186912
0.384519 -0.122595 -0.189739
0.452459 -0.125076 -0.190498
0.520396 -0.126767 -0.19099
0.588667 -0.127387 -0.190788
0.65695 -0.127783 -0.190635
0.725456 -0.127758 -0.190283
0.793984 -0.127747 -0.190061
0.862634 -0.127606 -0.189816
0.931298 -0.127566 -0.189712
1 -0.127505 -0.189642
0 0 0
0.0170675 -0.0437277 -0.0660566
0.0617945 -0.0816668 -0.114613
0.123689 -0.108574 -0.147946
0.190381 -0.128336 -0.164332
0.256661 -0.139894 -0.176079
0.323631 -0.148395 -0.18186
0.390197 -0.152908 -0.186085
0.457219 -0.156139 -0.187967
0.524272 -0.157599 -0.189308
0.591715 -0.158591 -0.189719
0.659316 -0.158858 -0.19
0.727201 -0.159025 -0.189937
0.795225 -0.158937 -0.189907
0.863416 -0.158901 -0.189777
0.931681 -0.158802 -0.189738
1 -0.158808 -0.189686
0 0 0
0.0207852 -0.0597861 -0.0597861
0.0669823 -0.106248 -0.106248
0.134139 -0.139202 -0.139202
0.200364 -0.157069 -0.157069
0.265607 -0.170586 -0.170586
0.331383 -0.177973 -0.177973
0.396333 -0.183413 -0.183413
0.4623 -0.186237 -0.186237
0.528111 -0.18821 -0.18821
0.594771 -0.189083 -0.189083
0.661539 -0.189651 -0.189651
0.728877 -0.189789 -0.189789
0.796354 -0.189874 -0.189874
0.864147 -0.189819 -0.189819
0.932023 -0.189814 -0.189814
1 -0.189776 -0.189776
0 0 0
0.0217336 -0.0832016 -0.0549483
0.0823392 -0.142908 -0.0999819
0.149936 -0.167709 -0.133565
0.212311 -0.188134 -0.153255
0.276139 -0.19917 -0.168128
0.338795 -0.207686 -0.176466
0.40257 -0.212545 -0.182559
0.466632 -0.216038 -0.185781
0.531628 -0.217966 -0.18801
0.597182 -0.219268 -0.189029
0.663424 -0.219906 -0.189678
0.730125 -0.22031 -0.189861
0.797261 -0.220455 -0.189963
0.864673 -0.220547 -0.189919
0.932291 -0.220551 -0.189913
1 -0.220572 -0.189878
0 0 0
0.047414 -0.138664 -0.0600893
0.111763 -0.169944 -0.103433
0.165065 -0.200466 -0.137018
0.226551 -0.215542 -0.156654
0.28438 -0.228399 -0.170674
0.345913 -0.235846 -0.178495
0.406846 -0.241648 -0.184042
0.47015 -0.245055 -0.186841
0.533738 -0.247587 -0.18877
0.598868 -0.249008 -0.18953
0.664408 -0.250034 -0.190027
0.730889 -0.250555 -0.19007
0.797677 -0.250931 -0.190105
0.864962 -0.251082 -0.189994
0.932404 -0.251198 -0.189971
1 -0.2512 -0.189915
0 0 0
0.0153685 0 -0.100661
0.0671839 0 -0.178223
0.127109 0 -0.207886
0.185201 0 -0.225203
0.248696 0 -0.229918
0.312244 0 -0.231601
0.379122 0 -0.23021
0.446132 0 -0.228602
0.514827 0 -0.226538
0.583455 0 -0.224894
0.652832 0 -0.223408
0.722066 0 -0.222345
0.791599 0 -0.22151
0.861014 0 -0.220989
0.930528 0 -0.22066
1 0 -0.220574
0 0 0
0.0149772 -0.0072975 -0.100352
0.0679229 -0.0138078 -0.177352
0.127085 -0.0192184 -0.206695
0.186144 -0.0236545 -0.22399
0.24905 -0.0268562 -0.228757
0.313223 -0.029192 -0.230642
0.379631 -0.0306122 -0.229433
0.446953 -0.031557 -0.228028
0.51529 -0.0320023 -0.226118
0.584038 -0.0322676 -0.224611
0.653165 -0.0323119 -0.223217
0.722422 -0.0323249 -0.22223
0.79179 -0.0322613 -0.221439
0.861179 -0.0322262 -0.220954
0.93059 -0.0321772 -0.220639
1 -0.0321756 -0.220563
0 0 0
0.0157936 -0.0148378 -0.0990602
0.0682311 -0.0278961 -0.174596
0.128821 -0.0389713 -0.203188
0.187509 -0.0475284 -0.220271
0.251418 -0.0541023 -0.225394
0.315154 -0.058367 -0.227797
0.381961 -0.0613522 -0.227216
0.448773 -0.0629457 -0.226362
0.517121 -0.0639738 -0.224938
0.585402 -0.064337 -0.223797
0.654387 -0.064537 -0.222692
0.723277 -0.0644762 -0.221901
0.792465 -0.0644282 -0.221254
0.861581 -0.064308 -0.220853
0.930804 -0.0642642 -0.220592
1 -0.0642185 -0.220527
0 0 0
0.0157674 -0.022755 -0.0970581
0.0702848 -0.0429311 -0.169957
0.130662 -0.0593119 -0.197252
0.191008 -0.0724309 -0.214255
0.254662 -0.081503 -0.219988
0.319074 -0.0880193 -0.223384
0.385322 -0.0918287 -0.223802
0.452088 -0.0943768 -0.223868
0.519787 -0.0955482 -0.223175
0.587747 -0.0962655 -0.222616
0.656166 -0.0963956 -0.221926
0.7247 -0.0964464 -0.221442
0.793448 -0.0962968 -0.220994
0.862239 -0.0962153 -0.220728
0.931114 -0.096097 -0.220533
1 -0.0960935 -0.220495
0 0 0
0.0173648 -0.0316298 -0.0937896
0.0720609 -0.0590062 -0.163118
0.134917 -0.081585 -0.188999
0.195374 -0.0979001 -0.206138
0.260194 -0.110054 -0.213067
0.324115 -0.117412 -0.21789
0.390283 -0.122577 -0.219709
0.456263 -0.125227 -0.220922
0.523424 -0.126987 -0.221161
0.590639 -0.127627 -0.221277
0.658489 -0.128008 -0.221093
0.726429 -0.12796 -0.220947
0.794699 -0.12792 -0.220736
0.863032 -0.127759 -0.22061
0.931505 -0.127702 -0.220499
1 -0.127638 -0.220483
0 0 0
0.0179156 -0.0417024 -0.0895307
0.0768228 -0.0779371 -0.154157
0.140051 -0.105168 -0.178708
0.202733 -0.12569 -0.196827
0.267129 -0.138382 -0.205592
0.330914 -0.147494 -0.212266
0.396148 -0.152529 -0.215647
0.461283 -0.156012 -0.218121
0.527526 -0.157644 -0.21928
0.593903 -0.158704 -0.220082
0.661024 -0.159006 -0.220363
0.72831 -0.159175 -0.220544
0.796036 -0.159082 -0.22054
0.863877 -0.159035 -0.220547
0.931918 -0.158931 -0.220504
1 -0.158932 -0.220511
0 0 0
0.0217336 -0.0549483 -0.0832016
0.0823392 -0.0999819 -0.142908
0.149936 -0.133565 -0.167709
0.212311 -0.153255 -0.188134
0.276139 -0.168128 -0.19917
0.338795 -0.176466 -0.207686
0.40257 -0.182559 -0.212545
0.466632 -0.185781 -0.216038
0.531628 -0.18801 -0.217966
0.597182 -0.189029 -0.219268
0.663424 -0.189678 -0.219906
0.730125 -0.189861 -0.22031
0.797261 -0.189963 -0.220455
0.864673 -0.189919 -0.220547
0.932291 -0.189913 -0.220551
1 -0.189878 -0.220572
0 0 0
0.0246853 -0.0750709 -0.0750709
0.0976294 -0.133031 -0.133031
0.164333 -0.160545 -0.160545
0.22443 -0.183271 -0.183271
0.286706 -0.195945 -0.195945
0.346631 -0.205629 -0.205629
0.409135 -0.211244 -0.211244
0.471325 -0.21525 -0.21525
0.535426 -0.217514 -0.217514
0.599833 -0.219023 -0.219023
0.665488 -0.219802 -0.219802
0.731509 -0.220279 -0.220279
0.79826 -0.220478 -0.220478
0.865257 -0.220591 -0.220591
0.932587 -0.220614 -0.220614
1 -0.220633 -0.220633
0 0 0
0.0495465 -0.128793 -0.0774642
0.126283 -0.156355 -0.133427
0.180281 -0.192473 -0.161556
0.239761 -0.209143 -0.184495
0.29573 -0.224192 -0.1967
0.354548 -0.232918 -0.206435
0.413938 -0.239631 -0.211701
0.475297 -0.243779 -0.215694
0.537846 -0.2467 -0.217759
0.601753 -0.248507 -0.219246
0.666638 -0.249693 -0.219919
0.732383 -0.250402 -0.220384
0.798753 -0.250831 -0.220528
0.86559 -0.251069 -0.220638
0.932722 -0.251188 -0.220635
1 -0.251224 -0.220664
0 0 0
0.0468822 0 -0.159168
0.103471 0 -0.205528
0.143331 0 -0.241593
0.198037 0 -0.252748
0.253742 0 -0.259621
0.31605 0 -0.260124
0.380143 0 -0.259711
0.446995 0 -0.257991
0.514741 0 -0.256461
0.583511 0 -0.254923
0.652585 0 -0.253744
0.721977 0 -0.252791
0.791429 0 -0.252125
0.860953 0 -0.251665
0.930472 0 -0.25141
1 0 -0.251323
0 0 0
0.0463475 -0.00841538 -0.158663
0.104004 -0.0147959 -0.204582
0.143212 -0.0206087 -0.240461
0.198945 -0.0251212 -0.251461
0.254176 -0.0282582 -0.258545
0.317107 -0.0304172 -0.259098
0.380775 -0.0316128 -0.258999
0.44791 -0.0323311 -0.257366
0.515298 -0.032577 -0.256086
0.584162 -0.032676 -0.254603
0.652972 -0.0325922 -0.253584
0.722372 -0.0325099 -0.252651
0.791646 -0.0323785 -0.252075
0.861135 -0.0323004 -0.251612
0.930541 -0.0322255 -0.251404
1 -0.0322172 -0.251295
0 0 0
0.0467054 -0.0170705 -0.157112
0.103653 -0.0298273 -0.201876
0.144646 -0.0416842 -0.23687
0.200287 -0.0503869 -0.247883
0.256718 -0.0567608 -0.25512
0.319348 -0.0606976 -0.256348
0.383418 -0.0632024 -0.256725
0.450035 -0.0643873 -0.25576
0.517382 -0.0650192 -0.254864
0.585728 -0.0650845 -0.253827
0.654348 -0.0650423 -0.253028
0.723335 -0.0648087 -0.252344
0.792399 -0.0646389 -0.251868
0.861582 -0.064437 -0.251525
0.930778 -0.0643511 -0.251339
1 -0.064288 -0.251271
0 0 0
0.0459241 -0.0260566 -0.154477
0.104635 -0.0458035 -0.197091
0.146083 -0.0632448 -0.231014
0.20377 -0.0764421 -0.241801
0.260356 -0.0851941 -0.24983
0.323763 -0.091126 -0.25186
0.387318 -0.0942923 -0.253377
0.453825 -0.0962342 -0.253205
0.520441 -0.0968986 -0.253135
0.588384 -0.0972102 -0.252603
0.656355 -0.097032 -0.252278
0.724927 -0.0968619 -0.251855
0.793491 -0.0965534 -0.251614
0.862311 -0.0963755 -0.251376
0.93112 -0.0961962 -0.251283
1 -0.0961795 -0.251219
0 0 0
0.0463937 -0.0359245 -0.150591
0.104951 -0.0625834 -0.190409
0.149866 -0.0863333 -0.222589
0.208323 -0.10269 -0.233897
0.266487 -0.114169 -0.242781
0.329524 -0.120864 -0.246457
0.392989 -0.125182 -0.249184
0.458587 -0.127194 -0.250287
0.524575 -0.128375 -0.25105
0.591636 -0.128594 -0.251262
0.658961 -0.128652 -0.251396
0.726843 -0.128372 -0.251349
0.794877 -0.128178 -0.251321
0.86318 -0.127908 -0.251247
0.93155 -0.127802 -0.251222
1 -0.127713 -0.251194
0 0 0
0.0455573 -0.0467688 -0.145348
0.107911 -0.0819913 -0.181077
0.154831 -0.11024 -0.212361
0.216154 -0.13032 -0.224231
0.274291 -0.142306 -0.235316
0.337224 -0.150563 -0.240596
0.39962 -0.154839 -0.245066
0.464273 -0.157696 -0.24733
0.529162 -0.158822 -0.249097
0.59529 -0.159519 -0.249968
0.66176 -0.159535 -0.250605
0.728922 -0.159521 -0.250884
0.796339 -0.159285 -0.251081
0.864105 -0.159163 -0.251143
0.931999 -0.159003 -0.251193
1 -0.158998 -0.251189
0 0 0
0.047414 -0.0600893 -0.138664
0.111763 -0.103433 -0.169944
0.165065 -0.137018 -0.200466
0.226551 -0.156654 -0.215542
0.28438 -0.170674 -0.228399
0.345913 -0.178495 -0.235846
0.406846 -0.184042 -0.241648
0.47015 -0.186841 -0.245055
0.533738 -0.18877 -0.247587
0.598868 -0.18953 -0.249008
0.664408 -0.190027 -0.250034
0.730889 -0.19007 -0.250555
0.797677 -0.190105 -0.250931
0.864962 -0.189994 -0.251082
0.932404 -0.189971 -0.251198
1 -0.189915 -0.2512
0 0 0
0.0495465 -0.0774642 -0.128793
0.126283 -0.133427 -0.156355
0.180281 -0.161556 -0.192473
0.239761 -0.184495 -0.209143
0.29573 -0.1967 -0.224192
0.354548 -0.206435 -0.232918
0.413938 -0.211701 -0.239631
0.475297 -0.215694 -0.243779
0.537846 -0.217759 -0.2467
0.601753 -0.219246 -0.248507
0.666638 -0.219919 -0.249693
0.732383 -0.220384 -0.250402
0.798753 -0.220528 -0.250831
0.86559 -0.220638 -0.251069
0.932722 -0.220635 -0.251188
1 -0.220664 -0.251224
0 0 0
0.0752209 -0.126354 -0.126354
0.154724 -0.152986 -0.152986
0.196976 -0.19238 -0.19238
0.255802 -0.207345 -0.207345
0.305217 -0.224187 -0.224187
0.362948 -0.232119 -0.232119
0.418956 -0.23962 -0.23962
0.479546 -0.243433 -0.243433
0.540364 -0.246706 -0.246706
0.603822 -0.248362 -0.248362
0.66783 -0.249711 -0.249711
0.733331 -0.250343 -0.250343
0.799263 -0.250854 -0.250854
0.865953 -0.251045 -0.251045
0.932861 -0.251211 -0.251211
1 -0.251209 -0.251209
VECTORS displacement float
0 0 0
0.0106909 0 0
0.0381813 0 0
0.0841836 0 0
0.140026 0 0
0.206037 0 0
0.275536 0 0
0.348848 0 0
0.422165 0 0
0.496316 0 0
0.569486 0 0
0.642535 0 0
0.714681 0 0
0.786555 0 0
0.857875 0 0
0.929028 0 0
1 0 0
0 0 0
0.0100296 -0.00986592 0
0.0391157 -0.0180899 0
0.0841023 -0.0242127 0
0.141185 -0.0285628 0
0.206471 -0.0311166 0
0.276684 -0.0326128 0
0.349406 -0.0331458 0
0.423057 -0.0333394 0
0.496767 -0.0331658 0
0.570071 -0.0329857 0
0.64283 -0.0327022 0
0.715015 -0.0325025 0
0.786714 -0.0322943 0
0.858024 -0.032177 0
0.929078 -0.0320803 0
1 -0.0320671 0
0 0 0
0.0110159 -0.0202858 0
0.0392153 -0.036827 0
0.086202 -0.0493993 0
0.142845 -0.0576476 0
0.20933 -0.0628999 0
0.278939 -0.0653464 0
0.352016 -0.0665576 0
0.424974 -0.0665696 0
0.498638 -0.06638 0
0.571375 -0.065808 0
0.643981 -0.0653682 0
0.715772 -0.0648559 0
0.787313 -0.0645285 0
0.858363 -0.0642281 0
0.929261 -0.0640966 0
1 -0.0640176 0
0 0 0
0.0105525 -0.0315501 0
0.0414333 -0.0573686 0
0.0882925 -0.075854 0
0.147078 -0.0884477 0
0.213246 -0.0951974 0
0.283495 -0.0988946 0
0.355743 -0.0998383 0
0.428488 -0.100015 0
0.501305 -0.0992633 0
0.573638 -0.0985964 0
0.645609 -0.0977136 0
0.717045 -0.0970993 0
0.788154 -0.0964991 0
0.858922 -0.0961561 0
0.929518 -0.0958875 0
1 -0.0958452 0
0 0 0
0.0121884 -0.0446437 0
0.0428462 -0.0798198 0
0.0932029 -0.105361 0
0.152315 -0.120411 0
0.219825 -0.129211 0
0.289307 -0.132352 0
0.361186 -0.133634 0
0.432831 -0.132937 0
0.504906 -0.13215 0
0.576354 -0.13086 0
0.647703 -0.129907 0
0.718538 -0.128925 0
0.789206 -0.128293 0
0.85957 -0.127754 0
0.929834 -0.127507 0
1 -0.127374 0
0 0 0
0.0118297 -0.0594395 0
0.0475195 -0.10654 0
0.0989128 -0.136853 0
0.16094 -0.155475 0
0.228004 -0.163064 0
0.296929 -0.16671 0
0.367453 -0.166574 0
0.437876 -0.165886 0
0.508805 -0.164231 0
0.579285 -0.162913 0
0.649873 -0.161498 0
0.720077 -0.160517 0
0.790265 -0.159652 0
0.86022 -0.159142 0
0.930148 -0.158778 0
1 -0.158706 0
0 0 0
0.01542 -0.0784373 0
0.0520275 -0.136196 0
0.109788 -0.174037 0
0.17224 -0.189782 0
0.238051 -0.198163 0
0.305333 -0.199488 0
0.373788 -0.199422 0
0.442834 -0.197579 0
0.512315 -0.195966 0
0.581945 -0.194127 0
0.651683 -0.192776 0
0.721399 -0.191568 0
0.791106 -0.190769 0
0.860761 -0.190154 0
0.930392 -0.189851 0
1 -0.189714 0
0 0 0
0.0153685 -0.100661 0
0.0671839 -0.178223 0
0.127109 -0.207886 0
0.185201 -0.225203 0
0.248696 -0.229918 0
0.312244 -0.231601 0
0.379122 -0.23021 0
0.446132 -0.228602 0
0.514827 -0.226538 0
0.583455 -0.224894 0
0.652832 -0.223408 0
0.722066 -0.222345 0
0.791599 -0.22151 0
0.861014 -0.220989 0
0.930528 -0.22066 0
1 -0.220574 0
0 0 0
0.0468822 -0.159168 0
0.103471 -0.205528 0
0.143331 -0.241593 0
0.198037 -0.252748 0
0.253742 -0.259621 0
0.31605 -0.260124 0
0.380143 -0.259711 0
0.446995 -0.257991 0
0.514741 -0.256461 0
0.583511 -0.254923 0
0.652585 -0.253744 0
0.721977 -0.252791 0
0.791429 -0.252125 0
0.860953 -0.251665 0
0.930472 -0.25141 0
1 -0.251323 0
0 0 0
0.0100296 0 -0.00986592
0.0391157 0 -0.0180899
0.0841023 0 -0.0242127
0.141185 0 -0.0285628
0.206471 0 -0.0311166
0.276684 0 -0.0326128
0.349406 0 -0.0331458
0.423057 0 -0.0333394
0.496767 0 -0.0331658
0.570071 0 -0.0329857
0.64283 0 -0.0327022
0.715015 0 -0.0325025
0.786714 0 -0.0322943
0.858024 0 -0.032177
0.929078 0 -0.0320803
1 0 -0.0320671
0 0 0
0.00936649 -0.00977971 -0.00977971
0.0400482 -0.0179223 -0.0179223
0.0840228 -0.0240199 -0.0240199
0.142337 -0.0283611 -0.0283611
0.206903 -0.0309276 -0.0309276
0.277824 -0.0324526 -0.0324526
0.34996 -0.0330134 -0.0330134
0.423944 -0.0332401 -0.0332401
0.497215 -0.0330917 -0.0330917
0.570654 -0.0329349 -0.0329349
0.643124 -0.0326678 -0.0326678
0.715349 -0.0324812 -0.0324812
0.786872 -0.0322816 -0.0322816
0.858172 -0.0321702 -0.0321702
0.929127 -0.0320766 -0.0320766
1 -0.0320644 -0.0320644
0 0 0
0.0103604 -0.020109 -0.00946983
0.0401382 -0.0364734 -0.0174416
0.0861186 -0.0490104 -0.0234403
0.143983 -0.0572405 -0.0277711
0.209747 -0.0625181 -0.0303819
0.280061 -0.0650256 -0.031983
0.352555 -0.0662916 -0.0326384
0.425848 -0.0663718 -0.0329526
0.499077 -0.0662319 -0.0328845
0.571951 -0.0657072 -0.0327903
0.644272 -0.0652997 -0.0325731
0.716103 -0.0648135 -0.0324219
0.787471 -0.0645033 -0.0322478
0.858511 -0.0642144 -0.0321523
0.929311 -0.0640894 -0.032068
1 -0.0640123 -0.0320586
0 0 0
0.00990335 -0.0312967 -0.00901196
0.0423422 -0.0568681 -0.0166709
0.0882122 -0.0752734 -0.0225393
0.14819 -0.0878422 -0.02685
0.213647 -0.0946284 -0.02954
0.284588 -0.0984161 -0.0312697
0.356261 -0.0994446 -0.0320725
0.42934 -0.0997216 -0.0325273
0.501732 -0.0990455 -0.0325805
0.574205 -0.0984473 -0.032583
0.645895 -0.0976133 -0.0324396
0.717373 -0.097037 -0.0323413
0.788312 -0.0964621 -0.0322039
0.85907 -0.0961361 -0.0321318
0.929567 -0.0958767 -0.0320606
1 -0.0958375 -0.0320552
0 0 0
0.0115566 -0.0443104 -0.00839301
0.0437371 -0.0791336 -0.0157082
0.0931254 -0.104589 -0.0214011
0.153397 -0.119604 -0.025715
0.2202 -0.128449 -0.0285136
0.290364 -0.131719 -0.0304204
0.361677 -0.133113 -0.0314116
0.433658 -0.132552 -0.0320428
0.505321 -0.131864 -0.0322428
0.57691 -0.130666 -0.0323598
0.647987 -0.129776 -0.0323017
0.718864 -0.128844 -0.0322631
0.789365 -0.128245 -0.0321667
0.859718 -0.127728 -0.0321197
0.929885 -0.127493 -0.0320628
1 -0.127364 -0.0320614
0 0 0
0.0112301 -0.0590787 -0.00777659
0.048388 -0.105764 -0.0146887
0.0988577 -0.135912 -0.020235
0.161984 -0.154495 -0.0245536
0.228357 -0.162133 -0.0275063
0.297944 -0.165935 -0.0296019
0.367923 -0.165944 -0.0308052
0.438681 -0.165417 -0.0316115
0.509214 -0.163888 -0.03196
0.579836 -0.162678 -0.0321829
0.65016 -0.161342 -0.0322036
0.720405 -0.16042 -0.0322163
0.790428 -0.159594 -0.0321546
0.860371 -0.159112 -0.0321279
0.930201 -0.158761 -0.0320822
1 -0.158695 -0.0320841
0 0 0
0.0148635 -0.078065 -0.00727351
0.0528598 -0.135315 -0.0139259
0.109758 -0.172945 -0.0193315
0.173241 -0.188646 -0.0237128
0.238387 -0.197084 -0.0267992
0.306316 -0.198595 -0.0290809
0.374254 -0.198698 -0.030446
0.44363 -0.197043 -0.0313902
0.512735 -0.195575 -0.0318368
0.5825 -0.19386 -0.0321274
0.651985 -0.1926 -0.0321918
0.721735 -0.191457 -0.0322298
0.791281 -0.190706 -0.0321837
0.860916 -0.190119 -0.0321637
0.930448 -0.189833 -0.0321225
1 -0.1897 -0.0321245
0 0 0
0.0149772 -0.100352 -0.0072975
0.0679229 -0.177352 -0.0138078
0.127085 -0.206695 -0.0192184
0.186144 -0.22399 -0.0236545
0.24905 -0.228757 -0.0268562
0.313223 -0.230642 -0.029192
0.379631 -0.229433 -0.0306122
0.446953 -0.228028 -0.031557
0.51529 -0.226118 -0.0320023
0.584038 -0.224611 -0.0322676
0.653165 -0.223217 -0.0323119
0.722422 -0.22223 -0.0323249
0.79179 -0.221439 -0.0322613
0.861179 -0.220954 -0.0322262
0.93059 -0.220639 -0.0321772
1 -0.220563 -0.0321756
0 0 0
0.0463475 -0.158663 -0.00841538
0.104004 -0.204582 -0.0147959
0.143212 -0.240461 -0.0206087
0.198945 -0.251461 -0.0251212
0.254176 -0.258545 -0.0282582
0.317107 -0.259098 -0.0304172
0.380775 -0.258999 -0.0316128
0.44791 -0.257366 -0.0323311
0.515298 -0.256086 -0.032577
0.584162 -0.254603 -0.032676
0.652972 -0.253584 -0.0325922
0.722372 -0.252651 -0.0325099
0.791646 -0.252075 -0.0323785
0.861135 -0.251612 -0.0323004
0.930541 -0.251404 -0.0322255
1 -0.251295 -0.0322172
0 0 0
0.0110159 0 -0.0202858
0.0392153 0 -0.036827
0.086202 0 -0.0493993
0.142845 0 -0.0576476
0.20933 0 -0.0628999
0.278939 0 -0.0653464
0.352016 0 -0.0665576
0.424974 0 -0.0665696
0.498638 0 -0.06638
0.571375 0 -0.065808
0.643981 0 -0.0653682
0.715772 0 -0.0648559
0.787313 0 -0.0645285
0.858363 0 -0.0642281
0.929261 0 -0.0640966
1 0 -0.0640176
0 0 0
0.0103604 -0.00946983 -0.020109
0.0401382 -0.0174416 -0.0364734
0.0861186 -0.0234403 -0.0490104
0.143983 -0.0277711 -0.0572405
0.209747 -0.0303819 -0.0625181
0.280061 -0.031983 -0.0650256
0.352555 -0.0326384 -0.0662916
0.425848 -0.0329526 -0.0663718
0.499077 -0.0328845 -0.0662319
0.571951 -0.0327903 -0.0657072
0.644272 -0.0325731 -0.0652997
0.716103 -0.0324219 -0.0648135
0.787471 -0.0322478 -0.0645033
0.858511 -0.0321523 -0.0642144
0.929311 -0.032068 -0.0640894
1 -0.0320586 -0.0640123
0 0 0
0.0113375 -0.01949 -0.01949
0.0402344 -0.0355275 -0.0355275
0.0881861 -0.0478471 -0.0478471
0.145604 -0.0560592 -0.0560592
0.212543 -0.0614265 -0.0614265
0.282254 -0.0640877 -0.0640877
0.355103 -0.0655446 -0.0655446
0.427717 -0.0658005 -0.0658005
0.500912 -0.0658203 -0.0658203
0.573232 -0.065421 -0.065421
0.645408 -0.0651118 -0.0651118
0.716854 -0.0646967 -0.0646967
0.788067 -0.0644359 -0.0644359
0.858849 -0.0641794 -0.0641794
0.929494 -0.0640718 -0.0640718
1 -0.0640008 -0.0640008
0 0 0
0.0108787 -0.0303662 -0.0185564
0.0424321 -0.0554194 -0.033952
0.090246 -0.0735231 -0.0460232
0.149763 -0.0860559 -0.0542012
0.216368 -0.0929856 -0.0597298
0.286705 -0.0970092 -0.0626596
0.358738 -0.0983291 -0.0644116
0.431155 -0.0988714 -0.0649546
0.503527 -0.0984351 -0.0652141
0.575462 -0.0980234 -0.0650102
0.647019 -0.0973361 -0.0648457
0.718119 -0.0968638 -0.0645369
0.788907 -0.096363 -0.0643481
0.859409 -0.0960835 -0.0641382
0.929752 -0.095851 -0.0640562
1 -0.0958197 -0.0639935
0 0 0
0.0125097 -0.0431063 -0.0172902
0.0438493 -0.0772725 -0.0319992
0.0951148 -0.102272 -0.0437003
0.154919 -0.117232 -0.0519018
0.222823 -0.12627 -0.0576578
0.292388 -0.129859 -0.0609541
0.364065 -0.131646 -0.0630884
0.435412 -0.131438 -0.0639888
0.507071 -0.131067 -0.0645402
0.578147 -0.130115 -0.0645667
0.6491 -0.129415 -0.0645697
0.719609 -0.12862 -0.0643813
0.789962 -0.128116 -0.0642718
0.860061 -0.12766 -0.0641135
0.930071 -0.127459 -0.0640582
1 -0.127341 -0.0640051
0 0 0
0.0121758 -0.0576696 -0.0159861
0.0485397 -0.103485 -0.0298695
0.100809 -0.133083 -0.0412842
0.163451 -0.151549 -0.0495178
0.230867 -0.159443 -0.0555972
0.299874 -0.16365 -0.0592998
0.370226 -0.164149 -0.0618592
0.440387 -0.164063 -0.0631244
0.510935 -0.162921 -0.063967
0.581066 -0.162012 -0.0642118
0.651275 -0.160907 -0.0643679
0.72116 -0.16015 -0.0642852
0.791035 -0.15944 -0.0642431
0.860722 -0.15903 -0.0641266
0.930391 -0.158721 -0.0640931
1 -0.158667 -0.064047
0 0 0
0.0157889 -0.0766135 -0.0148976
0.0531203 -0.132843 -0.0282245
0.111666 -0.169688 -0.0393416
0.174647 -0.185239 -0.0477464
0.240799 -0.193974 -0.0541047
0.308186 -0.195964 -0.058215
0.376514 -0.19664 -0.061104
0.445337 -0.195497 -0.0626607
0.514468 -0.194473 -0.0636986
0.583764 -0.193104 -0.064088
0.653129 -0.192106 -0.0643293
0.722524 -0.191153 -0.0643042
0.79191 -0.19053 -0.0642907
0.861287 -0.190028 -0.0641931
0.930647 -0.189786 -0.0641654
1 -0.18967 -0.0641235
0 0 0
0.0157936 -0.0990602 -0.0148378
0.0682311 -0.174596 -0.0278961
0.128821 -0.203188 -0.0389713
0.187509 -0.220271 -0.0475284
0.251418 -0.225394 -0.0541023
0.315154 -0.227797 -0.058367
0.381961 -0.227216 -0.0613522
0.448773 -0.226362 -0.0629457
0.517121 -0.224938 -0.0639738
0.585402 -0.223797 -0.064337
0.654387 -0.222692 -0.064537
0.723277 -0.221901 -0.0644762
0.792465 -0.221254 -0.0644282
0.861581 -0.220853 -0.064308
0.930804 -0.220592 -0.0642642
1 -0.220527 -0.0642185
0 0 0
0.0467054 -0.157112 -0.0170705
0.103653 -0.201876 -0.0298273
0.144646 -0.23687 -0.0416842
0.200287 -0.247883 -0.0503869
0.256718 -0.25512 -0.0567608
0.319348 -0.256348 -0.0606976
0.383418 -0.256725 -0.0632024
0.450035 -0.25576 -0.0643873
0.517382 -0.254864 -0.0650192
0.585728 -0.253827 -0.0650845
0.654348 -0.253028 -0.0650423
0.723335 -0.252344 -0.0648087
0.792399 -0.251868 -0.0646389
0.861582 -0.251525 -0.064437
0.930778 -0.251339 -0.0643511
1 -0.251271 -0.064288
0 0 0
0.0105525 0 -0.0315501
0.0414333 0 -0.0573686
0.0882925 0 -0.075854
0.147078 0 -0.0884477
0.213246 0 -0.0951974
0.283495 0 -0.0988946
0.355743 0 -0.0998383
0.428488 0 -0.100015
0.501305 0 -0.0992633
0.573638 0 -0.0985964
0.645609 0 -0.0977136
0.717045 0 -0.0970993
0.788154 0 -0.0964991
0.858922 0 -0.0961561
0.929518 0 -0.0958875
1 0 -0.0958452
0 0 0
0.00990335 -0.00901196 -0.0312967
0.0423422 -0.0166709 -0.0568681
0.0882122 -0.0225393 -0.0752734
0.14819 -0.02685 -0.0878422
0.213647 -0.02954 -0.0946284
0.284588 -0.0312697 -0.0984161
0.356261 -0.0320725 -0.0994446
0.42934 -0.0325273 -0.0997216
0.501732 -0.0325805 -0.0990455
0.574205 -0.032583 -0.0984473
0.645895 -0.0324396 -0.0976133
0.717373 -0.0323413 -0.097037
0.788312 -0.0322039 -0.0964621
0.85907 -0.0321318 -0.0961361
0.929567 -0.0320606 -0.0958767
1 -0.0320552 -0.0958375
0 0 0
0.0108787 -0.0185564 -0.0303662
0.0424321 -0.033952 -0.0554194
0.090246 -0.0460232 -0.0735231
0.149763 -0.0542012 -0.0860559
0.216368 -0.0597298 -0.0929856
0.286705 -0.0626596 -0.0970092
0.358738 -0.0644116 -0.0983291
0.431155 -0.0649546 -0.0988714
0.503527 -0.0652141 -0.0984351
0.575462 -0.0650102 -0.0980234
0.647019 -0.0648457 -0.0973361
0.718119 -0.0645369 -0.0968638
0.788907 -0.0643481 -0.096363
0.859409 -0.0641382 -0.0960835
0.929752 -0.0640562 -0.095851
1 -0.0639935 -0.0958197
0 0 0
0.0104334 -0.028961 -0.028961
0.0445957 -0.0530551 -0.0530551
0.092284 -0.0707606 -0.0707606
0.153824 -0.0832458 -0.0832458
0.220087 -0.0904325 -0.0904325
0.291027 -0.0948654 -0.0948654
0.362267 -0.0966418 -0.0966418
0.434506 -0.0976118 -0.0976118
0.506088 -0.0975389 -0.0975389
0.577658 -0.0974139 -0.0974139
0.648613 -0.0969436 -0.0969436
0.719378 -0.0966266 -0.0966266
0.789747 -0.0962328 -0.0962328
0.859972 -0.0960214 -0.0960214
0.930011 -0.0958267 -0.0958267
1 -0.0958074 -0.0958074
0 0 0
0.0120767 -0.0412407 -0.0269911
0.0460022 -0.0740854 -0.0500005
0.097107 -0.0985503 -0.0671879
0.158867 -0.113461 -0.0797184
0.22639 -0.122844 -0.0872853
0.296549 -0.127014 -0.0922899
0.367461 -0.129411 -0.0946592
0.438664 -0.129786 -0.0961678
0.509573 -0.12989 -0.0965368
0.58031 -0.12932 -0.096752
0.650686 -0.128902 -0.0965335
0.720869 -0.12831 -0.0963916
0.79081 -0.127944 -0.0961179
0.86063 -0.127578 -0.0959798
0.930335 -0.127426 -0.0958272
1 -0.127323 -0.0958194
0 0 0
0.0118026 -0.0554873 -0.0249103
0.0506784 -0.0996509 -0.0466159
0.102804 -0.128478 -0.063379
0.167256 -0.14685 -0.0760001
0.23427 -0.155205 -0.0841201
0.303859 -0.160142 -0.0897599
0.373497 -0.161423 -0.0928051
0.443556 -0.162048 -0.0948573
0.5134 -0.161498 -0.0956762
0.583222 -0.161049 -0.0962104
0.652872 -0.160288 -0.0962262
0.72244 -0.159776 -0.0962384
0.791903 -0.159232 -0.0960674
0.861307 -0.158929 -0.0959908
0.930664 -0.158679 -0.0958712
1 -0.158644 -0.0958739
0 0 0
0.0154854 -0.0743196 -0.0230363
0.0552997 -0.128501 -0.0438234
0.113657 -0.164264 -0.0601872
0.178292 -0.179731 -0.0730972
0.244058 -0.189005 -0.081737
0.312046 -0.191899 -0.088024
0.379737 -0.193486 -0.0916103
0.448493 -0.193185 -0.0941052
0.516969 -0.192841 -0.0952377
0.585961 -0.192005 -0.0959869
0.654783 -0.191399 -0.0961445
0.723849 -0.190725 -0.0962404
0.792821 -0.190293 -0.096123
0.861899 -0.189911 -0.0960713
0.930935 -0.189738 -0.0959681
1 -0.189641 -0.095972
0 0 0
0.0157674 -0.0970581 -0.022755
0.0702848 -0.169957 -0.0429311
0.130662 -0.197252 -0.0593119
0.191008 -0.214255 -0.0724309
0.254662 -0.219988 -0.081503
0.319074 -0.223384 -0.0880193
0.385322 -0.223802 -0.0918287
0.452088 -0.223868 -0.0943768
0.519787 -0.223175 -0.0955482
0.587747 -0.222616 -0.0962655
0.656166 -0.221926 -0.0963956
0.7247 -0.221442 -0.0964464
0.793448 -0.220994 -0.0962968
0.862239 -0.220728 -0.0962153
0.931114 -0.220533 -0.096097
1 -0.220495 -0.0960935
0 0 0
0.0459241 -0.154477 -0.0260566
0.104635 -0.197091 -0.0458035
0.146083 -0.231014 -0.0632448
0.20377 -0.241801 -0.0764421
0.260356 -0.24983 -0.0851941
0.323763 -0.25186 -0.091126
0.387318 -0.253377 -0.0942923
0.453825 -0.253205 -0.0962342
0.520441 -0.253135 -0.0968986
0.588384 -0.252603 -0.0972102
0.656355 -0.252278 -0.097032
0.724927 -0.251855 -0.0968619
0.793491 -0.251614 -0.0965534
0.862311 -0.251376 -0.0963755
0.93112 -0.251283 -0.0961962
1 -0.251219 -0.0961795
0 0 0
0.0121884 0 -0.0446437
0.0428462 0 -0.0798198
0.0932029 0 -0.105361
0.152315 0 -0.120411
0.219825 0 -0.129211
0.289307 0 -0.132352
0.361186 0 -0.133634
0.432831 0 -0.132937
0.504906 0 -0.13215
0.576354 0 -0.13086
0.647703 0 -0.129907
0.718538 0 -0.128925
0.789206 0 -0.128293
0.85957 0 -0.127754
0.929834 0 -0.127507
1 0 -0.127374
0 0 0
0.0115566 -0.00839301 -0.0443104
0.0437371 -0.0157082 -0.0791336
0.0931254 -0.0214011 -0.104589
0.153397 -0.025715 -0.119604
0.2202 -0.0285136 -0.128449
0.290364 -0.0304204 -0.131719
0.361677 -0.0314116 -0.133113
0.433658 -0.0320428 -0.132552
0.505321 -0.0322428 -0.131864
0.57691 -0.0323598 -0.130666
0.647987 -0.0323017 -0.129776
0.718864 -0.0322631 -0.128844
0.789365 -0.0321667 -0.128245
0.859718 -0.0321197 -0.127728
0.929885 -0.0320628 -0.127493
1 -0.0320614 -0.127364
0 0 0
0.0125097 -0.0172902 -0.0431063
0.0438493 -0.0319992 -0.0772725
0.0951148 -0.0437003 -0.102272
0.154919 -0.0519018 -0.117232
0.222823 -0.0576578 -0.12627
0.292388 -0.0609541 -0.129859
0.364065 -0.0630884 -0.131646
0.435412 -0.0639888 -0.131438
0.507071 -0.0645402 -0.131067
0.578147 -0.0645667 -0.130115
0.6491 -0.0645697 -0.129415
0.719609 -0.0643813 -0.12862
0.789962 -0.0642718 -0.128116
0.860061 -0.0641135 -0.12766
0.930071 -0.0640582 -0.127459
1 -0.0640051 -0.127341
0 0 0
0.0120767 -0.0269911 -0.0412407
0.0460022 -0.0500005 -0.0740854
0.097107 -0.0671879 -0.0985503
0.158867 -0.0797184 -0.113461
0.22639 -0.0872853 -0.122844
0.296549 -0.0922899 -0.127014
0.367461 -0.0946592 -0.129411
0.438664 -0.0961678 -0.129786
0.509573 -0.0965368 -0.12989
0.58031 -0.096752 -0.12932
0.650686 -0.0965335 -0.128902
0.720869 -0.0963916 -0.12831
0.79081 -0.0961179 -0.127944
0.86063 -0.0959798 -0.127578
0.930335 -0.0958272 -0.127426
1 -0.0958194 -0.127323
0 0 0
0.0136902 -0.0385409 -0.0385409
0.0474412 -0.0699528 -0.0699528
0.101845 -0.0936709 -0.0936709
0.163771 -0.108676 -0.108676
0.232474 -0.11861 -0.11861
0.301867 -0.123581 -0.123581
0.372483 -0.126786 -0.126786
0.442715 -0.127886 -0.127886
0.512993 -0.128573 -0.128573
0.58294 -0.128453 -0.128453
0.652755 -0.12836 -0.12836
0.722374 -0.128001 -0.128001
0.791887 -0.127788 -0.127788
0.861303 -0.12752 -0.12752
0.930666 -0.127419 -0.127419
1 -0.127335 -0.127335
0 0 0
0.0134338 -0.0521737 -0.0355084
0.0521662 -0.0943734 -0.0650937
0.107461 -0.122286 -0.0882802
0.171981 -0.140763 -0.103526
0.240096 -0.149891 -0.114257
0.308953 -0.155873 -0.120176
0.378359 -0.158191 -0.124288
0.447515 -0.159718 -0.126145
0.516788 -0.159891 -0.127417
0.585854 -0.159989 -0.12773
0.654968 -0.159629 -0.12794
0.723976 -0.159392 -0.127787
0.793012 -0.159038 -0.127707
0.862003 -0.15885 -0.127521
0.931008 -0.158666 -0.127464
1 -0.158649 -0.127394
0 0 0
0.0171215 -0.0707044 -0.0325815
0.0569849 -0.122493 -0.0608092
0.11823 -0.156855 -0.0834684
0.182797 -0.172475 -0.0993027
0.249644 -0.182745 -0.110839
0.316986 -0.186912 -0.117728
0.384519 -0.189739 -0.122595
0.452459 -0.190498 -0.125076
0.520396 -0.19099 -0.126767
0.588667 -0.190788 -0.127387
0.65695 -0.190635 -0.127783
0.725456 -0.190283 -0.127758
0.793984 -0.190061 -0.127747
0.862634 -0.189816 -0.127606
0.931298 -0.189712 -0.127566
1 -0.189642 -0.127505
0 0 0
0.0173648 -0.0937896 -0.0316298
0.0720609 -0.163118 -0.0590062
0.134917 -0.188999 -0.081585
0.195374 -0.206138 -0.0979001
0.260194 -0.213067 -0.110054
0.324115 -0.21789 -0.117412
0.390283 -0.219709 -0.122577
0.456263 -0.220922 -0.125227
0.523424 -0.221161 -0.126987
0.590639 -0.221277 -0.127627
0.658489 -0.221093 -0.128008
0.726429 -0.220947 -0.12796
0.794699 -0.220736 -0.12792
0.863032 -0.22061 -0.127759
0.931505 -0.220499 -0.127702
1 -0.220483 -0.127638
0 0 0
0.0463937 -0.150591 -0.0359245
0.104951 -0.190409 -0.0625834
0.149866 -0.222589 -0.0863333
0.208323 -0.233897 -0.10269
0.266487 -0.242781 -0.114169
0.329524 -0.246457 -0.120864
0.392989 -0.249184 -0.125182
0.458587 -0.250287 -0.127194
0.524575 -0.25105 -0.128375
0.591636 -0.251262 -0.128594
0.658961 -0.251396 -0.128652
0.726843 -0.251349 -0.128372
0.794877 -0.251321 -0.128178
0.86318 -0.251247 -0.127908
0.93155 -0.251222 -0.127802
1 -0.251194 -0.127713
0 0 0
0.0118297 0 -0.0594395
0.0475195 0 -0.10654
0.0989128 0 -0.136853
0.16094 0 -0.155475
0.228004 0 -0.163064
0.296929 0 -0.16671
0.367453 0 -0.166574
0.437876 0 -0.165886
0.508805 0 -0.164231
0.579285 0 -0.162913
0.649873 0 -0.161498
0.720077 0 -0.160517
0.790265 0 -0.159652
0.86022 0 -0.159142
0.930148 0 -0.158778
1 0 -0.158706
0 0 0
0.0112301 -0.00777659 -0.0590787
0.048388 -0.0146887 -0.105764
0.0988577 -0.020235 -0.135912
0.161984 -0.0245536 -0.154495
0.228357 -0.0275063 -0.162133
0.297944 -0.0296019 -0.165935
0.367923 -0.0308052 -0.165944
0.438681 -0.0316115 -0.165417
0.509214 -0.03196 -0.163888
0.579836 -0.0321829 -0.162678
0.65016 -0.0322036 -0.161342
0.720405 -0.0322163 -0.16042
0.790428 -0.0321546 -0.159594
0.860371 -0.0321279 -0.159112
0.930201 -0.0320822 -0.158761
1 -0.0320841 -0.158695
0 0 0
0.0121758 -0.0159861 -0.0576696
0.0485397 -0.0298695 -0.103485
0.100809 -0.0412842 -0.133083
0.163451 -0.0495178 -0.151549
0.230867 -0.0555972 -0.159443
0.299874 -0.0592998 -0.16365
0.370226 -0.0618592 -0.164149
0.440387 -0.0631244 -0.164063
0.510935 -0.063967 -0.162921
0.581066 -0.0642118 -0.162012
0.651275 -0.0643679 -0.160907
0.72116 -0.0642852 -0.16015
0.791035 -0.0642431 -0.15944
0.860722 -0.0641266 -0.15903
0.930391 -0.0640931 -0.158721
1 -0.064047 -0.158667
0 0 0
0.0118026 -0.0249103 -0.0554873
0.0506784 -0.0466159 -0.0996509
0.102804 -0.063379 -0.128478
0.167256 -0.0760001 -0.14685
0.23427 -0.0841201 -0.155205
0.303859 -0.0897599 -0.160142
0.373497 -0.0928051 -0.161423
0.443556 -0.0948573 -0.162048
0.5134 -0.0956762 -0.161498
0.583222 -0.0962104 -0.161049
0.652872 -0.0962262 -0.160288
0.72244 -0.0962384 -0.159776
0.791903 -0.0960674 -0.159232
0.861307 -0.0959908 -0.158929
0.930664 -0.0958712 -0.158679
1 -0.0958739 -0.158644
0 0 0
0.0134338 -0.0355084 -0.0521737
0.0521662 -0.0650937 -0.0943734
0.107461 -0.0882802 -0.122286
0.171981 -0.103526 -0.140763
0.240096 -0.114257 -0.149891
0.308953 -0.120176 -0.155873
0.378359 -0.124288 -0.158191
0.447515 -0.126145 -0.159718
0.516788 -0.127417 -0.159891
0.585854 -0.12773 -0.159989
0.654968 -0.12794 -0.159629
0.723976 -0.127787 -0.159392
0.793012 -0.127707 -0.159038
0.862003 -0.127521 -0.15885
0.931008 -0.127464 -0.158666
1 -0.127394 -0.158649
0 0 0
0.0132828 -0.0481564 -0.0481564
0.0568505 -0.0879942 -0.0879942
0.113041 -0.115251 -0.115251
0.179912 -0.134091 -0.134091
0.247407 -0.144392 -0.144392
0.31579 -0.151598 -0.151598
0.384078 -0.155103 -0.155103
0.452257 -0.157558 -0.157558
0.520575 -0.158465 -0.158465
0.588809 -0.159086 -0.159086
0.657229 -0.159098 -0.159098
0.725635 -0.159113 -0.159113
0.794182 -0.158922 -0.158922
0.862739 -0.158835 -0.158835
0.931366 -0.158703 -0.158703
1 -0.158704 -0.158704
0 0 0
0.0170675 -0.0660566 -0.0437277
0.0617945 -0.114613 -0.0816668
0.123689 -0.147946 -0.108574
0.190381 -0.164332 -0.128336
0.256661 -0.176079 -0.139894
0.323631 -0.18186 -0.148395
0.390197 -0.186085 -0.152908
0.457219 -0.187967 -0.156139
0.524272 -0.189308 -0.157599
0.591715 -0.189719 -0.158591
0.659316 -0.19 -0.158858
0.727201 -0.189937 -0.159025
0.795225 -0.189907 -0.158937
0.863416 -0.189777 -0.158901
0.931681 -0.189738 -0.158802
1 -0.189686 -0.158808
0 0 0
0.0179156 -0.0895307 -0.0417024
0.0768228 -0.154157 -0.0779371
0.140051 -0.178708 -0.105168
0.202733 -0.196827 -0.12569
0.267129 -0.205592 -0.138382
0.330914 -0.212266 -0.147494
0.396148 -0.215647 -0.152529
0.461283 -0.218121 -0.156012
0.527526 -0.21928 -0.157644
0.593903 -0.220082 -0.158704
0.661024 -0.220363 -0.159006
0.72831 -0.220544 -0.159175
0.796036 -0.22054 -0.159082
0.863877 -0.220547 -0.159035
0.931918 -0.220504 -0.158931
1 -0.220511 -0.158932
0 0 0
0.0455573 -0.145348 -0.0467688
0.107911 -0.181077 -0.0819913
0.154831 -0.212361 -0.11024
0.216154 -0.224231 -0.13032
0.274291 -0.235316 -0.142306
0.337224 -0.240596 -0.150563
0.39962 -0.245066 -0.154839
0.464273 -0.24733 -0.157696
0.529162 -0.249097 -0.158822
0.59529 -0.249968 -0.159519
0.66176 -0.250605 -0.159535
0.728922 -0.250884 -0.159521
0.796339 -0.251081 -0.159285
0.864105 -0.251143 -0.159163
0.931999 -0.251193 -0.159003
1 -0.251189 -0.158998
0 0 0
0.01542 0 -0.0784373
0.0520275 0 -0.136196
0.109788 0 -0.174037
0.17224 0 -0.189782
0.238051 0 -0.198163
0.305333 0 -0.199488
0.373788 0 -0.199422
0.442834 0 -0.197579
0.512315 0 -0.195966
0.581945 0 -0.194127
0.651683 0 -0.192776
0.721399 0 -0.191568
0.791106 0 -0.190769
0.860761 0 -0.190154
0.930392 0 -0.189851
1 0 -0.189714
0 0 0
0.0148635 -0.00727351 -0.078065
0.0528598 -0.0139259 -0.135315
0.109758 -0.0193315 -0.172945
0.173241 -0.0237128 -0.188646
0.238387 -0.0267992 -0.197084
0.306316 -0.0290809 -0.198595
0.374254 -0.030446 -0.198698
0.44363 -0.0313902 -0.197043
0.512735 -0.0318368 -0.195575
0.5825 -0.0321274 -0.19386
0.651985 -0.0321918 -0.1926
0.721735 -0.0322298 -0.191457
0.791281 -0.0321837 -0.190706
0.860916 -0.0321637 -0.190119
0.930448 -0.0321225 -0.189833
1 -0.0321245 -0.1897
0 0 0
0.0157889 -0.0148976 -0.0766135
0.0531203 -0.0282245 -0.132843
0.111666 -0.0393416 -0.169688
0.174647 -0.0477464 -0.185239
0.240799 -0.0541047 -0.193974
0.308186 -0.058215 -0.195964
0.376514 -0.061104 -0.19664
0.445337 -0.0626607 -0.195497
0.514468 -0.0636986 -0.194473
0.583764 -0.064088 -0.193104
0.653129 -0.0643293 -0.192106
0.722524 -0.0643042 -0.191153
0.79191 -0.0642907 -0.19053
0.861287 -0.0641931 -0.190028
0.930647 -0.0641654 -0.189786
1 -0.0641235 -0.18967
0 0 0
0.0154854 -0.0230363 -0.0743196
0.0552997 -0.0438234 -0.128501
0.113657 -0.0601872 -0.164264
0.178292 -0.0730972 -0.179731
0.244058 -0.081737 -0.189005
0.312046 -0.088024 -0.191899
0.379737 -0.0916103 -0.193486
0.448493 -0.0941052 -0.193185
0.516969 -0.0952377 -0.192841
0.585961 -0.0959869 -0.192005
0.654783 -0.0961445 -0.191399
0.723849 -0.0962404 -0.190725
0.792821 -0.096123 -0.190293
0.861899 -0.0960713 -0.189911
0.930935 -0.0959681 -0.189738
1 -0.095972 -0.189641
0 0 0
0.0171215 -0.0325815 -0.0707044
0.0569849 -0.0608092 -0.122493
0.11823 -0.0834684 -0.156855
0.182797 -0.0993027 -0.172475
0.249644 -0.110839 -0.182745
0.316986 -0.117728 -0.186912
0.384519 -0.122595 -0.189739
0.452459 -0.125076 -0.190498
0.520396 -0.126767 -0.19099
0.588667 -0.127387 -0.190788
0.65695 -0.127783 -0.190635
0.725456 -0.127758 -0.190283
0.793984 -0.127747 -0.190061
0.862634 -0.127606 -0.189816
0.931298 -0.127566 -0.189712
1 -0.127505 -0.189642
0 0 0
0.0170675 -0.0437277 -0.0660566
0.0617945 -0.0816668 -0.114613
0.123689 -0.108574 -0.147946
0.190381 -0.128336 -0.164332
0.256661 -0.139894 -0.176079
0.323631 -0.148395 -0.18186
0.390197 -0.152908 -0.186085
0.457219 -0.156139 -0.187967
0.524272 -0.157599 -0.189308
0.591715 -0.158591 -0.189719
0.659316 -0.158858 -0.19
0.727201 -0.159025 -0.189937
0.795225 -0.158937 -0.189907
0.863416 -0.158901 -0.189777
0.931681 -0.158802 -0.189738
1 -0.158808 -0.189686
0 0 0
0.0207852 -0.0597861 -0.0597861
0.0669823 -0.106248 -0.106248
0.134139 -0.139202 -0.139202
0.200364 -0.157069 -0.157069
0.265607 -0.170586 -0.170586
0.331383 -0.177973 -0.177973
0.396333 -0.183413 -0.183413
0.4623 -0.186237 -0.186237
0.528111 -0.18821 -0.18821
0.594771 -0.189083 -0.189083
0.661539 -0.189651 -0.189651
0.728877 -0.189789 -0.189789
0.796354 -0.189874 -0.189874
0.864147 -0.189819 -0.189819
0.932023 -0.189814 -0.189814
1 -0.189776 -0.189776
0 0 0
0.0217336 -0.0832016 -0.0549483
0.0823392 -0.142908 -0.0999819
0.149936 -0.167709 -0.133565
0.212311 -0.188134 -0.153255
0.276139 -0.19917 -0.168128
0.338795 -0.207686 -0.176466
0.40257 -0.212545 -0.182559
0.466632 -0.216038 -0.185781
0.531628 -0.217966 -0.18801
0.597182 -0.219268 -0.189029
0.663424 -0.219906 -0.189678
0.730125 -0.22031 -0.189861
0.797261 -0.220455 -0.189963
0.864673 -0.220547 -0.189919
0.932291 -0.220551 -0.189913
1 -0.220572 -0.189878
0 0 0
0.047414 -0.138664 -0.0600893
0.111763 -0.169944 -0.103433
0.165065 -0.200466 -0.137018
0.226551 -0.215542 -0.156654
0.28438 -0.228399 -0.170674
0.345913 -0.235846 -0.178495
0.406846 -0.241648 -0.184042
0.47015 -0.245055 -0.186841
0.533738 -0.247587 -0.18877
0.598868 -0.249008 -0.18953
0.664408 -0.250034 -0.190027
0.730889 -0.250555 -0.19007
0.797677 -0.250931 -0.190105
0.864962 -0.251082 -0.189994
0.932404 -0.251198 -0.189971
1 -0.2512 -0.189915
0 0 0
0.0153685 0 -0.100661
0.0671839 0 -0.178223
0.127109 0 -0.207886
0.185201 0 -0.225203
0.248696 0 -0.229918
0.312244 0 -0.231601
0.379122 0 -0.23021
0.446132 0 -0.228602
0.514827 0 -0.226538
0.583455 0 -0.224894
0.652832 0 -0.223408
0.722066 0 -0.222345
0.791599 0 -0.22151
0.861014 0 -0.220989
0.930528 0 -0.22066
1 0 -0.220574
0 0 0
0.0149772 -0.0072975 -0.100352
0.0679229 -0.0138078 -0.177352
0.127085 -0.0192184 -0.206695
0.186144 -0.0236545 -0.22399
0.24905 -0.0268562 -0.228757
0.313223 -0.029192 -0.230642
0.379631 -0.0306122 -0.229433
0.446953 -0.031557 -0.228028
0.51529 -0.0320023 -0.226118
0.584038 -0.0322676 -0.224611
0.653165 -0.0323119 -0.223217
0.722422 -0.0323249 -0.22223
0.79179 -0.0322613 -0.221439
0.861179 -0.0322262 -0.220954
0.93059 -0.0321772 -0.220639
1 -0.0321756 -0.220563
0 0 0
0.0157936 -0.0148378 -0.0990602
0.0682311 -0.0278961 -0.174596
0.128821 -0.0389713 -0.203188
0.187509 -0.0475284 -0.220271
0.251418 -0.0541023 -0.225394
0.315154 -0.058367 -0.227797
0.381961 -0.0613522 -0.227216
0.448773 -0.0629457 -0.226362
0.517121 -0.0639738 -0.224938
0.585402 -0.064337 -0.223797
0.654387 -0.064537 -0.222692
0.723277 -0.0644762 -0.221901
0.792465 -0.0644282 -0.221254
0.861581 -0.064308 -0.220853
0.930804 -0.0642642 -0.220592
1 -0.0642185 -0.220527
0 0 0
0.0157674 -0.022755 -0.0970581
0.0702848 -0.0429311 -0.169957
0.130662 -0.0593119 -0.197252
0.191008 -0.0724309 -0.214255
0.254662 -0.081503 -0.219988
0.319074 -0.0880193 -0.223384
0.385322 -0.0918287 -0.223802
0.452088 -0.0943768 -0.223868
0.519787 -0.0955482 -0.223175
0.587747 -0.0962655 -0.222616
0.656166 -0.0963956 -0.221926
0.7247 -0.0964464 -0.221442
0.793448 -0.0962968 -0.220994
0.862239 -0.0962153 -0.220728
0.931114 -0.096097 -0.220533
1 -0.0960935 -0.220495
0 0 0
0.0173648 -0.0316298 -0.0937896
0.0720609 -0.0590062 -0.163118
0.134917 -0.081585 -0.188999
0.195374 -0.0979001 -0.206138
0.260194 -0.110054 -0.213067
0.324115 -0.117412 -0.21789
0.390283 -0.122577 -0.219709
0.456263 -0.125227 -0.220922
0.523424 -0.126987 -0.221161
0.590639 -0.127627 -0.221277
0.658489 -0.128008 -0.221093
0.726429 -0.12796 -0.220947
0.794699 -0.12792 -0.220736
0.863032 -0.127759 -0.22061
0.931505 -0.127702 -0.220499
1 -0.127638 -0.220483
0 0 0
0.0179156 -0.0417024 -0.0895307
0.0768228 -0.0779371 -0.154157
0.140051 -0.105168 -0.178708
0.202733 -0.12569 -0.196827
0.267129 -0.138382 -0.205592
0.330914 -0.147494 -0.212266
0.396148 -0.152529 -0.215647
0.461283 -0.156012 -0.218121
0.527526 -0.157644 -0.21928
0.593903 -0.158704 -0.220082
0.661024 -0.159006 -0.220363
0.72831 -0.159175 -0.220544
0.796036 -0.159082 -0.22054
0.863877 -0.159035 -0.220547
0.931918 -0.158931 -0.220504
1 -0.158932 -0.220511
0 0 0
0.0217336 -0.0549483 -0.0832016
0.0823392 -0.0999819 -0.142908
0.149936 -0.133565 -0.167709
0.212311 -0.153255 -0.188134
0.276139 -0.168128 -0.19917
0.338795 -0.176466 -0.207686
0.40257 -0.182559 -0.212545
0.466632 -0.185781 -0.216038
0.531628 -0.18801 -0.217966
0.597182 -0.189029 -0.219268
0.663424 -0.189678 -0.219906
0.730125 -0.189861 -0.22031
0.797261 -0.189963 -0.220455
0.864673 -0.189919 -0.220547
0.932291 -0.189913 -0.220551
1 -0.189878 -0.220572
0 0 0
0.0246853 -0.0750709 -0.0750709
0.0976294 -0.133031 -0.133031
0.164333 -0.160545 -0.160545
0.22443 -0.183271 -0.183271
0.286706 -0.195945 -0.195945
0.346631 -0.205629 -0.205629
0.409135 -0.211244 -0.211244
0.471325 -0.21525 -0.21525
0.535426 -0.217514 -0.217514
0.599833 -0.219023 -0.219023
0.665488 -0.219802 -0.219802
0.731509 -0.220279 -0.220279
0.79826 -0.220478 -0.220478
0.865257 -0.220591 -0.220591
0.932587 -0.220614 -0.220614
1 -0.220633 -0.220633
0 0 0
0.0495465 -0.128793 -0.0774642
0.126283 -0.156355 -0.133427
0.180281 -0.192473 -0.161556
0.239761 -0.209143 -0.184495
0.29573 -0.224192 -0.1967
0.354548 -0.232918 -0.206435
0.413938 -0.239631 -0.211701
0.475297 -0.243779 -0.215694
0.537846 -0.2467 -0.217759
0.601753 -0.248507 -0.219246
0.666638 -0.249693 -0.219919
0.732383 -0.250402 -0.220384
0.798753 -0.250831 -0.220528
0.86559 -0.251069 -0.220638
0.932722 -0.251188 -0.220635
1 -0.251224 -0.220664
0 0 0
0.0468822 0 -0.159168
0.103471 0 -0.205528
0.143331 0 -0.241593
0.198037 0 -0.252748
0.253742 0 -0.259621
0.31605 0 -0.260124
0.380143 0 -0.259711
0.446995 0 -0.257991
0.514741 0 -0.256461
0.583511 0 -0.254923
0.652585 0 -0.253744
0.721977 0 -0.252791
0.791429 0 -0.252125
0.860953 0 -0.251665
0.930472 0 -0.25141
1 0 -0.251323
0 0 0
0.0463475 -0.00841538 -0.158663
0.104004 -0.0147959 -0.204582
0.143212 -0.0206087 -0.240461
0.198945 -0.0251212 -0.251461
0.254176 -0.0282582 -0.258545
0.317107 -0.0304172 -0.259098
0.380775 -0.0316128 -0.258999
0.44791 -0.0323311 -0.257366
0.515298 -0.032577 -0.256086
0.584162 -0.032676 -0.254603
0.652972 -0.0325922 -0.253584
0.722372 -0.0325099 -0.252651
0.791646 -0.0323785 -0.252075
0.861135 -0.0323004 -0.251612
0.930541 -0.0322255 -0.251404
1 -0.0322172 -0.251295
0 0 0
0.0467054 -0.0170705 -0.157112
0.103653 -0.0298273 -0.201876
0.144646 -0.0416842 -0.23687
0.200287 -0.0503869 -0.247883
0.256718 -0.0567608 -0.25512
0.319348 -0.0606976 -0.256348
0.383418 -0.0632024 -0.256725
0.450035 -0.0643873 -0.25576
0.517382 -0.0650192 -0.254864
0.585728 -0.0650845 -0.253827
0.654348 -0.0650423 -0.253028
0.723335 -0.0648087 -0.252344
0.792399 -0.0646389 -0.251868
0.861582 -0.064437 -0.251525
0.930778 -0.0643511 -0.251339
1 -0.064288 -0.251271
0 0 0
0.0459241 -0.0260566 -0.154477
0.104635 -0.0458035 -0.197091
0.146083 -0.0632448 -0.231014
0.20377 -0.0764421 -0.241801
0.260356 -0.0851941 -0.24983
0.323763 -0.091126 -0.25186
0.387318 -0.0942923 -0.253377
0.453825 -0.0962342 -0.253205
0.520441 -0.0968986 -0.253135
0.588384 -0.0972102 -0.252603
0.656355 -0.097032 -0.252278
0.724927 -0.0968619 -0.251855
0.793491 -0.0965534 -0.251614
0.862311 -0.0963755 -0.251376
0.93112 -0.0961962 -0.251283
1 -0.0961795 -0.251219
0 0 0
0.0463937 -0.0359245 -0.150591
0.104951 -0.0625834 -0.190409
0.149866 -0.0863333 -0.222589
0.208323 -0.10269 -0.233897
0.266487 -0.114169 -0.242781
0.329524 -0.120864 -0.246457
0.392989 -0.125182 -0.249184
0.458587 -0.127194 -0.250287
0.524575 -0.128375 -0.25105
0.591636 -0.128594 -0.251262
0.658961 -0.128652 -0.251396
0.726843 -0.128372 -0.251349
0.794877 -0.128178 -0.251321
0.86318 -0.127908 -0.251247
0.93155 -0.127802 -0.251222
1 -0.127713 -0.251194
0 0 0
0.0455573 -0.0467688 -0.145348
0.107911 -0.0819913 -0.181077
0.154831 -0.11024 -0.212361
0.216154 -0.13032 -0.224231
0.274291 -0.142306 -0.235316
0.337224 -0.150563 -0.240596
0.39962 -0.154839 -0.245066
0.464273 -0.157696 -0.24733
0.529162 -0.158822 -0.249097
0.59529 -0.159519 -0.249968
0.66176 -0.159535 -0.250605
0.728922 -0.159521 -0.250884
0.796339 -0.159285 -0.251081
0.864105 -0.159163 -0.251143
0.931999 -0.159003 -0.251193
1 -0.158998 -0.251189
0 0 0
0.047414 -0.0600893 -0.138664
0.111763 -0.103433 -0.169944
0.165065 -0.137018 -0.200466
0.226551 -0.156654 -0.215542
0.28438 -0.170674 -0.228399
0.345913 -0.178495 -0.235846
0.406846 -0.184042 -0.241648
0.47015 -0.186841 -0.245055
0.533738 -0.18877 -0.247587
0.598868 -0.18953 -0.249008
0.664408 -0.190027 -0.250034
0.730889 -0.19007 -0.250555
0.797677 -0.190105 -0.250931
0.864962 -0.189994 -0.251082
0.932404 -0.189971 -0.251198
1 -0.189915 -0.2512
0 0 0
0.0495465 -0.0774642 -0.128793
0.126283 -0.133427 -0.156355
0.180281 -0.161556 -0.192473
0.239761 -0.184495 -0.209143
0.29573 -0.1967 -0.224192
0.354548 -0.206435 -0.232918
0.413938 -0.211701 -0.239631
0.475297 -0.215694 -0.243779
0.537846 -0.217759 -0.2467
0.601753 -0.219246 -0.248507
0.666638 -0.219919 -0.249693
0.732383 -0.220384 -0.250402
0.798753 -0.220528 -0.250831
0.86559 -0.220638 -0.251069
0.932722 -0.220635 -0.251188
1 -0.220664 -0.251224
0 0 0
0.0752209 -0.126354 -0.126354
0.154724 -0.152986 -0.152986
0.196976 -0.19238 -0.19238
0.255802 -0.207345 -0.207345
0.305217 -0.224187 -0.224187
0.362948 -0.232119 -0.232119
0.418956 -0.23962 -0.23962
0.479546 -0.243433 -0.243433
0.540364 -0.246706 -0.246706
0.603822 -0.248362 -0.248362
0.66783 -0.249711 -0.249711
0.733331 -0.250343 -0.250343
0.799263 -0.250854 -0.250854
0.865953 -0.251045 -0.251045
0.932861 -0.251211 -0.251211
1 -0.251209 -0.251209

CELL_DATA 1024
SCALARS part_id int
LOOKUP_TABLE default
0
0
0
0
0
0
0
0
0
0
0
0
0
0
0
0
0
0
0
0
0
0
0
0
0
0
0
0
0
0
0
0
0
0
0
0
0
0
0
0
0
0
0
0
0
0
0
0
0
0
0
0
0
0
0
0
0
0
0
0
0
0
0
0
0
0
0
0
0
0
0
0
0
0
0
0
0
0
0
0
0
0
0
0
0
0
0
0
0
0
0
0
0
0
0
0
0
0
0
0
0
0
0
0
0
0
0
0
0
0
0
0
0
0
0
0
0
0
0
0
0
0
0
0
0
0
0
0
0
0
0
0
0
0
0
0
0
0
0
0
0
0
0
0
0
0
0
0
0
0
0
0
0
0
0
0
0
0
0
0
0
0
0
0
0
0
0
0
0
0
0
0
0
0
0
0
0
0
0
0
0
0
0
0
0
0
0
0
0
0
0
0
0
0
0
0
0
0
0
0
0
0
0
0
0
0
0
0
0
0
0
0
0
0
0
0
0
0
0
0
0
0
0
0
0
0
0
0
0
0
0
0
0
0
0
0
0
0
0
0
0
0
0
0
0
0
0
0
0
0
0
0
0
0
0
0
0
0
0
0
0
0
0
0
0
0
0
0
0
0
0
0
0
0
0
0
0
0
0
0
0
0
0
0
0
0
0
0
0
0
0
0
0
0
0
0
0
0
0
0
0
0
0
0
0
0
0
0
0
0
0
0
0
0
0
0
0
0
0
0
0
0
0
0
0
0
0
0
0
0
0
0
0
0
0
0
0
0
0
0
0
0
0
0
0
0
0
0
0
0
0
0
0
0
0
0
0
0
0
0
0
0
0
0
0
0
0
0
0
0
0
0
0
0
0
0
0
0
0
0
0
0
0
0
0
0
0
0
0
0
0
0
0
0
0
0
0
0
0
0
0
0
0
0
0
0
0
0
0
0
0
0
0
0
0
0
0
0
0
0
0
0
0
0
0
0
0
0
0
0
0
0
0
0
0
0
0
0
0
0
0
0
0
0
0
0
0
0
0
0
0
0
0
0
0
0
0
0
0
0
0
0
0
0
0
0
0
0
0
0
0
0
0
0
0
0
0
0
0
0
0
0
0
0
0
0
0
0
0
0
0
0
0
0
0
0
0
0
0
0
0
0
0
0
0
0
0
0
0
0
0
0
0
0
0
0
0
0
0
0
0
0
0
0
0
0
0
0
0
0
0
0
0
0
0
0
0
0
0
0
0
0
0
0
0
0
0
0
0
0
0
0
0
0
0
0
0
0
0
0
0
0
0
0
0
0
0
0
0
0
0
0
0
0
0
0
0
0
0
0
0
0
0
0
0
0
0
0
0
0
0
0
0
0
0
0
0
0
0
0
0
0
0
0
0
0
0
0
0
0
0
0
0
0
0
0
0
0
0
0
0
0
0
0
0
0
0
0
0
0
0
0
0
0
0
0
0
0
0
0
0
0
0
0
0
0
0
0
0
0
0
0
0
0
0
0
0
0
0
0
0
0
0
0
0
0
0
0
0
0
0
0
0
0
0
0
0
0
0
0
0
0
0
0
0
0
0
0
0
0
0
0
0
0
0
0
0
0
0
0
0
0
0
0
0
0
0
0
0
0
0
0
0
0
0
0
0
0
0
0
0
0
0
0
0
0
0
0
0
0
0
0
0
0
0
0
0
0
0
0
0
0
0
0
0
0
0
0
0
0
0
0
0
0
0
0
0
0
0
0
0
0
0
0
0
0
0
0
0
0
0
0
0
0
0
0
0
0
0
0
0
0
0
0
0
0
0
0
0
0
0
0
0
0
0
0
0
0
0
0
0
0
0
0
0
0
0
0
0
0
0
0
0
0
0
0
0
0
0
0
0
0
0
0
0
0
0
0
0
0
0
0
0
0
0
0
0
0
0
0
0
0
0
0
0
0
0
0
0
0
0
0
0
0
0
0
0
0
0
0
0
0
0
0
0
0
0
0
0
0
0
0
0
0
0
0
0
0
0
0
0
0
0
0
0
0
0
0
0
0
0
0
0
0
0
0
0
0
0
0
0
0
0
0
0
0
0
0
0
0
0
0
0
0
0
0
0
0
0
0
0
0
0
0
0
0
0
0
0
0
0
0
0
0
0
0
0
0
0
0
0
0
0
0
0
0
0
0
0
0
0
0
0
0
0
0
0
0
0
0
0
0
0
0
0
0
0
0
0
0
0
0
0
0
0
0
0
0
0
0
0
0
0
0
0
0
0
0
0
0
0
0
0
0
0
0
0
0
0
0
0
0
0
0
0
0
0
0
0
0
0
0
0
0
0
0
0
0
0
0
0
0
0
0
TENSORS stress float
0.150541 -0.00360851 -0.00360851
-0.00360851 0.130159 0.000102441
-0.00360851 0.000102441 0.130159

0.165686 -0.00299255 -0.00299255
-0.00299255 0.103302 0.000118144
-0.00299255 0.000118144 0.103302

0.175587 -0.00219997 -0.00219997
-0.00219997 0.0738272 0.000116212
-0.00219997 0.000116212 0.0738272

0.185562 -0.00149922 -0.00149922
-0.00149922 0.0505917 0.00010545
-0.00149922 0.00010545 0.0505917

0.189213 -0.000567751 -0.000567751
-0.000567751 0.0298474 9.24323e-05
-0.000567751 9.24323e-05 0.0298474

0.191971 -0.000100956 -0.000100956
-0.000100956 0.0171727 7.89214e-05
-0.000100956 7.89214e-05 0.0171727

0.190399 0.00040082 0.00040082
0.00040082 0.00748094 6.53483e-05
0.00040082 6.53483e-05 0.00748094

0.189004 0.000463627 0.000463627
0.000463627 0.00304442 5.15995e-05
0.000463627 5.15995e-05 0.00304442

0.185816 0.00060033 0.00060033
0.00060033 -0.000340615 3.90994e-05
0.00060033 3.90994e-05 -0.000340615

0.183546 0.000484097 0.000484097
0.000484097 -0.00127862 2.8141e-05
0.000484097 2.8141e-05 -0.00127862

0.180844 0.000473664 0.000473664
0.000473664 -0.00219592 1.94186e-05
0.000473664 1.94186e-05 -0.00219592

0.179066 0.000336134 0.000336134
0.000336134 -0.0021023 1.26447e-05
0.000336134 1.26447e-05 -0.0021023

0.177352 0.000287936 0.000287936
0.000287936 -0.00223875 7.78817e-06
0.000287936 7.78817e-06 -0.00223875

0.176323 0.000173153 0.000173153
0.000173153 -0.00201006 4.43086e-06
0.000173153 4.43086e-06 -0.00201006

0.175523 0.000121588 0.000121588
0.000121588 -0.00198526 2.38566e-06
0.000121588 2.38566e-06 -0.00198526

0.175193 2.51243e-05 2.51243e-05
2.51243e-05 -0.001891 1.4043e-06
2.51243e-05 1.4043e-06 -0.001891

0.151918 -0.0100231 -0.00355248
-0.0100231 0.131195 0.000302842
-0.00355248 0.000302842 0.131099

0.163698 -0.00894031 -0.00296586
-0.00894031 0.100146 0.000358397
-0.00296586 0.000358397 0.100722

0.177047 -0.00686442 -0.00219547
-0.00686442 0.0734518 0.000348655
-0.00219547 0.000348655 0.074432

0.18395 -0.00411473 -0.00150957
-0.00411473 0.0473114 0.000312561
-0.00150957 0.000312561 0.0483286

0.189974 -0.00186683 -0.000590486
-0.00186683 0.0294264 0.000273641
-0.000590486 0.000273641 0.0302999

0.19036 9.12484e-05 -0.000132457
9.12484e-05 0.0150498 0.000233132
-0.000132457 0.000233132 0.0157053

0.190368 0.00103463 0.000365219
0.00103463 0.00760321 0.00019218
0.000365219 0.00019218 0.00802327

0.187558 0.00163744 0.000429094
0.00163744 0.00204055 0.000151428
0.000429094 0.000151428 0.00230117

0.185454 0.00163003 0.000569949
0.00163003 2.27703e-05 0.000114068
0.000569949 0.000114068 0.000138071

0.182479 0.00157735 0.000459879
0.00157735 -0.00167197 8.19247e-05
0.000459879 8.19247e-05 -0.00162277

0.180465 0.00128674 0.000455134
0.00128674 -0.00185 5.61493e-05
0.000455134 5.61493e-05 -0.00186986

0.178367 0.00106947 0.000323099
0.00106947 -0.00221142 3.64472e-05
0.000323099 3.64472e-05 -0.00224965

0.177041 0.000773486 0.000278933
0.000773486 -0.00198113 2.22188e-05
0.000278933 2.22188e-05 -0.00204722

0.175877 0.000556909 0.000167638
0.000556909 -0.00198676 1.25147e-05
0.000167638 1.25147e-05 -0.00205461

0.175247 0.000307799 0.000118464
0.000307799 -0.00181353 6.55688e-06
0.000118464 6.55688e-06 -0.00189033

0.174881 0.000113922 2.42314e-05
0.000113922 -0.00179096 3.73066e-06
2.42314e-05 3.73066e-06 -0.00186705

0.14707 -0.0180199 -0.00344384
-0.0180199 0.125957 0.000501478
-0.00344384 0.000501478 0.125289

0.166803 -0.0153599 -0.00291825
-0.0153599 0.100421 0.000580952
-0.00291825 0.000580952 0.102214

0.173438 -0.0111935 -0.00218649
-0.0111935 0.0663463 0.000561951
-0.00218649 0.000561951 0.0692068

0.18626 -0.00677857 -0.00153079
-0.00677857 0.0461521 0.00050339
-0.00153079 0.00050339 0.0491577

0.186626 -0.00242503 -0.000635653
-0.00242503 0.0238616 0.000439001
-0.000635653 0.000439001 0.0263981

0.19081 0.00033047 -0.000193541
0.00033047 0.0148432 0.000372906
-0.000193541 0.000372906 0.0166668

0.187146 0.00214285 0.000295859
0.00214285 0.00472598 0.000305793
0.000295859 0.000305793 0.00591437

0.186918 0.0026777 0.000363492
0.0026777 0.00266228 0.000239137
0.000363492 0.000239137 0.00331769

0.182938 0.00282008 0.000512519
0.00282008 -0.0011696 0.000178892
0.000512519 0.000178892 -0.000845706

0.181659 0.0024779 0.00041496
0.0024779 -0.0009335 0.000127311
0.00041496 0.000127311 -0.000862144

0.178784 0.00212011 0.000421081
0.00212011 -0.00224821 8.65512e-05
0.000421081 8.65512e-05 -0.00230293

0.17769 0.00164419 0.000299498
0.00164419 -0.00162468 5.5491e-05
0.000299498 5.5491e-05 -0.00177591

0.17599 0.00124847 0.000262828
0.00124847 -0.00202689 3.33327e-05
0.000262828 3.33327e-05 -0.00221335

0.175338 0.000840104 0.00015787
0.000840104 -0.00158142 1.82359e-05
0.00015787 1.82359e-05 -0.00179705

0.174567 0.0005013 0.000113004
0.0005013 -0.00168615 9.05535e-06
0.000113004 9.05535e-06 -0.00190716

0.174355 0.00015545 2.26546e-05
0.00015545 -0.001535 4.69177e-06
2.26546e-05 4.69177e-06 -0.0017615

0.151452 -0.0258459 -0.00329459
-0.0258459 0.129254 0.000684216
-0.00329459 0.000684216 0.127895

0.16012 -0.0220355 -0.00285354
-0.0220355 0.0899096 0.000783445
-0.00285354 0.000783445 0.0932055

0.178002 -0.0158583 -0.00218152
-0.0158583 0.0648811 0.000747337
-0.00218152 0.000747337 0.070545

0.180827 -0.00837781 -0.00156318
-0.00837781 0.0357483 0.0006608
-0.00156318 0.0006608 0.0415631

0.188249 -0.00267779 -0.000702441
-0.00267779 0.0227747 0.000576141
-0.000702441 0.000576141 0.0274886

0.185407 0.00147633 -0.000282543
0.00147633 0.00887382 0.000486463
-0.000282543 0.000486463 0.0121897

0.186323 0.00323114 0.000198453
0.00323114 0.00539294 0.000395843
0.000198453 0.000395843 0.00738096

0.182495 0.00397375 0.000273058
0.00397375 0.000115178 0.000306428
0.000273058 0.000306428 0.00122319

0.181575 0.00376776 0.000435714
0.00376776 -3.28741e-05 0.00022651
0.000435714 0.00022651 0.000391741

0.17867 0.00334058 0.000356378
0.00334058 -0.00184505 0.000159328
0.000356378 0.000159328 -0.00177831

0.17766 0.00270906 0.000377686
0.00270906 -0.00127837 0.000106753
0.000377686 0.000106753 -0.00148462

0.175856 0.00212568 0.000270354
0.00212568 -0.00183986 6.73137e-05
0.000270354 6.73137e-05 -0.00215397

0.17517 0.00155476 0.000243259
0.00155476 -0.00134119 3.93713e-05
0.000243259 3.93713e-05 -0.00174211

0.174224 0.00106561 0.000146468
0.00106561 -0.0014928 2.05671e-05
0.000146468 2.05671e-05 -0.00191124

0.173889 0.000611409 0.00010658
0.000611409 -0.00123952 9.17038e-06
0.00010658 9.17038e-06 -0.00167735

0.173595 0.000203606 2.09635e-05
0.000203606 -0.00126976 3.79611e-06
2.09635e-05 3.79611e-06 -0.00170674

0.139616 -0.0365484 -0.00312451
-0.0365484 0.11687 0.000850243
-0.00312451 0.000850243 0.113145

0.167315 -0.029935 -0.00279384
-0.029935 0.0900272 0.000932078
-0.00279384 0.000932078 0.0953591

0.169526 -0.0194176 -0.00217571
-0.0194176 0.0484217 0.000865914
-0.00217571 0.000865914 0.057589

0.184678 -0.00953647 -0.00160274
-0.00953647 0.0332293 0.000761657
-0.00160274 0.000761657 0.0423365

0.180029 -0.00121382 -0.000784525
-0.00121382 0.0119472 0.000659522
-0.000784525 0.000659522 0.0190016

0.18431 0.00277373 -0.000386593
0.00277373 0.00926933 0.000555832
-0.000386593 0.000555832 0.0137584

0.17934 0.00472087 8.46016e-05
0.00472087 0.000780959 0.000447162
8.46016e-05 0.000447162 0.00343307

0.180305 0.00494279 0.000173448
0.00494279 0.00159905 0.000341604
0.000173448 0.000341604 0.00281578

0.176892 0.00455994 0.000353204
0.00455994 -0.00169331 0.000248895
0.000353204 0.000248895 -0.00128444

0.176935 0.0038315 0.000296916
0.0038315 -0.000479144 0.00017215
0.000296916 0.00017215 -0.000644463

0.174872 0.00306305 0.000335108
0.00306305 -0.00174393 0.000113328
0.000335108 0.000113328 -0.00217594

0.174708 0.00233939 0.000243495
0.00233939 -0.000858678 6.96698e-05
0.000243495 6.96698e-05 -0.00146829

0.173571 0.00169645 0.000225948
0.00169645 -0.00133801 3.92914e-05
0.000225948 3.92914e-05 -0.00200085

0.173424 0.00114542 0.00013707
0.00114542 -0.000848321 1.89766e-05
0.00013707 1.89766e-05 -0.00154461

0.172918 0.000655652 0.000101432
0.000655652 -0.00101567 6.83551e-06
0.000101432 6.83551e-06 -0.00170848

0.172859 0.000215898 1.97136e-05
0.000215898 -0.000866912 1.11259e-06
1.97136e-05 1.11259e-06 -0.00156058

0.1496 -0.0478121 -0.00299032
-0.0478121 0.124184 0.000983521
-0.00299032 0.000983521 0.117758

0.153655 -0.0377859 -0.00275082
-0.0377859 0.0678389 0.00099416
-0.00275082 0.00099416 0.0749964

0.178231 -0.0230773 -0.00219438
-0.0230773 0.0445996 0.000888299
-0.00219438 0.000888299 0.057947

0.172416 -0.00706752 -0.00164509
-0.00706752 0.0144446 0.000757315
-0.00164509 0.000757315 0.0268332

0.177982 0.000676595 -0.000867832
0.000676595 0.011852 0.000663468
-0.000867832 0.000663468 0.0200269

0.173536 0.00459466 -0.000490468
0.00459466 0.00166445 0.000554038
-0.000490468 0.000554038 0.00670061

0.175628 0.00564786 -2.08654e-05
0.00564786 0.00258271 0.000440613
-2.08654e-05 0.000440613 0.005009

0.173383 0.00544818 8.84602e-05
0.00544818 -0.00103821 0.000331189
8.84602e-05 0.000331189 -6.23964e-05

0.174256 0.00474451 0.000287803
0.00474451 4.78482e-05 0.000237039
0.000287803 0.000237039 -2.12703e-05

0.173045 0.00382294 0.00025532
0.00382294 -0.00124912 0.000160872
0.00025532 0.000160872 -0.00179996

0.173333 0.0029978 0.000307838
0.0029978 -0.000491525 0.00010344
0.000307838 0.00010344 -0.00136183

0.172628 0.0022196 0.000229749
0.0022196 -0.000962921 6.16647e-05
0.000229749 6.16647e-05 -0.00192283

0.172676 0.00160416 0.000218068
0.00160416 -0.000524018 3.29478e-05
0.000218068 3.29478e-05 -0.00153469

0.172295 0.00105426 0.00013462
0.00105426 -0.000692531 1.40466e-05
0.00013462 1.40466e-05 -0.00168045

0.172275 0.000611978 9.99424e-05
0.000611978 -0.000504186 2.83629e-06
9.99424e-05 2.83629e-06 -0.00147944

0.172147 0.000190745 1.99666e-05
0.000190745 -0.000553175 -2.39957e-06
1.99666e-05 -2.39957e-06 -0.00151038

0.125201 -0.0656066 -0.00295998
-0.0656066 0.0988383 0.00112563
-0.00295998 0.00112563 0.0842642

0.172777 -0.049121 -0.00282497
-0.049121 0.0638179 0.0009565
-0.00282497 0.0009565 0.0744691

0.158214 -0.0171827 -0.0022241
-0.0171827 0.00978171 0.000709955
-0.0022241 0.000709955 0.0282885

0.166049 -0.00346346 -0.00165692
-0.00346346 0.0139271 0.000623405
-0.00165692 0.000623405 0.0259883

0.160796 0.00284198 -0.000934418
0.00284198 0.000263119 0.000538915
-0.000934418 0.000538915 0.00787111

0.166465 0.00515931 -0.000546559
0.00515931 0.00374349 0.000446989
-0.000546559 0.000446989 0.00726952

0.165716 0.00527079 -7.42482e-05
0.00527079 -0.0010798 0.000349437
-7.42482e-05 0.000349437 0.000296729

0.169297 0.00484519 6.32193e-05
0.00484519 0.000913046 0.000258112
6.32193e-05 0.000258112 0.000745174

0.169268 0.00390669 0.000274861
0.00390669 -0.000984547 0.000181429
0.000274861 0.000181429 -0.00185163

0.171061 0.00314261 0.000259651
0.00314261 0.00012549 0.000120535
0.000259651 0.000120535 -0.00116397

0.170949 0.00233099 0.000315668
0.00233099 -0.000680006 7.56163e-05
0.000315668 7.56163e-05 -0.00207563

0.171708 0.00174793 0.00024281
0.00174793 -8.56427e-05 4.34025e-05
0.00024281 4.34025e-05 -0.00150323

0.171546 0.00120264 0.000228567
0.00120264 -0.000434658 2.16113e-05
0.000228567 2.16113e-05 -0.00178354

0.171821 0.000812727 0.000144495
0.000812727 -0.000146122 7.45492e-06
0.000144495 7.45492e-06 -0.00142903

0.171707 0.000443688 0.000105077
0.000443688 -0.000286317 -8.71319e-07
0.000105077 -8.71319e-07 -0.00150357

0.171755 0.000155306 2.25557e-05
0.000155306 -0.000217518 -4.72075e-06
2.25557e-05 -4.72075e-06 -0.00140239

0.189565 -0.0933322 -0.00366927
-0.0933322 0.122988 0.00151292
-0.00366927 0.00151292 0.107076

0.141285 -0.0280206 -0.0029865
-0.0280206 -0.00214192 0.000505596
-0.0029865 0.000505596 0.0227274

0.134745 -0.00857858 -0.0022471
-0.00857858 0.0131789 0.000382353
-0.0022471 0.000382353 0.0251662

0.136197 -0.00170156 -0.00168438
-0.00170156 -0.0026196 0.000283639
-0.00168438 0.000283639 0.00531295

0.145845 0.00147446 -0.000922429
0.00147446 0.00287455 0.000230238
-0.000922429 0.000230238 0.00534538

0.152596 0.00233166 -0.000486175
0.00233166 -0.000785861 0.000184412
-0.000486175 0.000184412 -0.00039394

0.159363 0.00259749 4.34845e-06
0.00259749 0.000724175 0.000142252
4.34845e-06 0.000142252 -0.000627094

0.163639 0.00224565 0.00016449
0.00224565 -0.00032451 0.000103305
0.00016449 0.000103305 -0.00223544

0.166982 0.00192121 0.000365624
0.00192121 0.000183671 7.3547e-05
0.000365624 7.3547e-05 -0.0020625

0.168927 0.0014672 0.000346475
0.0014672 -0.00014293 4.72379e-05
0.000346475 4.72379e-05 -0.00232226

0.170265 0.0011418 0.000383342
0.0011418 4.56347e-05 3.05682e-05
0.000383342 3.05682e-05 -0.00201717

0.170972 0.00081251 0.000297959
0.00081251 -6.55679e-05 1.62386e-05
0.000297959 1.62386e-05 -0.00190863

0.171409 0.000586514 0.000267722
0.000586514 5.40997e-06 8.4648e-06
0.000267722 8.4648e-06 -0.00165277

0.171611 0.000372276 0.000171413
0.000372276 -3.27553e-05 1.99713e-06
0.000171413 1.99713e-06 -0.00151543

0.171717 0.000219321 0.000120544
0.000219321 -1.07678e-05 -8.64553e-07
0.000120544 -8.64553e-07 -0.00137996

0.171734 6.38613e-05 2.73808e-05
6.38613e-05 -3.89241e-05 -2.65455e-06
2.73808e-05 -2.65455e-06 -0.00134454

0.151918 -0.00355248 -0.0100231
-0.00355248 0.131099 0.000302842
-0.0100231 0.000302842 0.131195

0.163698 -0.00296586 -0.00894031
-0.00296586 0.100722 0.000358397
-0.00894031 0.000358397 0.100146

0.177047 -0.00219547 -0.00686442
-0.00219547 0.074432 0.000348655
-0.00686442 0.000348655 0.0734518

0.18395 -0.00150957 -0.00411473
-0.00150957 0.0483286 0.000312561
-0.00411473 0.000312561 0.0473114

0.189974 -0.000590486 -0.00186683
-0.000590486 0.0302999 0.000273641
-0.00186683 0.000273641 0.0294264

0.19036 -0.000132457 9.12484e-05
-0.000132457 0.0157053 0.000233132
9.12484e-05 0.000233132 0.0150498

0.190368 0.000365219 0.00103463
0.000365219 0.00802327 0.00019218
0.00103463 0.00019218 0.00760321

0.187558 0.000429094 0.00163744
0.000429094 0.00230117 0.000151428
0.00163744 0.000151428 0.00204055

0.185454 0.000569949 0.00163003
0.000569949 0.000138071 0.000114068
0.00163003 0.000114068 2.27703e-05

0.182479 0.000459879 0.00157735
0.000459879 -0.00162277 8.19247e-05
0.00157735 8.19247e-05 -0.00167197

0.180465 0.000455134 0.00128674
0.000455134 -0.00186986 5.61493e-05
0.00128674 5.61493e-05 -0.00185

0.178367 0.000323099 0.00106947
0.000323099 -0.00224965 3.64472e-05
0.00106947 3.64472e-05 -0.00221142

0.177041 0.000278933 0.000773486
0.000278933 -0.00204722 2.22188e-05
0.000773486 2.22188e-05 -0.00198113

0.175877 0.000167638 0.000556909
0.000167638 -0.00205461 1.25147e-05
0.000556909 1.25147e-05 -0.00198676

0.175247 0.000118464 0.000307799
0.000118464 -0.00189033 6.55688e-06
0.000307799 6.55688e-06 -0.00181353

0.174881 2.42314e-05 0.000113922
2.42314e-05 -0.00186705 3.73066e-06
0.000113922 3.73066e-06 -0.00179096

0.153348 -0.00985616 -0.00985616
-0.00985616 0.132192 0.000894759
-0.00985616 0.000894759 0.132192

0.161741 -0.00885865 -0.00885865
-0.00885865 0.0976057 0.00106771
-0.00885865 0.00106771 0.0976057

0.178531 -0.00684883 -0.00684883
-0.00684883 0.0740892 0.00102972
-0.00684883 0.00102972 0.0740892

0.182371 -0.00414425 -0.00414425
-0.00414425 0.045096 0.00092506
-0.00414425 0.00092506 0.045096

0.190746 -0.00193392 -0.00193392
-0.00193392 0.0299034 0.000806704
-0.00193392 0.000806704 0.0299034

0.188778 -3.58157e-06 -3.58157e-06
-3.58157e-06 0.0136187 0.000686897
-3.58157e-06 0.000686897 0.0136187

0.19035 0.000928553 0.000928553
0.000928553 0.008155 0.000563742
0.000928553 0.000563742 0.008155

0.186138 0.00153376 0.00153376
0.00153376 0.00131367 0.000443087
0.00153376 0.000443087 0.00131367

0.185104 0.00154037 0.00154037
0.00154037 0.000499858 0.000331977
0.00154037 0.000331977 0.000499858

0.18143 0.00150505 0.00150505
0.00150505 -0.0020112 0.00023772
0.00150505 0.00023772 -0.0020112

0.180095 0.00123257 0.00123257
0.00123257 -0.00152775 0.00016196
0.00123257 0.00016196 -0.00152775

0.177676 0.00103066 0.00103066
0.00103066 -0.00235818 0.000104664
0.00103066 0.000104664 -0.00235818

0.176731 0.00074741 0.00074741
0.00074741 -0.00179264 6.32239e-05
0.00074741 6.32239e-05 -0.00179264

0.175434 0.000540425 0.000540425
0.000540425 -0.00203208 3.51703e-05
0.000540425 3.51703e-05 -0.00203208

0.174971 0.000298923 0.000298923
0.000298923 -0.00172054 1.79268e-05
0.000298923 1.79268e-05 -0.00172054

0.174567 0.000111053 0.000111053
0.000111053 -0.00176828 9.78388e-06
0.000111053 9.78388e-06 -0.00176828

0.148588 -0.0177362 -0.00953325
-0.0177362 0.127044 0.00148517
-0.00953325 0.00148517 0.126488

0.164975 -0.0152183 -0.00871468
-0.0152183 0.0980136 0.00175027
-0.00871468 0.00175027 0.0992471

0.174999 -0.0111614 -0.00682093
-0.0111614 0.0670736 0.00167496
-0.00682093 0.00167496 0.0689666

0.184732 -0.00682311 -0.00420926
-0.00682311 0.0440126 0.00149502
-0.00420926 0.00149502 0.0460106

0.187446 -0.00253567 -0.00207005
-0.00253567 0.024415 0.00129859
-0.00207005 0.00129859 0.0260839

0.189268 0.000172201 -0.000190598
0.000172201 0.0134654 0.00110085
-0.000190598 0.00110085 0.0146368

0.187174 0.00196556 0.000720781
0.00196556 0.00531567 0.000897951
0.000720781 0.000897951 0.00608671

0.185541 0.00250699 0.00133533
0.00250699 0.00195454 0.000700131
0.00133533 0.000700131 0.00235059

0.182626 0.00267293 0.00137067
0.00267293 -0.000684317 0.000520524
0.00137067 0.000520524 -0.000474529

0.18064 0.00236097 0.00137036
0.00236097 -0.00126992 0.000369366
0.00137036 0.000369366 -0.00124701

0.178433 0.00203245 0.00113302
0.00203245 -0.00192807 0.000249393
0.00113302 0.000249393 -0.00196234

0.177013 0.00158222 0.000960183
0.00158222 -0.00177317 0.000159238
0.000960183 0.000159238 -0.00188558

0.175686 0.00120665 0.000700768
0.00120665 -0.00184241 9.46282e-05
0.000700768 9.46282e-05 -0.00196237

0.174896 0.000814067 0.000511203
0.000814067 -0.00162916 5.11031e-05
0.000511203 5.11031e-05 -0.00177647

0.174289 0.000487072 0.000283384
0.000487072 -0.00159651 2.45021e-05
0.000283384 2.45021e-05 -0.00174036

0.174039 0.000151047 0.000106026
0.000151047 -0.00151493 1.19699e-05
0.000106026 1.19699e-05 -0.00166495

0.153125 -0.0254482 -0.00908729
-0.0254482 0.130486 0.00203001
-0.00908729 0.00203001 0.12928

0.158401 -0.0218255 -0.00851409
-0.0218255 0.0875921 0.00236023
-0.00851409 0.00236023 0.0903916

0.179631 -0.015793 -0.00680241
-0.015793 0.0656715 0.00222703
-0.00680241 0.00222703 0.0704238

0.179406 -0.00842444 -0.00430822
-0.00842444 0.0337452 0.00196976
-0.00430822 0.00196976 0.0385902

0.189098 -0.0028262 -0.00226953
-0.0028262 0.02339 0.00170609
-0.00226953 0.00170609 0.0272605

0.18396 0.00125637 -0.000462673
0.00125637 0.00760193 0.00143676
-0.000462673 0.00143676 0.0102819

0.186394 0.0029863 0.000430004
0.0029863 0.00600231 0.00116165
0.000430004 0.00116165 0.00758359

0.181203 0.00374043 0.00106229
0.00374043 -0.000548399 0.00089568
0.00106229 0.00089568 0.000307508

0.181302 0.00356983 0.00114443
0.00356983 0.000444803 0.000657759
0.00114443 0.000657759 0.00076033

0.177703 0.00318453 0.00119476
0.00318453 -0.00216954 0.000460926
0.00119476 0.000460926 -0.00214749

0.177329 0.00259352 0.00100666
0.00259352 -0.000969891 0.000306689
0.00100666 0.000306689 -0.00115277

0.175199 0.00204433 0.000872908
0.00204433 -0.00198817 0.000192353
0.000872908 0.000192353 -0.00226107

0.17487 0.00150043 0.000644497
0.00150043 -0.00116536 0.000111233
0.000644497 0.000111233 -0.00149782

0.173784 0.00103177 0.000476734
0.00103177 -0.00154352 5.71098e-05
0.000476734 5.71098e-05 -0.00189197

0.173607 0.00059313 0.000265472
0.00059313 -0.00115537 2.42544e-05
0.000265472 2.42544e-05 -0.00151456

0.173274 0.000197846 0.000100233
0.000197846 -0.00125355 8.84887e-06
0.000100233 8.84887e-06 -0.00161268

0.141487 -0.0360448 -0.00858616
-0.0360448 0.118248 0.00253011
-0.00858616 0.00253011 0.114783

0.165873 -0.0296374 -0.00833776
-0.0296374 0.0879118 0.00283399
-0.00833776 0.00283399 0.0928914

0.171301 -0.0192918 -0.00678728
-0.0192918 0.0493333 0.0025946
-0.00678728 0.0025946 0.0577038

0.183358 -0.0095648 -0.00444311
-0.0095648 0.031358 0.00228138
-0.00444311 0.00228138 0.0395797

0.18098 -0.00139183 -0.00252191
-0.00139183 0.0127005 0.00196176
-0.00252191 0.00196176 0.0189698

0.182965 0.00249889 -0.00079026
0.00249889 0.00809228 0.00164494
-0.00079026 0.00164494 0.0119853

0.179514 0.00441727 8.84171e-05
0.00441727 0.00144733 0.00131324
8.84171e-05 0.00131324 0.00372163

0.179107 0.00465951 0.000757024
0.00465951 0.000967426 0.000998084
0.000757024 0.000998084 0.00195141

0.176687 0.00432271 0.000901787
0.00432271 -0.00120939 0.000721536
0.000901787 0.000721536 -0.000895453

0.176021 0.00364745 0.0010143
0.00364745 -0.000798404 0.000497079
0.0010143 0.000497079 -0.000997756

0.174566 0.00292796 0.000883186
0.00292796 -0.00144478 0.000324402
0.000883186 0.000324402 -0.0018455

0.174069 0.00224534 0.000791383
0.00224534 -0.0010089 0.000198369
0.000791383 0.000198369 -0.00157079

0.17327 0.00163393 0.000595012
0.00163393 -0.00117247 0.000110179
0.000595012 0.000110179 -0.00176201

0.172983 0.00110681 0.000447802
0.00110681 -0.00090241 5.20422e-05
0.000447802 5.20422e-05 -0.00152455

0.172626 0.000634797 0.00025131
0.000634797 -0.000938885 1.70574e-05
0.00025131 1.70574e-05 -0.00154971

0.172529 0.000209397 9.56675e-05
0.000209397 -0.000855396 7.60271e-07
9.56675e-05 7.60271e-07 -0.00146808

0.1516 -0.0472437 -0.00819308
-0.0472437 0.125595 0.00292756
-0.00819308 0.00292756 0.119587

0.152383 -0.0373776 -0.0081869
-0.0373776 0.0657415 0.00304069
-0.0081869 0.00304069 0.072795

0.180039 -0.0228455 -0.00682578
-0.0228455 0.0454942 0.00267417
-0.00682578 0.00267417 0.0582518

0.17131 -0.00706285 -0.00458787
-0.00706285 0.0128177 0.00228369
-0.00458787 0.00228369 0.0244671

0.179004 0.000478423 -0.00276864
0.000478423 0.0126639 0.00198273
-0.00276864 0.00198273 0.0201706

0.172408 0.00428449 -0.00112108
0.00428449 0.000643981 0.00164452
-0.00112108 0.00164452 0.00517451

0.175897 0.0053107 -0.000224426
0.0053107 0.00324906 0.00129522
-0.000224426 0.00129522 0.00536255

0.172331 0.00514038 0.000493173
0.00514038 -0.00161214 0.000967142
0.000493173 0.000967142 -0.000821208

0.174105 0.00449086 0.000711361
0.00449086 0.000509043 0.000686042
0.000711361 0.000686042 0.000379787

0.172192 0.00362897 0.000884753
0.00362897 -0.00155674 0.000463116
0.000884753 0.000463116 -0.00211544

0.17304 0.00285687 0.000805434
0.00285687 -0.00021172 0.000294952
0.000805434 0.000294952 -0.00103154

0.171998 0.00212234 0.000746783
0.00212234 -0.00111644 0.000174471
0.000746783 0.000174471 -0.00201422

0.172367 0.0015399 0.000573718
0.0015399 -0.000370283 9.14656e-05
0.000573718 9.14656e-05 -0.00129718

0.171842 0.00101478 0.000438008
0.00101478 -0.000752886 3.75074e-05
0.000438008 3.75074e-05 -0.00165869

0.171967 0.000590688 0.000248501
0.000590688 -0.00043468 5.3742e-06
0.000248501 5.3742e-06 -0.00132178

0.171799 0.000184154 9.46292e-05
0.000184154 -0.000547781 -9.48139e-06
9.46292e-05 -9.48139e-06 -0.00141862

0.127488 -0.0650318 -0.0081974
-0.0650318 0.100376 0.00334405
-0.0081974 0.00334405 0.0864471

0.172059 -0.0485453 -0.00846324
-0.0485453 0.0621296 0.00294668
-0.00846324 0.00294668 0.0729729

0.160272 -0.0168771 -0.00688969
-0.0168771 0.0109444 0.00214366
-0.00688969 0.00214366 0.0290465

0.165263 -0.00345075 -0.00467624
-0.00345075 0.012547 0.00189024
-0.00467624 0.00189024 0.0240823

0.162066 0.00264462 -0.00296129
0.00264462 0.00118457 0.00162111
-0.00296129 0.00162111 0.00831692

0.165611 0.00486004 -0.00132289
0.00486004 0.00283429 0.00133032
-0.00132289 0.00133032 0.00601472

0.166153 0.00495274 -0.000376983
0.00495274 -0.000394426 0.00102941
-0.000376983 0.00102941 0.000792656

0.16839 0.00456103 0.000398654
0.00456103 0.000376607 0.000753625
0.000398654 0.000753625 0.000119395

0.169167 0.00367513 0.00067792
0.00367513 -0.000545055 0.000524285
0.00067792 0.000524285 -0.00140135

0.170255 0.0029675 0.000885549
0.0029675 -0.000169293 0.000345991
0.000885549 0.000345991 -0.00141274

0.170642 0.00220438 0.000830901
0.00220438 -0.000427744 0.00021455
0.000830901 0.00021455 -0.00173473

0.17108 0.00166087 0.000777916
0.00166087 -0.000233163 0.000121818
0.000777916 0.000121818 -0.00156081

0.171204 0.0011453 0.000606107
0.0011453 -0.00030235 5.90883e-05
0.000606107 5.90883e-05 -0.00154874

0.171352 0.000777353 0.000462656
0.000777353 -0.000204931 1.87545e-05
0.000462656 1.87545e-05 -0.00139242

0.171366 0.000424794 0.000265318
0.000424794 -0.000229382 -4.92476e-06
0.000265318 -4.92476e-06 -0.00134922

0.171382 0.000149271 9.95835e-05
0.000149271 -0.000216588 -1.58304e-05
9.95835e-05 -1.58304e-05 -0.00130747

0.190518 -0.0927243 -0.0103175
-0.0927243 0.123464 0.00441629
-0.0103175 0.00441629 0.108281

0.140268 -0.0276002 -0.00890162
-0.0276002 -0.00386923 0.00154781
-0.00890162 0.00154781 0.021053

0.136963 -0.00842307 -0.0068972
-0.00842307 0.0142597 0.00116631
-0.0068972 0.00116631 0.0260534

0.136193 -0.00172164 -0.0047666
-0.00172164 -0.00362706 0.000853079
-0.0047666 0.000853079 0.00405733

0.147471 0.00134178 -0.00288688
0.00134178 0.00374089 0.000700384
-0.00288688 0.000700384 0.00602545

0.152208 0.00213551 -0.00116453
0.00213551 -0.00152898 0.000553347
-0.00116453 0.000553347 -0.00122984

0.159932 0.00239586 -0.000118467
0.00239586 0.00134044 0.000418947
-0.000118467 0.000418947 1.22389e-05

0.162875 0.00206203 0.000674323
0.00206203 -0.00080448 0.000306631
0.000674323 0.000306631 -0.00263257

0.166876 0.00177031 0.000954585
0.00177031 0.000581024 0.000209368
0.000954585 0.000209368 -0.00152289

0.168111 0.00135229 0.00112363
0.00135229 -0.00043187 0.00013916
0.00112363 0.00013916 -0.00246585

0.169916 0.00105601 0.00102983
0.00105601 0.000280816 8.37384e-05
0.00102983 8.37384e-05 -0.00162409

0.170293 0.000754182 0.000930583
0.000754182 -0.00022404 4.76878e-05
0.000930583 4.76878e-05 -0.00192873

0.171025 0.000545792 0.00071837
0.000545792 0.000132685 2.12047e-05
0.00071837 2.12047e-05 -0.00139211

0.171091 0.000348268 0.000538331
0.000348268 -0.000103242 5.72489e-06
0.000538331 5.72489e-06 -0.00147044

0.171338 0.000204975 0.00030842
0.000204975 4.28386e-05 -4.28805e-06
0.00030842 -4.28805e-06 -0.00121649

0.171319 6.03442e-05 0.000114036
6.03442e-05 -4.50863e-05 -8.42945e-06
0.000114036 -8.42945e-06 -0.00124753

0.14707 -0.00344384 -0.0180199
-0.00344384 0.125289 0.000501478
-0.0180199 0.000501478 0.125957

0.166803 -0.00291825 -0.0153599
-0.00291825 0.102214 0.000580952
-0.0153599 0.000580952 0.100421

0.173438 -0.00218649 -0.0111935
-0.00218649 0.0692068 0.000561951
-0.0111935 0.000561951 0.0663463

0.18626 -0.00153079 -0.00677857
-0.00153079 0.0491577 0.00050339
-0.00677857 0.00050339 0.0461521

0.186626 -0.000635653 -0.00242503
-0.000635653 0.0263981 0.000439001
-0.00242503 0.000439001 0.0238616

0.19081 -0.000193541 0.00033047
-0.000193541 0.0166668 0.000372906
0.00033047 0.000372906 0.0148432

0.187146 0.000295859 0.00214285
0.000295859 0.00591437 0.000305793
0.00214285 0.000305793 0.00472598

0.186918 0.000363492 0.0026777
0.000363492 0.00331769 0.000239137
0.0026777 0.000239137 0.00266228

0.182938 0.000512519 0.00282008
0.000512519 -0.000845706 0.000178892
0.00282008 0.000178892 -0.0011696

0.181659 0.00041496 0.0024779
0.00041496 -0.000862144 0.000127311
0.0024779 0.000127311 -0.0009335

0.178784 0.000421081 0.00212011
0.000421081 -0.00230293 8.65512e-05
0.00212011 8.65512e-05 -0.00224821

0.17769 0.000299498 0.00164419
0.000299498 -0.00177591 5.5491e-05
0.00164419 5.5491e-05 -0.00162468

0.17599 0.000262828 0.00124847
0.000262828 -0.00221335 3.33327e-05
0.00124847 3.33327e-05 -0.00202689

0.175338 0.00015787 0.000840104
0.00015787 -0.00179705 1.82359e-05
0.000840104 1.82359e-05 -0.00158142

0.174567 0.000113004 0.0005013
0.000113004 -0.00190716 9.05535e-06
0.0005013 9.05535e-06 -0.00168615

0.174355 2.26546e-05 0.00015545
2.26546e-05 -0.0017615 4.69177e-06
0.00015545 4.69177e-06 -0.001535

0.148588 -0.00953325 -0.0177362
-0.00953325 0.126488 0.00148517
-0.0177362 0.00148517 0.127044

0.164975 -0.00871468 -0.0152183
-0.00871468 0.0992471 0.00175027
-0.0152183 0.00175027 0.0980136

0.174999 -0.00682093 -0.0111614
-0.00682093 0.0689666 0.00167496
-0.0111614 0.00167496 0.0670736

0.184732 -0.00420926 -0.00682311
-0.00420926 0.0460106 0.00149502
-0.00682311 0.00149502 0.0440126

0.187446 -0.00207005 -0.00253567
-0.00207005 0.0260839 0.00129859
-0.00253567 0.00129859 0.024415

0.189268 -0.000190598 0.000172201
-0.000190598 0.0146368 0.00110085
0.000172201 0.00110085 0.0134654

0.187174 0.000720781 0.00196556
0.000720781 0.00608671 0.000897951
0.00196556 0.000897951 0.00531567

0.185541 0.00133533 0.00250699
0.00133533 0.00235059 0.000700131
0.00250699 0.000700131 0.00195454

0.182626 0.00137067 0.00267293
0.00137067 -0.000474529 0.000520524
0.00267293 0.000520524 -0.000684317

0.18064 0.00137036 0.00236097
0.00137036 -0.00124701 0.000369366
0.00236097 0.000369366 -0.00126992

0.178433 0.00113302 0.00203245
0.00113302 -0.00196234 0.000249393
0.00203245 0.000249393 -0.00192807

0.177013 0.000960183 0.00158222
0.000960183 -0.00188558 0.000159238
0.00158222 0.000159238 -0.00177317

0.175686 0.000700768 0.00120665
0.000700768 -0.00196237 9.46282e-05
0.00120665 9.46282e-05 -0.00184241

0.174896 0.000511203 0.000814067
0.000511203 -0.00177647 5.11031e-05
0.000814067 5.11031e-05 -0.00162916

0.174289 0.000283384 0.000487072
0.000283384 -0.00174036 2.45021e-05
0.000487072 2.45021e-05 -0.00159651

0.174039 0.000106026 0.000151047
0.000106026 -0.00166495 1.19699e-05
0.000151047 1.19699e-05 -0.00151493

0.144169 -0.0171814 -0.0171814
-0.0171814 0.121701 0.00247762
-0.0171814 0.00247762 0.121701

0.16829 -0.0149687 -0.0149687
-0.0149687 0.0997532 0.00287647
-0.0149687 0.00287647 0.0997532

0.171624 -0.0111049 -0.0111049
-0.0111049 0.0621451 0.00273235
-0.0111049 0.00273235 0.0621451

0.187169 -0.00692404 -0.00692404
-0.00692404 0.0450608 0.00242497
-0.00692404 0.00242497 0.0450608

0.184251 -0.00276323 -0.00276323
-0.00276323 0.0207622 0.00209486
-0.00276323 0.00209486 0.0207622

0.189815 -0.000140941 -0.000140941
-0.000140941 0.0145659 0.00176525
-0.000140941 0.00176525 0.0145659

0.18411 0.00161756 0.00161756
0.00161756 0.003342 0.00142926
0.00161756 0.00142926 0.003342

0.185006 0.00218036 0.00218036
0.00218036 0.00300253 0.00110409
0.00218036 0.00110409 0.00300253

0.180239 0.00239446 0.00239446
0.00239446 -0.00162345 0.000814042
0.00239446 0.000814042 -0.00162345

0.179891 0.00214335 0.00214335
0.00214335 -0.000520685 0.000571901
0.00214335 0.000571901 -0.000520685

0.176821 0.00187149 0.00187149
0.00187149 -0.0023519 0.000382549
0.00187149 0.000382549 -0.0023519

0.176363 0.0014698 0.0014698
0.0014698 -0.00131712 0.000241044
0.0014698 0.000241044 -0.00131712

0.174657 0.00113193 0.00113193
0.00113193 -0.00201021 0.000140771
0.00113193 0.000140771 -0.00201021

0.174356 0.000767898 0.000767898
0.000767898 -0.00138493 7.34538e-05
0.000767898 7.34538e-05 -0.00138493

0.173606 0.000462236 0.000462236
0.000462236 -0.00161835 3.26381e-05
0.000462236 3.26381e-05 -0.00161835

0.173503 0.000143275 0.000143275
0.000143275 -0.00141758 1.34178e-05
0.000143275 1.34178e-05 -0.00141758

0.148981 -0.0246623 -0.0164048
-0.0246623 0.125417 0.00340928
-0.0164048 0.00340928 0.124813

0.162107 -0.0214519 -0.0146238
-0.0214519 0.0897034 0.00392113
-0.0146238 0.00392113 0.0913482

0.176505 -0.0156828 -0.0110715
-0.0156828 0.0610099 0.00367232
-0.0110715 0.00367232 0.0639361

0.181992 -0.0085465 -0.00709216
-0.0085465 0.0350189 0.00321817
-0.00709216 0.00321817 0.0379081

0.186063 -0.00313984 -0.00310862
-0.00313984 0.0199769 0.0027666
-0.00310862 0.0027666 0.0222057

0.184637 0.000813755 -0.000603883
0.000813755 0.00885441 0.0023095
-0.000603883 0.0023095 0.010382

0.183486 0.00250337 0.00112575
0.00250337 0.00414 0.00184893
0.00112575 0.00184893 0.00496132

0.180798 0.00329182 0.00172922
0.00329182 0.000546641 0.00141015
0.00172922 0.00141015 0.00101522

0.179029 0.00319502 0.00202188
0.00319502 -0.000470105 0.00102543
0.00202188 0.00102543 -0.000358764

0.177034 0.00289373 0.00185949
0.00289373 -0.0014156 0.000710792
0.00185949 0.000710792 -0.00141215

0.175768 0.00238139 0.00166665
0.00238139 -0.0013995 0.000467904
0.00166665 0.000467904 -0.00154442

0.174579 0.0018968 0.00133074
0.0018968 -0.00153757 0.000289264
0.00133074 0.000289264 -0.00169542

0.173849 0.00140333 0.00104143
0.00140333 -0.00134434 0.000163867
0.00104143 0.000163867 -0.00155426

0.173244 0.000971882 0.000713662
0.000971882 -0.00130554 8.06569e-05
0.000713662 8.06569e-05 -0.00150479

0.172914 0.000561151 0.000433325
0.000561151 -0.0011863 3.04976e-05
0.000433325 3.04976e-05 -0.00139976

0.172727 0.000187777 0.000134562
0.000187777 -0.00116295 7.02999e-06
0.000134562 7.02999e-06 -0.00137039

0.138087 -0.0350336 -0.0155025
-0.0350336 0.113843 0.00428239
-0.0155025 0.00428239 0.111152

0.169751 -0.0291013 -0.0143115
-0.0291013 0.090054 0.00474715
-0.0143115 0.00474715 0.0941333

0.168528 -0.0190695 -0.0110516
-0.0190695 0.0449915 0.00432207
-0.0110516 0.00432207 0.0517457

0.186077 -0.00966609 -0.00732942
-0.00966609 0.0328372 0.00376153
-0.00732942 0.00376153 0.0392418

0.178195 -0.00178116 -0.0035591
-0.00178116 0.00961344 0.00320101
-0.0035591 0.00320101 0.0143329

0.183793 0.00193907 -0.00116716
0.00193907 0.00946937 0.00265045
-0.00116716 0.00265045 0.012274

0.176861 0.00381499 0.000542871
0.00381499 -0.000254814 0.00208899
0.000542871 0.00208899 0.00130407

0.178838 0.004113 0.0012241
0.004113 0.00206277 0.0015664
0.0012241 0.0015664 0.0026904

0.174586 0.00387335 0.00162043
0.00387335 -0.00206818 0.00111954
0.00162043 0.00111954 -0.00193594

0.175414 0.00330405 0.00156767
0.00330405 -8.20029e-05 0.00076145
0.00156767 0.00076145 -0.000283212

0.173082 0.0026803 0.00146548
0.0026803 -0.00185768 0.000490969
0.00146548 0.000490969 -0.00220737

0.173453 0.00207457 0.00120059
0.00207457 -0.000593862 0.000295041
0.00120059 0.000295041 -0.00103074

0.172268 0.0015225 0.000961277
0.0015225 -0.00134795 0.000159774
0.000961277 0.000159774 -0.00180693

0.172423 0.00103832 0.000667951
0.00103832 -0.000687975 7.10153e-05
0.000667951 7.10153e-05 -0.00115461

0.171922 0.000598493 0.000410225
0.000598493 -0.000973401 1.81063e-05
0.000410225 1.81063e-05 -0.00143309

0.171959 0.000197903 0.000127691
0.000197903 -0.000776775 -6.51497e-06
0.000127691 -6.51497e-06 -0.00123293

0.148581 -0.0460827 -0.0147485
-0.0460827 0.12139 0.00498924
-0.0147485 0.00498924 0.11645

0.156763 -0.0366235 -0.0140529
-0.0366235 0.0680882 0.00514296
-0.0140529 0.00514296 0.0747077

0.177618 -0.0224211 -0.0111409
-0.0224211 0.0414413 0.00451066
-0.0111409 0.00451066 0.052945

0.174235 -0.00711778 -0.00760069
-0.00711778 0.0145968 0.00381286
-0.00760069 0.00381286 0.0246836

0.176615 3.34658e-05 -0.00402973
3.34658e-05 0.00996482 0.00326576
-0.00402973 0.00326576 0.0161191

0.173506 0.00363984 -0.00174771
0.00363984 0.00217272 0.0026626
-0.00174771 0.0026626 0.00576161

0.173581 0.00463884 -3.4531e-06
0.00463884 0.00170555 0.00206176
-3.4531e-06 0.00206176 0.00320968

0.17226 0.00454293 0.000783413
0.00454293 -0.000492664 0.00151463
0.000783413 0.00151463 1.8094e-05

0.172173 0.00400972 0.00129878
0.00400972 -0.00031831 0.0010593
0.00129878 0.0010593 -0.000571805

0.171668 0.00326663 0.00135599
0.00326663 -0.000851941 0.000704565
0.00135599 0.000704565 -0.00137086

0.171599 0.00259815 0.00133417
0.00259815 -0.000635903 0.000441997
0.00133417 0.000441997 -0.00137249

0.171395 0.0019459 0.00112815
0.0019459 -0.000713861 0.000255885
0.00112815 0.000255885 -0.00146368

0.171348 0.00142512 0.000923764
0.00142512 -0.000564385 0.00012946
0.000923764 0.00012946 -0.00134299

0.171261 0.000944869 0.000652124
0.000944869 -0.000547832 4.77983e-05
0.000652124 4.77983e-05 -0.00128536

0.171228 0.000553526 0.000403995
0.000553526 -0.000483997 -3.10424e-07
0.000403995 -3.10424e-07 -0.00120956

0.171196 0.000172546 0.000126662
0.000172546 -0.000479342 -2.25241e-05
0.000126662 -2.25241e-05 -0.0011848

0.125714 -0.0638347 -0.0145763
-0.0638347 0.097081 0.00570163
-0.0145763 0.00570163 0.0846604

0.176694 -0.0474289 -0.0144265
-0.0474289 0.0644046 0.00497623
-0.0144265 0.00497623 0.0754682

0.158758 -0.0162981 -0.0112639
-0.0162981 0.00781057 0.00366563
-0.0112639 0.00366563 0.0250748

0.168558 -0.00349888 -0.00775263
-0.00349888 0.0145429 0.00320305
-0.00775263 0.00320305 0.0249428

0.16037 0.00219567 -0.00441047
0.00219567 -0.00109141 0.00270098
-0.00441047 0.00270098 0.00506951

0.1671 0.0042274 -0.00210361
0.0042274 0.00440971 0.00217065
-0.00210361 0.00217065 0.00694895

0.164282 0.00431597 -0.000289556
0.00431597 -0.00176784 0.00164382
-0.000289556 0.00164382 -0.000959657

0.168482 0.00400454 0.000618992
0.00400454 0.00143682 0.00118003
0.000618992 0.00118003 0.00107208

0.16742 0.00323602 0.0012238
0.00323602 -0.00130884 0.000806853
0.0012238 0.000806853 -0.00215897

0.169725 0.00263828 0.00134878
0.00263828 0.000458193 0.000523077
0.00134878 0.000523077 -0.000651081

0.169246 0.00197217 0.00136137
0.00197217 -0.000821772 0.000318082
0.00136137 0.000318082 -0.00197656

0.170409 0.00150215 0.00117208
0.00150215 0.000107888 0.000175659
0.00117208 0.000175659 -0.00102446

0.170172 0.0010427 0.000967339
0.0010427 -0.000481306 8.0528e-05
0.000967339 8.0528e-05 -0.00154625

0.170699 0.000714582 0.000688817
0.000714582 -3.8459e-05 2.0158e-05
0.000688817 2.0158e-05 -0.00103559

0.170589 0.000391484 0.000426883
0.000391484 -0.00027778 -1.50553e-05
0.000426883 -1.50553e-05 -0.00122018

0.170722 0.000138858 0.0001351
0.000138858 -0.000164942 -3.1121e-05
0.0001351 -3.1121e-05 -0.0010779

0.187083 -0.0914741 -0.0180412
-0.0914741 0.119039 0.00750519
-0.0180412 0.00750519 0.105524

0.143912 -0.0267593 -0.0151247
-0.0267593 -0.00206363 0.00258387
-0.0151247 0.00258387 0.0228221

0.136587 -0.00813893 -0.0112951
-0.00813893 0.0117054 0.00197491
-0.0112951 0.00197491 0.0231062

0.140436 -0.00178716 -0.00786737
-0.00178716 -0.00150601 0.00146254
-0.00786737 0.00146254 0.00563966

0.147032 0.00102654 -0.0042999
0.00102654 0.00191457 0.00117871
-0.0042999 0.00117871 0.00381847

0.154213 0.00173396 -0.00181577
0.00173396 -2.93098e-05 0.000911399
-0.00181577 0.000911399 0.000135658

0.158571 0.00198498 0.000105679
0.00198498 0.00013951 0.0006778
0.000105679 0.0006778 -0.00114621

0.163075 0.00170487 0.00105979
0.00170487 0.000184872 0.000478975
0.00105979 0.000478975 -0.0014259

0.165189 0.00148485 0.00163672
0.00148485 -0.000152493 0.000325369
0.00163672 0.000325369 -0.00199874

0.167535 0.00113342 0.00171061
0.00113342 0.000166277 0.000207141
0.00171061 0.000207141 -0.00155556

0.168429 0.000901668 0.00165481
0.000901668 -0.000135917 0.000125022
0.00165481 0.000125022 -0.00176073

0.169548 0.000643764 0.00139837
0.000643764 0.000112375 6.62385e-05
0.00139837 6.62385e-05 -0.00131402

0.169885 0.000475837 0.00113257
0.000475837 -7.67021e-05 2.87621e-05
0.00113257 2.87621e-05 -0.00136526

0.170368 0.000302074 0.000799213
0.000302074 6.32282e-05 4.00893e-06
0.000799213 4.00893e-06 -0.00108115

0.170471 0.00018233 0.000490895
0.00018233 -2.62322e-05 -9.67348e-06
0.000490895 -9.67348e-06 -0.00108773

0.170585 5.13933e-05 0.00015525
5.13933e-05 -1.26888e-06 -1.62298e-05
0.00015525 -1.62298e-05 -0.00101196

0.151452 -0.00329459 -0.0258459
-0.00329459 0.127895 0.000684216
-0.0258459 0.000684216 0.129254

0.16012 -0.00285354 -0.0220355
-0.00285354 0.0932055 0.000783445
-0.0220355 0.000783445 0.0899096

0.178002 -0.00218152 -0.0158583
-0.00218152 0.070545 0.000747337
-0.0158583 0.000747337 0.0648811

0.180827 -0.00156318 -0.00837781
-0.00156318 0.0415631 0.0006608
-0.00837781 0.0006608 0.0357483

0.188249 -0.000702441 -0.00267779
-0.000702441 0.0274886 0.000576141
-0.00267779 0.000576141 0.0227747

0.185407 -0.000282543 0.00147633
-0.000282543 0.0121897 0.000486463
0.00147633 0.000486463 0.00887382

0.186323 0.000198453 0.00323114
0.000198453 0.00738096 0.000395843
0.00323114 0.000395843 0.00539294

0.182495 0.000273058 0.00397375
0.000273058 0.00122319 0.000306428
0.00397375 0.000306428 0.000115178

0.181575 0.000435714 0.00376776
0.000435714 0.000391741 0.00022651
0.00376776 0.00022651 -3.28741e-05

0.17867 0.000356378 0.00334058
0.000356378 -0.00177831 0.000159328
0.00334058 0.000159328 -0.00184505

0.17766 0.000377686 0.00270906
0.000377686 -0.00148462 0.000106753
0.00270906 0.000106753 -0.00127837

0.175856 0.000270354 0.00212568
0.000270354 -0.00215397 6.73137e-05
0.00212568 6.73137e-05 -0.00183986

0.17517 0.000243259 0.00155476
0.000243259 -0.00174211 3.93713e-05
0.00155476 3.93713e-05 -0.00134119

0.174224 0.000146468 0.00106561
0.000146468 -0.00191124 2.05671e-05
0.00106561 2.05671e-05 -0.0014928

0.173889 0.00010658 0.000611409
0.00010658 -0.00167735 9.17038e-06
0.000611409 9.17038e-06 -0.00123952

0.173595 2.09635e-05 0.000203606
2.09635e-05 -0.00170674 3.79611e-06
0.000203606 3.79611e-06 -0.00126976

0.153125 -0.00908729 -0.0254482
-0.00908729 0.12928 0.00203001
-0.0254482 0.00203001 0.130486

0.158401 -0.00851409 -0.0218255
-0.00851409 0.0903916 0.00236023
-0.0218255 0.00236023 0.0875921

0.179631 -0.00680241 -0.015793
-0.00680241 0.0704238 0.00222703
-0.015793 0.00222703 0.0656715

0.179406 -0.00430822 -0.00842444
-0.00430822 0.0385902 0.00196976
-0.00842444 0.00196976 0.0337452

0.189098 -0.00226953 -0.0028262
-0.00226953 0.0272605 0.00170609
-0.0028262 0.00170609 0.02339

0.18396 -0.000462673 0.00125637
-0.000462673 0.0102819 0.00143676
0.00125637 0.00143676 0.00760193

0.186394 0.000430004 0.0029863
0.000430004 0.00758359 0.00116165
0.0029863 0.00116165 0.00600231

0.181203 0.00106229 0.00374043
0.00106229 0.000307508 0.00089568
0.00374043 0.00089568 -0.000548399

0.181302 0.00114443 0.00356983
0.00114443 0.00076033 0.000657759
0.00356983 0.000657759 0.000444803

0.177703 0.00119476 0.00318453
0.00119476 -0.00214749 0.000460926
0.00318453 0.000460926 -0.00216954

0.177329 0.00100666 0.00259352
0.00100666 -0.00115277 0.000306689
0.00259352 0.000306689 -0.000969891

0.175199 0.000872908 0.00204433
0.000872908 -0.00226107 0.000192353
0.00204433 0.000192353 -0.00198817

0.17487 0.000644497 0.00150043
0.000644497 -0.00149782 0.000111233
0.00150043 0.000111233 -0.00116536

0.173784 0.000476734 0.00103177
0.000476734 -0.00189197 5.71098e-05
0.00103177 5.71098e-05 -0.00154352

0.173607 0.000265472 0.00059313
0.000265472 -0.00151456 2.42544e-05
0.00059313 2.42544e-05 -0.00115537

0.173274 0.000100233 0.000197846
0.000100233 -0.00161268 8.84887e-06
0.000197846 8.84887e-06 -0.00125355

0.148981 -0.0164048 -0.0246623
-0.0164048 0.124813 0.00340928
-0.0246623 0.00340928 0.125417

0.162107 -0.0146238 -0.0214519
-0.0146238 0.0913482 0.00392113
-0.0214519 0.00392113 0.0897034

0.176505 -0.0110715 -0.0156828
-0.0110715 0.0639361 0.00367232
-0.0156828 0.00367232 0.0610099

0.181992 -0.00709216 -0.0085465
-0.00709216 0.0379081 0.00321817
-0.0085465 0.00321817 0.0350189

0.186063 -0.00310862 -0.00313984
-0.00310862 0.0222057 0.0027666
-0.00313984 0.0027666 0.0199769

0.184637 -0.000603883 0.000813755
-0.000603883 0.010382 0.0023095
0.000813755 0.0023095 0.00885441

0.183486 0.00112575 0.00250337
0.00112575 0.00496132 0.00184893
0.00250337 0.00184893 0.00414

0.180798 0.00172922 0.00329182
0.00172922 0.00101522 0.00141015
0.00329182 0.00141015 0.000546641

0.179029 0.00202188 0.00319502
0.00202188 -0.000358764 0.00102543
0.00319502 0.00102543 -0.000470105

0.177034 0.00185949 0.00289373
0.00185949 -0.00141215 0.000710792
0.00289373 0.000710792 -0.0014156

0.175768 0.00166665 0.00238139
0.00166665 -0.00154442 0.000467904
0.00238139 0.000467904 -0.0013995

0.174579 0.00133074 0.0018968
0.00133074 -0.00169542 0.000289264
0.0018968 0.000289264 -0.00153757

0.173849 0.00104143 0.00140333
0.00104143 -0.00155426 0.000163867
0.00140333 0.000163867 -0.00134434

0.173244 0.000713662 0.000971882
0.000713662 -0.00150479 8.06569e-05
0.000971882 8.06569e-05 -0.00130554

0.172914 0.000433325 0.000561151
0.000433325 -0.00139976 3.04976e-05
0.000561151 3.04976e-05 -0.0011863

0.172727 0.000134562 0.000187777
0.000134562 -0.00137039 7.02999e-06
0.000187777 7.02999e-06 -0.00116295

0.154307 -0.0235394 -0.0235394
-0.0235394 0.129069 0.00474243
-0.0235394 0.00474243 0.129069

0.156316 -0.0209403 -0.0209403
-0.0209403 0.0817109 0.00541704
-0.0209403 0.00541704 0.0817109

0.181588 -0.0156061 -0.0156061
-0.0156061 0.063064 0.0049875
-0.0156061 0.0049875 0.063064

0.177165 -0.00877261 -0.00877261
-0.00877261 0.0283705 0.00431226
-0.00877261 0.00431226 0.0283705

0.187963 -0.00363346 -0.00363346
-0.00363346 0.0216361 0.00367273
-0.00363346 0.00367273 0.0216361

0.179774 0.000150567 0.000150567
0.000150567 0.00501373 0.00302565
0.000150567 0.00302565 0.00501373

0.183006 0.00181548 0.00181548
0.00181548 0.00581651 0.00238669
0.00181548 0.00238669 0.00581651

0.176844 0.00267095 0.00267095
0.00267095 -0.00130921 0.00179247
0.00267095 0.00179247 -0.00130921

0.177934 0.00269302 0.00269302
0.00269302 0.000775527 0.0012833
0.00269302 0.0012833 0.000775527

0.174312 0.00251433 0.00251433
0.00251433 -0.00227274 0.000876017
0.00251433 0.000876017 -0.00227274

0.174764 0.00211172 0.00211172
0.00211172 -0.000619808 0.00056666
0.00211172 0.00056666 -0.000619808

0.172837 0.00171415 0.00171415
0.00171415 -0.00191481 0.000342743
0.00171415 0.000342743 -0.00191481

0.173045 0.001286 0.001286
0.001286 -0.000907358 0.000187399
0.001286 0.000187399 -0.000907358

0.172127 0.000901299 0.000901299
0.000901299 -0.00143235 8.54987e-05
0.000901299 8.54987e-05 -0.00143235

0.172204 0.000524142 0.000524142
0.000524142 -0.000979043 2.45291e-05
0.000524142 2.45291e-05 -0.000979043

0.171931 0.000176283 0.000176283
0.000176283 -0.00112401 -3.81943e-06
0.000176283 -3.81943e-06 -0.00112401

0.144079 -0.0335533 -0.0221949
-0.0335533 0.118069 0.00603187
-0.0221949 0.00603187 0.116188

0.164847 -0.0283565 -0.0204815
-0.0283565 0.0828072 0.00668954
-0.0204815 0.00668954 0.0854971

0.174131 -0.0188814 -0.0155815
-0.0188814 0.0475902 0.00598505
-0.0155815 0.00598505 0.0515858

0.181574 -0.00991636 -0.00914209
-0.00991636 0.0266851 0.00511356
-0.00914209 0.00511356 0.0303081

0.180451 -0.00242613 -0.0043076
-0.00242613 0.0117661 0.00428728
-0.0043076 0.00428728 0.0143259

0.179263 0.00108164 -0.000681808
0.00108164 0.00592915 0.00348171
-0.000681808 0.00348171 0.00725104

0.176718 0.00294724 0.000992983
0.00294724 0.00160405 0.0026901
0.000992983 0.0026901 0.00237535

0.175163 0.00335386 0.00196937
0.00335386 0.000299248 0.00197976
0.00196937 0.00197976 0.000480987

0.173685 0.00326934 0.0021506
0.00326934 -0.000798052 0.00138889
0.0021506 0.00138889 -0.000760413

0.172835 0.00285636 0.00212248
0.00285636 -0.000921422 0.000928243
0.00212248 0.000928243 -0.00111226

0.172138 0.00236477 0.0018459
0.00236477 -0.00110052 0.000586291
0.0018459 0.000586291 -0.0012956

0.171754 0.00186359 0.00154238
0.00186359 -0.000971516 0.000343285
0.00154238 0.000343285 -0.00124179

0.171452 0.00138746 0.00118137
0.00138746 -0.000937202 0.000177603
0.00118137 0.000177603 -0.00118021

0.171297 0.000957861 0.000841416
0.000957861 -0.000819527 7.03471e-05
0.000841416 7.03471e-05 -0.00108134

0.171178 0.000556253 0.000494264
0.000556253 -0.000784203 6.9477e-06
0.000494264 6.9477e-06 -0.00102618

0.171131 0.000184944 0.000167169
0.000184944 -0.000747506 -2.23467e-05
0.000167169 -2.23467e-05 -0.000992118

0.155224 -0.0443411 -0.0209966
-0.0443411 0.126009 0.00710313
-0.0209966 0.00710313 0.122292

0.152611 -0.0355423 -0.0200748
-0.0355423 0.0611695 0.00737693
-0.0200748 0.00737693 0.0670591

0.183369 -0.0219548 -0.0157206
-0.0219548 0.0441138 0.00636414
-0.0157206 0.00636414 0.0533661

0.170453 -0.00734915 -0.00961069
-0.00734915 0.00935192 0.00528564
-0.00961069 0.00528564 0.0169648

0.179117 -0.000747991 -0.00505049
-0.000747991 0.0123414 0.00442181
-0.00505049 0.00442181 0.0165563

0.169655 0.00263626 -0.00156134
0.00263626 -0.000873067 0.00350818
-0.00156134 0.00350818 0.00139656

0.173728 0.0036575 0.00020985
0.0036575 0.00356739 0.00264696
0.00020985 0.00264696 0.004397

0.16899 0.00370966 0.00134787
0.00370966 -0.00209488 0.00189911
0.00134787 0.00189911 -0.00194616

0.17142 0.00336099 0.00171053
0.00336099 0.000896792 0.00129945
0.00171053 0.00129945 0.000609737

0.169234 0.00279313 0.001831
0.00279313 -0.00166542 0.000845757
0.001831 0.000845757 -0.0021276

0.170687 0.00226857 0.00166861
0.00226857 7.87909e-05 0.000517441
0.00166861 0.000517441 -0.000469279

0.169704 0.00172732 0.00144177
0.00172732 -0.00110539 0.000289509
0.00144177 0.000289509 -0.00166306

0.170509 0.00128605 0.00113007
0.00128605 -0.000177143 0.000136984
0.00113007 0.000136984 -0.000721299

0.170093 0.000862501 0.000817992
0.000862501 -0.000698515 4.00908e-05
0.000817992 4.00908e-05 -0.00121714

0.170439 0.000510189 0.000485399
0.000510189 -0.000309628 -1.64945e-05
0.000485399 -1.64945e-05 -0.000806593

0.170317 0.000159486 0.000165001
0.000159486 -0.000465406 -4.23415e-05
0.000165001 -4.23415e-05 -0.000949801

0.13326 -0.0620158 -0.0206349
-0.0620158 0.102046 0.008143
-0.0206349 0.008143 0.0916167

0.174076 -0.0457628 -0.020591
-0.0457628 0.0584747 0.00720526
-0.020591 0.00720526 0.0697948

0.165249 -0.015587 -0.0158745
-0.015587 0.0113393 0.00528406
-0.0158745 0.00528406 0.0269283

0.165775 -0.00374404 -0.00995761
-0.00374404 0.0101329 0.00454497
-0.00995761 0.00454497 0.0186601

0.163707 0.00137716 -0.00567158
0.00137716 0.00172138 0.00371838
-0.00567158 0.00371838 0.00642742

0.164054 0.0032276 -0.00214448
0.0032276 0.0017172 0.00288017
-0.00214448 0.00288017 0.0033068

0.164916 0.00337272 -0.000219997
0.00337272 0.00017289 0.00211024
-0.000219997 0.00211024 0.000578002

0.165602 0.00322705 0.00108561
0.00322705 -4.24927e-05 0.00147123
0.00108561 0.00147123 -0.000562556

0.166777 0.00263885 0.00158555
0.00263885 -0.000150703 0.000979496
0.00158555 0.000979496 -0.000886624

0.167414 0.0022081 0.00179565
0.0022081 -0.000302729 0.000617602
0.00179565 0.000617602 -0.00124454

0.168272 0.00167438 0.00168708
0.00167438 -0.000185668 0.000363893
0.00168708 0.000363893 -0.00107644

0.168724 0.00130482 0.00148303
0.00130482 -0.00025456 0.000191066
0.00148303 0.000191066 -0.00114038

0.169231 0.00091779 0.00117721
0.00091779 -0.000155541 7.84357e-05
0.00117721 7.84357e-05 -0.000950831

0.169489 0.000639674 0.000857265
0.000639674 -0.000177906 7.87997e-06
0.000857265 7.87997e-06 -0.000931441

0.169709 0.000352791 0.000511845
0.000352791 -0.000138432 -3.24593e-05
0.000511845 -3.24593e-05 -0.000835738

0.169774 0.000126464 0.000173635
0.000126464 -0.000160527 -5.07833e-05
0.000173635 -5.07833e-05 -0.000839037

0.191162 -0.0895957 -0.0253538
-0.0895957 0.121266 0.0105334
-0.0253538 0.0105334 0.110083

0.141491 -0.0254836 -0.0214501
-0.0254836 -0.0072938 0.0036758
-0.0214501 0.0036758 0.0176566

0.143948 -0.00779388 -0.0158119
-0.00779388 0.0151327 0.00286062
-0.0158119 0.00286062 0.025742

0.140178 -0.00203742 -0.0101153
-0.00203742 -0.00475442 0.0021064
-0.0101153 0.0021064 0.00153264

0.151435 0.000484263 -0.00545794
0.000484263 0.00455234 0.00165192
-0.00545794 0.00165192 0.00595696

0.152418 0.00107329 -0.00178135
0.00107329 -0.0022438 0.00123615
-0.00178135 0.00123615 -0.0022468

0.159535 0.00138212 0.000298704
0.00138212 0.00191051 0.000873873
0.000298704 0.000873873 0.000826822

0.160475 0.00120296 0.00161538
0.00120296 -0.00117204 0.000604002
0.00161538 0.000604002 -0.00247557

0.164532 0.00109142 0.00207908
0.00109142 0.000930085 0.000390616
0.00207908 0.000390616 -0.000473296

0.165136 0.000851229 0.00221838
0.000851229 -0.000611108 0.000244571
0.00221838 0.000244571 -0.00193

0.167357 0.000695841 0.00202517
0.000695841 0.000483997 0.000138755
0.00202517 0.000138755 -0.000721975

0.167701 0.000510323 0.00174428
0.000510323 -0.000298942 7.052e-05
0.00174428 7.052e-05 -0.00137641

0.168845 0.00038383 0.00136446
0.00038383 0.000251905 2.4736e-05
0.00136446 2.4736e-05 -0.000706034

0.169017 0.000250114 0.000984554
0.000250114 -0.00011608 -2.63114e-06
0.000984554 -2.63114e-06 -0.000980869

0.169496 0.000151068 0.000583295
0.000151068 0.000110491 -1.87167e-05
0.000583295 -1.87167e-05 -0.000686707

0.169529 4.43145e-05 0.00019787
4.43145e-05 -1.67923e-05 -2.57299e-05
0.00019787 -2.57299e-05 -0.000781033

0.139616 -0.00312451 -0.0365484
-0.00312451 0.113145 0.000850243
-0.0365484 0.000850243 0.11687

0.167315 -0.00279384 -0.029935
-0.00279384 0.0953591 0.000932078
-0.029935 0.000932078 0.0900272

0.169526 -0.00217571 -0.0194176
-0.00217571 0.057589 0.000865914
-0.0194176 0.000865914 0.0484217

0.184678 -0.00160274 -0.00953647
-0.00160274 0.0423365 0.000761657
-0.00953647 0.000761657 0.0332293

0.180029 -0.000784525 -0.00121382
-0.000784525 0.0190016 0.000659522
-0.00121382 0.000659522 0.0119472

0.18431 -0.000386593 0.00277373
-0.000386593 0.0137584 0.000555832
0.00277373 0.000555832 0.00926933

0.17934 8.46016e-05 0.00472087
8.46016e-05 0.00343307 0.000447162
0.00472087 0.000447162 0.000780959

0.180305 0.000173448 0.00494279
0.000173448 0.00281578 0.000341604
0.00494279 0.000341604 0.00159905

0.176892 0.000353204 0.00455994
0.000353204 -0.00128444 0.000248895
0.00455994 0.000248895 -0.00169331

0.176935 0.000296916 0.0038315
0.000296916 -0.000644463 0.00017215
0.0038315 0.00017215 -0.000479144

0.174872 0.000335108 0.00306305
0.000335108 -0.00217594 0.000113328
0.00306305 0.000113328 -0.00174393

0.174708 0.000243495 0.00233939
0.000243495 -0.00146829 6.96698e-05
0.00233939 6.96698e-05 -0.000858678

0.173571 0.000225948 0.00169645
0.000225948 -0.00200085 3.92914e-05
0.00169645 3.92914e-05 -0.00133801

0.173424 0.00013707 0.00114542
0.00013707 -0.00154461 1.89766e-05
0.00114542 1.89766e-05 -0.000848321

0.172918 0.000101432 0.000655652
0.000101432 -0.00170848 6.83551e-06
0.000655652 6.83551e-06 -0.00101567

0.172859 1.97136e-05 0.000215898
1.97136e-05 -0.00156058 1.11259e-06
0.000215898 1.11259e-06 -0.000866912

0.141487 -0.00858616 -0.0360448
-0.00858616 0.114783 0.00253011
-0.0360448 0.00253011 0.118248

0.165873 -0.00833776 -0.0296374
-0.00833776 0.0928914 0.00283399
-0.0296374 0.00283399 0.0879118

0.171301 -0.00678728 -0.0192918
-0.00678728 0.0577038 0.0025946
-0.0192918 0.0025946 0.0493333

0.183358 -0.00444311 -0.0095648
-0.00444311 0.0395797 0.00228138
-0.0095648 0.00228138 0.031358

0.18098 -0.00252191 -0.00139183
-0.00252191 0.0189698 0.00196176
-0.00139183 0.00196176 0.0127005

0.182965 -0.00079026 0.00249889
-0.00079026 0.0119853 0.00164494
0.00249889 0.00164494 0.00809228

0.179514 8.84171e-05 0.00441727
8.84171e-05 0.00372163 0.00131324
0.00441727 0.00131324 0.00144733

0.179107 0.000757024 0.00465951
0.000757024 0.00195141 0.000998084
0.00465951 0.000998084 0.000967426

0.176687 0.000901787 0.00432271
0.000901787 -0.000895453 0.000721536
0.00432271 0.000721536 -0.00120939

0.176021 0.0010143 0.00364745
0.0010143 -0.000997756 0.000497079
0.00364745 0.000497079 -0.000798404

0.174566 0.000883186 0.00292796
0.000883186 -0.0018455 0.000324402
0.00292796 0.000324402 -0.00144478

0.174069 0.000791383 0.00224534
0.000791383 -0.00157079 0.000198369
0.00224534 0.000198369 -0.0010089

0.17327 0.000595012 0.00163393
0.000595012 -0.00176201 0.000110179
0.00163393 0.000110179 -0.00117247

0.172983 0.000447802 0.00110681
0.000447802 -0.00152455 5.20422e-05
0.00110681 5.20422e-05 -0.00090241

0.172626 0.00025131 0.000634797
0.00025131 -0.00154971 1.70574e-05
0.000634797 1.70574e-05 -0.000938885

0.172529 9.56675e-05 0.000209397
9.56675e-05 -0.00146808 7.60271e-07
0.000209397 7.60271e-07 -0.000855396

0.138087 -0.0155025 -0.0350336
-0.0155025 0.111152 0.00428239
-0.0350336 0.00428239 0.113843

0.169751 -0.0143115 -0.0291013
-0.0143115 0.0941333 0.00474715
-0.0291013 0.00474715 0.090054

0.168528 -0.0110516 -0.0190695
-0.0110516 0.0517457 0.00432207
-0.0190695 0.00432207 0.0449915

0.186077 -0.00732942 -0.00966609
-0.00732942 0.0392418 0.00376153
-0.00966609 0.00376153 0.0328372

0.178195 -0.0035591 -0.00178116
-0.0035591 0.0143329 0.00320101
-0.00178116 0.00320101 0.00961344

0.183793 -0.00116716 0.00193907
-0.00116716 0.012274 0.00265045
0.00193907 0.00265045 0.00946937

0.176861 0.000542871 0.00381499
0.000542871 0.00130407 0.00208899
0.00381499 0.00208899 -0.000254814

0.178838 0.0012241 0.004113
0.0012241 0.0026904 0.0015664
0.004113 0.0015664 0.00206277

0.174586 0.00162043 0.00387335
0.00162043 -0.00193594 0.00111954
0.00387335 0.00111954 -0.00206818

0.175414 0.00156767 0.00330405
0.00156767 -0.000283212 0.00076145
0.00330405 0.00076145 -8.20029e-05

0.173082 0.00146548 0.0026803
0.00146548 -0.00220737 0.000490969
0.0026803 0.000490969 -0.00185768

0.173453 0.00120059 0.00207457
0.00120059 -0.00103074 0.000295041
0.00207457 0.000295041 -0.000593862

0.172268 0.000961277 0.0015225
0.000961277 -0.00180693 0.000159774
0.0015225 0.000159774 -0.00134795

0.172423 0.000667951 0.00103832
0.000667951 -0.00115461 7.10153e-05
0.00103832 7.10153e-05 -0.000687975

0.171922 0.000410225 0.000598493
0.000410225 -0.00143309 1.81063e-05
0.000598493 1.81063e-05 -0.000973401

0.171959 0.000127691 0.000197903
0.000127691 -0.00123293 -6.51497e-06
0.000197903 -6.51497e-06 -0.000776775

0.144079 -0.0221949 -0.0335533
-0.0221949 0.116188 0.00603187
-0.0335533 0.00603187 0.118069

0.164847 -0.0204815 -0.0283565
-0.0204815 0.0854971 0.00668954
-0.0283565 0.00668954 0.0828072

0.174131 -0.0155815 -0.0188814
-0.0155815 0.0515858 0.00598505
-0.0188814 0.00598505 0.0475902

0.181574 -0.00914209 -0.00991636
-0.00914209 0.0303081 0.00511356
-0.00991636 0.00511356 0.0266851

0.180451 -0.0043076 -0.00242613
-0.0043076 0.0143259 0.00428728
-0.00242613 0.00428728 0.0117661

0.179263 -0.000681808 0.00108164
-0.000681808 0.00725104 0.00348171
0.00108164 0.00348171 0.00592915

0.176718 0.000992983 0.00294724
0.000992983 0.00237535 0.0026901
0.00294724 0.0026901 0.00160405

0.175163 0.00196937 0.00335386
0.00196937 0.000480987 0.00197976
0.00335386 0.00197976 0.000299248

0.173685 0.0021506 0.00326934
0.0021506 -0.000760413 0.00138889
0.00326934 0.00138889 -0.000798052

0.172835 0.00212248 0.00285636
0.00212248 -0.00111226 0.000928243
0.00285636 0.000928243 -0.000921422

0.172138 0.0018459 0.00236477
0.0018459 -0.0012956 0.000586291
0.00236477 0.000586291 -0.00110052

0.171754 0.00154238 0.00186359
0.00154238 -0.00124179 0.000343285
0.00186359 0.000343285 -0.000971516

0.171452 0.00118137 0.00138746
0.00118137 -0.00118021 0.000177603
0.00138746 0.000177603 -0.000937202

0.171297 0.000841416 0.000957861
0.000841416 -0.00108134 7.03471e-05
0.000957861 7.03471e-05 -0.000819527

0.171178 0.000494264 0.000556253
0.000494264 -0.00102618 6.9477e-06
0.000556253 6.9477e-06 -0.000784203

0.171131 0.000167169 0.000184944
0.000167169 -0.000992118 -2.23467e-05
0.000184944 -2.23467e-05 -0.000747506

0.135635 -0.0316826 -0.0316826
-0.0316826 0.106981 0.00784144
-0.0316826 0.00784144 0.106981

0.173804 -0.027696 -0.027696
-0.027696 0.0869564 0.00848522
-0.027696 0.00848522 0.0869564

0.167471 -0.0188068 -0.0188068
-0.0188068 0.0370499 0.00734037
-0.0188068 0.00734037 0.0370499

0.186269 -0.0103956 -0.0103956
-0.0103956 0.0292139 0.00615534
-0.0103956 0.00615534 0.0292139

0.173509 -0.00335981 -0.00335981
-0.00335981 0.00522223 0.00504058
-0.00335981 0.00504058 0.00522223

0.179121 -1.83262e-05 -1.83262e-05
-1.83262e-05 0.00841752 0.00399593
-1.83262e-05 0.00399593 0.00841752

0.170956 0.00190001 0.00190001
0.00190001 -0.00151924 0.00300693
0.00190001 0.00300693 -0.00151924

0.173736 0.00249154 0.00249154
0.00249154 0.00208185 0.0021576
0.00249154 0.0021576 0.00208185

0.169738 0.00261611 0.00261611
0.00261611 -0.00221809 0.00147834
0.00261611 0.00147834 -0.00221809

0.171433 0.00239223 0.00239223
0.00239223 0.000167477 0.000963663
0.00239223 0.000963663 0.000167477

0.16963 0.00205377 0.00205377
0.00205377 -0.00173004 0.000591699
0.00205377 0.000591699 -0.00173004

0.170645 0.00166392 0.00166392
0.00166392 -0.000362718 0.000332825
0.00166392 0.000332825 -0.000362718

0.169878 0.00126683 0.00126683
0.00126683 -0.00118962 0.000159651
0.00126683 0.000159651 -0.00118962

0.170409 0.000888901 0.000888901
0.000888901 -0.000508915 4.93963e-05
0.000888901 4.93963e-05 -0.000508915

0.170122 0.000522021 0.000522021
0.000522021 -0.000828441 -1.49829e-05
0.000522021 -1.49829e-05 -0.000828441

0.170278 0.000174479 0.000174479
0.000174479 -0.000632221 -4.44378e-05
0.000174479 -4.44378e-05 -0.000632221

0.148052 -0.0420155 -0.0298513
-0.0420155 0.115928 0.00943031
-0.0298513 0.00943031 0.114511

0.163049 -0.0344852 -0.0271565
-0.0344852 0.0663168 0.00968144
-0.0271565 0.00968144 0.0701793

0.177704 -0.0216366 -0.0190608
-0.0216366 0.0346839 0.00807871
-0.0190608 0.00807871 0.0402952

0.175664 -0.00795562 -0.0111173
-0.00795562 0.0127914 0.00651814
-0.0111173 0.00651814 0.0169483

0.173073 -0.00193628 -0.00447023
-0.00193628 0.00671106 0.00524802
-0.00447023 0.00524802 0.00849512

0.170156 0.00130796 -0.00121138
0.00130796 0.00198385 0.00401708
-0.00121138 0.00401708 0.00301848

0.16861 0.00246322 0.000883937
0.00246322 0.000732071 0.00292465
0.000883937 0.00292465 0.000855169

0.167957 0.00275805 0.00172062
0.00275805 -0.000217871 0.0020351
0.00172062 0.0020351 -0.000205748

0.167721 0.0026559 0.00207611
0.0026559 -0.000487421 0.00135203
0.00207611 0.00135203 -0.000774034

0.167981 0.00230222 0.00204227
0.00230222 -0.000554541 0.000853659
0.00204227 0.000853659 -0.000799845

0.1682 0.00194156 0.00183948
0.00194156 -0.000586954 0.000503817
0.00183948 0.000503817 -0.000917484

0.168615 0.00152009 0.00154308
0.00152009 -0.000487786 0.000266592
0.00154308 0.000266592 -0.000760223

0.168872 0.0011606 0.00120375
0.0011606 -0.000471313 0.000111797
0.00120375 0.000111797 -0.000759722

0.169169 0.000791348 0.000859555
0.000791348 -0.00038652 1.50799e-05
0.000859555 1.50799e-05 -0.000634635

0.169308 0.000474677 0.000510374
0.000474677 -0.00038144 -4.02722e-05
0.000510374 -4.02722e-05 -0.000628793

0.169401 0.000148708 0.000171452
0.000148708 -0.000360847 -6.53776e-05
0.000171452 -6.53776e-05 -0.00059425

0.129079 -0.0594525 -0.0288852
-0.0594525 0.0941247 0.0108845
-0.0288852 0.0108845 0.0869835

0.184775 -0.0437964 -0.0276331
-0.0437964 0.0630163 0.00958021
-0.0276331 0.00958021 0.0738165

0.161253 -0.0149611 -0.019389
-0.0149611 0.00377992 0.00698011
-0.019389 0.00698011 0.0165994

0.171935 -0.00448347 -0.0117516
-0.00448347 0.0142981 0.00578952
-0.0117516 0.00578952 0.0200317

0.159054 7.05402e-05 -0.00547016
7.05402e-05 -0.00298709 0.00447561
-0.00547016 0.00447561 -0.000213122

0.16533 0.0018661 -0.00204192
0.0018661 0.00467508 0.00329017
-0.00204192 0.00329017 0.00538225

0.160573 0.00221959 0.000289111
0.00221959 -0.00232158 0.00230446
0.000289111 0.00230446 -0.00236319

0.164772 0.00232503 0.00135719
0.00232503 0.00170228 0.0015459
0.00135719 0.0015459 0.00123079

0.163379 0.00198986 0.00188923
0.00198986 -0.00138555 0.000990315
0.00188923 0.000990315 -0.00198533

0.166074 0.00175654 0.00196957
0.00175654 0.000647023 0.000601045
0.00196957 0.000601045 1.59708e-05

0.165861 0.0013773 0.00183526
0.0013773 -0.000767569 0.000335673
0.00183526 0.000335673 -0.00137388

0.167476 0.00111529 0.00157198
0.00111529 0.000239449 0.000161862
0.00157198 0.000161862 -0.000316995

0.167577 0.000803021 0.00124323
0.000803021 -0.00040391 5.08979e-05
0.00124323 5.08979e-05 -0.000913071

0.168423 0.000574017 0.000895641
0.000574017 5.94266e-05 -1.62674e-05
0.000895641 -1.62674e-05 -0.000404168

0.168514 0.00031965 0.000534598
0.00031965 -0.000200012 -5.41095e-05
0.000534598 -5.41095e-05 -0.000633962

0.168758 0.000116529 0.000180078
0.000116529 -8.45982e-05 -7.08948e-05
0.000180078 -7.08948e-05 -0.00050158

0.185185 -0.0869914 -0.0346337
-0.0869914 0.112363 0.0138966
-0.0346337 0.0138966 0.104935

0.151901 -0.0238317 -0.0285108
-0.0238317 -0.0025232 0.00481773
-0.0285108 0.00481773 0.0218574

0.143427 -0.00758243 -0.0193107
-0.00758243 0.0094422 0.00379242
-0.0193107 0.00379242 0.0186451

0.148457 -0.0025738 -0.0118512
-0.0025738 -0.000326067 0.0027648
-0.0118512 0.0027648 0.00464875

0.14916 -0.000441322 -0.00526701
-0.000441322 0.000829943 0.00204732
-0.00526701 0.00204732 0.00154461

0.154601 0.000200504 -0.00161761
0.000200504 0.000680694 0.00141753
-0.00161761 0.00141753 0.00071313

0.155825 0.00063767 0.000821025
0.00063767 -0.00032555 0.000963284
0.000821025 0.000963284 -0.00116092

0.159836 0.000614015 0.00188403
0.000614015 0.000580846 0.000623211
0.00188403 0.000623211 -0.000202175

0.16107 0.0006689 0.00237774
0.0006689 -0.000326083 0.000390033
0.00237774 0.000390033 -0.0012571

0.163753 0.000541205 0.00237203
0.000541205 0.000381915 0.000228202
0.00237203 0.000228202 -0.000411227

0.16472 0.000494326 0.00216393
0.000494326 -0.000185718 0.000122156
0.00216393 0.000122156 -0.000964635

0.166362 0.000370115 0.0018175
0.000370115 0.000237279 5.33003e-05
0.0018175 5.33003e-05 -0.000427429

0.166986 0.000301269 0.00142418
0.000301269 -7.23476e-05 1.0511e-05
0.00142418 1.0511e-05 -0.000695367

0.167856 0.000196221 0.00101463
0.000196221 0.000142635 -1.50337e-05
0.00101463 -1.50337e-05 -0.000409005

0.168151 0.000126616 0.000604106
0.000126616 5.66275e-06 -2.91798e-05
0.000604106 -2.91798e-05 -0.000518368

0.168402 3.39303e-05 0.000201737
3.39303e-05 5.04258e-05 -3.53688e-05
0.000201737 -3.53688e-05 -0.000449467

0.1496 -0.00299032 -0.0478121
-0.00299032 0.117758 0.000983521
-0.0478121 0.000983521 0.124184

0.153655 -0.00275082 -0.0377859
-0.00275082 0.0749964 0.00099416
-0.0377859 0.00099416 0.0678389

0.178231 -0.00219438 -0.0230773
-0.00219438 0.057947 0.000888299
-0.0230773 0.000888299 0.0445996

0.172416 -0.00164509 -0.00706752
-0.00164509 0.0268332 0.000757315
-0.00706752 0.000757315 0.0144446

0.177982 -0.000867832 0.000676595
-0.000867832 0.0200269 0.000663468
0.000676595 0.000663468 0.011852

0.173536 -0.000490468 0.00459466
-0.000490468 0.00670061 0.000554038
0.00459466 0.000554038 0.00166445

0.175628 -2.08654e-05 0.00564786
-2.08654e-05 0.005009 0.000440613
0.00564786 0.000440613 0.00258271

0.173383 8.84602e-05 0.00544818
8.84602e-05 -6.23964e-05 0.000331189
0.00544818 0.000331189 -0.00103821

0.174256 0.000287803 0.00474451
0.000287803 -2.12703e-05 0.000237039
0.00474451 0.000237039 4.78482e-05

0.173045 0.00025532 0.00382294
0.00025532 -0.00179996 0.000160872
0.00382294 0.000160872 -0.00124912

0.173333 0.000307838 0.0029978
0.000307838 -0.00136183 0.00010344
0.0029978 0.00010344 -0.000491525

0.172628 0.000229749 0.0022196
0.000229749 -0.00192283 6.16647e-05
0.0022196 6.16647e-05 -0.000962921

0.172676 0.000218068 0.00160416
0.000218068 -0.00153469 3.29478e-05
0.00160416 3.29478e-05 -0.000524018

0.172295 0.00013462 0.00105426
0.00013462 -0.00168045 1.40466e-05
0.00105426 1.40466e-05 -0.000692531

0.172275 9.99424e-05 0.000611978
9.99424e-05 -0.00147944 2.83629e-06
0.000611978 2.83629e-06 -0.000504186

0.172147 1.99666e-05 0.000190745
1.99666e-05 -0.00151038 -2.39957e-06
0.000190745 -2.39957e-06 -0.000553175

0.1516 -0.00819308 -0.0472437
-0.00819308 0.119587 0.00292756
-0.0472437 0.00292756 0.125595

0.152383 -0.0081869 -0.0373776
-0.0081869 0.072795 0.00304069
-0.0373776 0.00304069 0.0657415

0.180039 -0.00682578 -0.0228455
-0.00682578 0.0582518 0.00267417
-0.0228455 0.00267417 0.0454942

0.17131 -0.00458787 -0.00706285
-0.00458787 0.0244671 0.00228369
-0.00706285 0.00228369 0.0128177

0.179004 -0.00276864 0.000478423
-0.00276864 0.0201706 0.00198273
0.000478423 0.00198273 0.0126639

0.172408 -0.00112108 0.00428449
-0.00112108 0.00517451 0.00164452
0.00428449 0.00164452 0.000643981

0.175897 -0.000224426 0.0053107
-0.000224426 0.00536255 0.00129522
0.0053107 0.00129522 0.00324906

0.172331 0.000493173 0.00514038
0.000493173 -0.000821208 0.000967142
0.00514038 0.000967142 -0.00161214

0.174105 0.000711361 0.00449086
0.000711361 0.000379787 0.000686042
0.00449086 0.000686042 0.000509043

0.172192 0.000884753 0.00362897
0.000884753 -0.00211544 0.000463116
0.00362897 0.000463116 -0.00155674

0.17304 0.000805434 0.00285687
0.000805434 -0.00103154 0.000294952
0.00285687 0.000294952 -0.00021172

0.171998 0.000746783 0.00212234
0.000746783 -0.00201422 0.000174471
0.00212234 0.000174471 -0.00111644

0.172367 0.000573718 0.0015399
0.000573718 -0.00129718 9.14656e-05
0.0015399 9.14656e-05 -0.000370283

0.171842 0.000438008 0.00101478
0.000438008 -0.00165869 3.75074e-05
0.00101478 3.75074e-05 -0.000752886

0.171967 0.000248501 0.000590688
0.000248501 -0.00132178 5.3742e-06
0.000590688 5.3742e-06 -0.00043468

0.171799 9.46292e-05 0.000184154
9.46292e-05 -0.00141862 -9.48139e-06
0.000184154 -9.48139e-06 -0.000547781

0.148581 -0.0147485 -0.0460827
-0.0147485 0.11645 0.00498924
-0.0460827 0.00498924 0.12139

0.156763 -0.0140529 -0.0366235
-0.0140529 0.0747077 0.00514296
-0.0366235 0.00514296 0.0680882

0.177618 -0.0111409 -0.0224211
-0.0111409 0.052945 0.00451066
-0.0224211 0.00451066 0.0414413

0.174235 -0.00760069 -0.00711778
-0.00760069 0.0246836 0.00381286
-0.00711778 0.00381286 0.0145968

0.176615 -0.00402973 3.34658e-05
-0.00402973 0.0161191 0.00326576
3.34658e-05 0.00326576 0.00996482

0.173506 -0.00174771 0.00363984
-0.00174771 0.00576161 0.0026626
0.00363984 0.0026626 0.00217272

0.173581 -3.4531e-06 0.00463884
-3.4531e-06 0.00320968 0.00206176
0.00463884 0.00206176 0.00170555

0.17226 0.000783413 0.00454293
0.000783413 1.8094e-05 0.00151463
0.00454293 0.00151463 -0.000492664

0.172173 0.00129878 0.00400972
0.00129878 -0.000571805 0.0010593
0.00400972 0.0010593 -0.00031831

0.171668 0.00135599 0.00326663
0.00135599 -0.00137086 0.000704565
0.00326663 0.000704565 -0.000851941

0.171599 0.00133417 0.00259815
0.00133417 -0.00137249 0.000441997
0.00259815 0.000441997 -0.000635903

0.171395 0.00112815 0.0019459
0.00112815 -0.00146368 0.000255885
0.0019459 0.000255885 -0.000713861

0.171348 0.000923764 0.00142512
0.000923764 -0.00134299 0.00012946
0.00142512 0.00012946 -0.000564385

0.171261 0.000652124 0.000944869
0.000652124 -0.00128536 4.77983e-05
0.000944869 4.77983e-05 -0.000547832

0.171228 0.000403995 0.000553526
0.000403995 -0.00120956 -3.10424e-07
0.000553526 -3.10424e-07 -0.000483997

0.171196 0.000126662 0.000172546
0.000126662 -0.0011848 -2.25241e-05
0.000172546 -2.25241e-05 -0.000479342

0.155224 -0.0209966 -0.0443411
-0.0209966 0.122292 0.00710313
-0.0443411 0.00710313 0.126009

0.152611 -0.0200748 -0.0355423
-0.0200748 0.0670591 0.00737693
-0.0355423 0.00737693 0.0611695

0.183369 -0.0157206 -0.0219548
-0.0157206 0.0533661 0.00636414
-0.0219548 0.00636414 0.0441138

0.170453 -0.00961069 -0.00734915
-0.00961069 0.0169648 0.00528564
-0.00734915 0.00528564 0.00935192

0.179117 -0.00505049 -0.000747991
-0.00505049 0.0165563 0.00442181
-0.000747991 0.00442181 0.0123414

0.169655 -0.00156134 0.00263626
-0.00156134 0.00139656 0.00350818
0.00263626 0.00350818 -0.000873067

0.173728 0.00020985 0.0036575
0.00020985 0.004397 0.00264696
0.0036575 0.00264696 0.00356739

0.16899 0.00134787 0.00370966
0.00134787 -0.00194616 0.00189911
0.00370966 0.00189911 -0.00209488

0.17142 0.00171053 0.00336099
0.00171053 0.000609737 0.00129945
0.00336099 0.00129945 0.000896792

0.169234 0.001831 0.00279313
0.001831 -0.0021276 0.000845757
0.00279313 0.000845757 -0.00166542

0.170687 0.00166861 0.00226857
0.00166861 -0.000469279 0.000517441
0.00226857 0.000517441 7.87909e-05

0.169704 0.00144177 0.00172732
0.00144177 -0.00166306 0.000289509
0.00172732 0.000289509 -0.00110539

0.170509 0.00113007 0.00128605
0.00113007 -0.000721299 0.000136984
0.00128605 0.000136984 -0.000177143

0.170093 0.000817992 0.000862501
0.000817992 -0.00121714 4.00908e-05
0.000862501 4.00908e-05 -0.000698515

0.170439 0.000485399 0.000510189
0.000485399 -0.000806593 -1.64945e-05
0.000510189 -1.64945e-05 -0.000309628

0.170317 0.000165001 0.000159486
0.000165001 -0.000949801 -4.23415e-05
0.000159486 -4.23415e-05 -0.000465406

0.148052 -0.0298513 -0.0420155
-0.0298513 0.114511 0.00943031
-0.0420155 0.00943031 0.115928

0.163049 -0.0271565 -0.0344852
-0.0271565 0.0701793 0.00968144
-0.0344852 0.00968144 0.0663168

0.177704 -0.0190608 -0.0216366
-0.0190608 0.0402952 0.00807871
-0.0216366 0.00807871 0.0346839

0.175664 -0.0111173 -0.00795562
-0.0111173 0.0169483 0.00651814
-0.00795562 0.00651814 0.0127914

0.173073 -0.00447023 -0.00193628
-0.00447023 0.00849512 0.00524802
-0.00193628 0.00524802 0.00671106

0.170156 -0.00121138 0.00130796
-0.00121138 0.00301848 0.00401708
0.00130796 0.00401708 0.00198385

0.16861 0.000883937 0.00246322
0.000883937 0.000855169 0.00292465
0.00246322 0.00292465 0.000732071

0.167957 0.00172062 0.00275805
0.00172062 -0.000205748 0.0020351
0.00275805 0.0020351 -0.000217871

0.167721 0.00207611 0.0026559
0.00207611 -0.000774034 0.00135203
0.0026559 0.00135203 -0.000487421

0.167981 0.00204227 0.00230222
0.00204227 -0.000799845 0.000853659
0.00230222 0.000853659 -0.000554541

0.1682 0.00183948 0.00194156
0.00183948 -0.000917484 0.000503817
0.00194156 0.000503817 -0.000586954

0.168615 0.00154308 0.00152009
0.00154308 -0.000760223 0.000266592
0.00152009 0.000266592 -0.000487786

0.168872 0.00120375 0.0011606
0.00120375 -0.000759722 0.000111797
0.0011606 0.000111797 -0.000471313

0.169169 0.000859555 0.000791348
0.000859555 -0.000634635 1.50799e-05
0.000791348 1.50799e-05 -0.00038652

0.169308 0.000510374 0.000474677
0.000510374 -0.000628793 -4.02722e-05
0.000474677 -4.02722e-05 -0.00038144

0.169401 0.000171452 0.000148708
0.000171452 -0.00059425 -6.53776e-05
0.000148708 -6.53776e-05 -0.000360847

0.162415 -0.0394745 -0.0394745
-0.0394745 0.125351 0.0118199
-0.0394745 0.0118199 0.125351

0.154445 -0.0337499 -0.0337499
-0.0337499 0.0514189 0.011693
-0.0337499 0.011693 0.0514189

0.188089 -0.0218665 -0.0218665
-0.0218665 0.0384343 0.00917144
-0.0218665 0.00917144 0.0384343

0.166506 -0.00900826 -0.00900826
-0.00900826 0.0026134 0.00702224
-0.00900826 0.00702224 0.0026134

0.173214 -0.00345664 -0.00345664
-0.00345664 0.0103389 0.00543232
-0.00345664 0.00543232 0.0103389

0.162374 -0.000150006 -0.000150006
-0.000150006 -0.00264512 0.00394488
-0.000150006 0.00394488 -0.00264512

0.16671 0.00129466 0.00129466
0.00129466 0.00310037 0.00275645
0.00129466 0.00275645 0.00310037

0.162667 0.00189872 0.00189872
0.00189872 -0.00230258 0.00184294
0.00189872 0.00184294 -0.00230258

0.16587 0.00207058 0.00207058
0.00207058 0.000915066 0.0011786
0.00207058 0.0011786 0.000915066

0.164612 0.0019257 0.0019257
0.0019257 -0.00151169 0.000714064
0.0019257 0.000714064 -0.00151169

0.166783 0.00171212 0.00171212
0.00171212 0.000210066 0.000398561
0.00171212 0.000398561 0.000210066

0.166516 0.00139055 0.00139055
0.00139055 -0.000921011 0.00019209
0.00139055 0.00019209 -0.000921011

0.167821 0.00109119 0.00109119
0.00109119 -4.24285e-05 6.07585e-05
0.00109119 6.07585e-05 -4.24285e-05

0.167829 0.000759051 0.000759051
0.000759051 -0.000545341 -1.87305e-05
0.000759051 -1.87305e-05 -0.000545341

0.168423 0.000460421 0.000460421
0.000460421 -0.000185821 -6.33547e-05
0.000460421 -6.33547e-05 -0.000185821

0.168436 0.000145669 0.000145669
0.000145669 -0.000340034 -8.31677e-05
0.000145669 -8.31677e-05 -0.000340034

0.145974 -0.0563606 -0.0377168
-0.0563606 0.104885 0.0140456
-0.0377168 0.0140456 0.100823

0.179133 -0.0419184 -0.0345794
-0.0419184 0.0498207 0.0122372
-0.0345794 0.0122372 0.0585417

0.173292 -0.0150687 -0.0223985
-0.0150687 0.0100944 0.00843837
-0.0223985 0.00843837 0.0176544

0.164458 -0.00599558 -0.0102678
-0.00599558 0.00592603 0.00642022
-0.0102678 0.00642022 0.00781556

0.160977 -0.00167829 -0.00487735
-0.00167829 0.00164323 0.00458141
-0.00487735 0.00458141 0.00283276

0.158726 0.000370537 -0.00119766
0.000370537 0.000618024 0.00314221
-0.00119766 0.00314221 0.000437765

0.159305 0.00106756 0.000563718
0.00106756 0.000226474 0.00208333
0.000563718 0.00208333 0.000156944

0.159977 0.00150993 0.00146433
0.00150993 -0.000138432 0.00132356
0.00146433 0.00132356 -0.00054434

0.161543 0.00144226 0.00183279
0.00144226 -6.67309e-05 0.000807443
0.00183279 0.000807443 -0.000331476

0.162853 0.00140323 0.00181946
0.00140323 -0.000173279 0.000459507
0.00181946 0.000459507 -0.00051841

0.164273 0.00116383 0.00168305
0.00116383 -9.40708e-05 0.000235453
0.00168305 0.000235453 -0.000345393

0.165385 0.000989428 0.00140092
0.000989428 -0.000113548 9.33156e-05
0.00140092 9.33156e-05 -0.000377127

0.166347 0.00073627 0.00111785
0.00073627 -6.9372e-05 7.07125e-06
0.00111785 7.07125e-06 -0.000278102

0.167033 0.000539013 0.000786046
0.000539013 -6.45422e-05 -4.34158e-05
0.000786046 -4.34158e-05 -0.000269938

0.167494 0.000305301 0.000479792
0.000305301 -5.51401e-05 -7.06355e-05
0.000479792 -7.06355e-05 -0.000235209

0.167703 0.000111674 0.000152434
0.000111674 -7.02338e-05 -8.24313e-05
0.000152434 -8.24313e-05 -0.000247857

0.197516 -0.0839012 -0.0441489
-0.0839012 0.11909 0.0173979
-0.0441489 0.0173979 0.116015

0.150111 -0.0219035 -0.0355271
-0.0219035 -0.0127616 0.00607078
-0.0355271 0.00607078 0.0106916

0.158083 -0.00792897 -0.0220249
-0.00792897 0.0159793 0.00483976
-0.0220249 0.00483976 0.0222919

0.145357 -0.00386476 -0.0106061
-0.00386476 -0.00639468 0.00322309
-0.0106061 0.00322309 -0.00327025

0.152587 -0.00161087 -0.00471104
-0.00161087 0.00521405 0.00207343
-0.00471104 0.00207343 0.00568768

0.149156 -0.000775448 -0.00086275
-0.000775448 -0.00281674 0.00135365
-0.00086275 0.00135365 -0.00271998

0.154944 -0.00012772 0.000956605
-0.00012772 0.00218963 0.000833006
0.000956605 0.000833006 0.00192584

0.155008 9.00654e-05 0.00189658
9.00654e-05 -0.00128518 0.000510557
0.00189658 0.000510557 -0.00160309

0.159235 0.000281646 0.00219761
0.000281646 0.00105167 0.000292613
0.00219761 0.000292613 0.000700797

0.16023 0.00030088 0.00214574
0.00030088 -0.000583147 0.000156564
0.00214574 0.000156564 -0.000936934

0.163042 0.000325208 0.00193302
0.000325208 0.000551988 7.13275e-05
0.00193302 7.13275e-05 0.000216667

0.163993 0.000274602 0.00159929
0.000274602 -0.000240454 1.91368e-05
0.00159929 1.91368e-05 -0.000563448

0.16566 0.000236786 0.00125766
0.000236786 0.000303378 -1.06918e-05
0.00125766 -1.06918e-05 3.7545e-06

0.166268 0.00016521 0.000882481
0.00016521 -5.82888e-05 -2.80358e-05
0.000882481 -2.80358e-05 -0.000344495

0.16703 0.00010699 0.00053372
0.00010699 0.000158503 -3.65406e-05
0.00053372 -3.65406e-05 -0.000113251

0.167213 3.11127e-05 0.000170738
3.11127e-05 3.35324e-05 -4.03474e-05
0.000170738 -4.03474e-05 -0.000232683

0.125201 -0.00295998 -0.0656066
-0.00295998 0.0842642 0.00112563
-0.0656066 0.00112563 0.0988383

0.172777 -0.00282497 -0.049121
-0.00282497 0.0744691 0.0009565
-0.049121 0.0009565 0.0638179

0.158214 -0.0022241 -0.0171827
-0.0022241 0.0282885 0.000709955
-0.0171827 0.000709955 0.00978171

0.166049 -0.00165692 -0.00346346
-0.00165692 0.0259883 0.000623405
-0.00346346 0.000623405 0.0139271

0.160796 -0.000934418 0.00284198
-0.000934418 0.00787111 0.000538915
0.00284198 0.000538915 0.000263119

0.166465 -0.000546559 0.00515931
-0.000546559 0.00726952 0.000446989
0.00515931 0.000446989 0.00374349

0.165716 -7.42482e-05 0.00527079
-7.42482e-05 0.000296729 0.000349437
0.00527079 0.000349437 -0.0010798

0.169297 6.32193e-05 0.00484519
6.32193e-05 0.000745174 0.000258112
0.00484519 0.000258112 0.000913046

0.169268 0.000274861 0.00390669
0.000274861 -0.00185163 0.000181429
0.00390669 0.000181429 -0.000984547

0.171061 0.000259651 0.00314261
0.000259651 -0.00116397 0.000120535
0.00314261 0.000120535 0.00012549

0.170949 0.000315668 0.00233099
0.000315668 -0.00207563 7.56163e-05
0.00233099 7.56163e-05 -0.000680006

0.171708 0.00024281 0.00174793
0.00024281 -0.00150323 4.34025e-05
0.00174793 4.34025e-05 -8.56427e-05

0.171546 0.000228567 0.00120264
0.000228567 -0.00178354 2.16113e-05
0.00120264 2.16113e-05 -0.000434658

0.171821 0.000144495 0.000812727
0.000144495 -0.00142903 7.45492e-06
0.000812727 7.45492e-06 -0.000146122

0.171707 0.000105077 0.000443688
0.000105077 -0.00150357 -8.71319e-07
0.000443688 -8.71319e-07 -0.000286317

0.171755 2.25557e-05 0.000155306
2.25557e-05 -0.00140239 -4.72075e-06
0.000155306 -4.72075e-06 -0.000217518

0.127488 -0.0081974 -0.0650318
-0.0081974 0.0864471 0.00334405
-0.0650318 0.00334405 0.100376

0.172059 -0.00846324 -0.0485453
-0.00846324 0.0729729 0.00294668
-0.0485453 0.00294668 0.0621296

0.160272 -0.00688969 -0.0168771
-0.00688969 0.0290465 0.00214366
-0.0168771 0.00214366 0.0109444

0.165263 -0.00467624 -0.00345075
-0.00467624 0.0240823 0.00189024
-0.00345075 0.00189024 0.012547

0.162066 -0.00296129 0.00264462
-0.00296129 0.00831692 0.00162111
0.00264462 0.00162111 0.00118457

0.165611 -0.00132289 0.00486004
-0.00132289 0.00601472 0.00133032
0.00486004 0.00133032 0.00283429

0.166153 -0.000376983 0.00495274
-0.000376983 0.000792656 0.00102941
0.00495274 0.00102941 -0.000394426

0.16839 0.000398654 0.00456103
0.000398654 0.000119395 0.000753625
0.00456103 0.000753625 0.000376607

0.169167 0.00067792 0.00367513
0.00067792 -0.00140135 0.000524285
0.00367513 0.000524285 -0.000545055

0.170255 0.000885549 0.0029675
0.000885549 -0.00141274 0.000345991
0.0029675 0.000345991 -0.000169293

0.170642 0.000830901 0.00220438
0.000830901 -0.00173473 0.00021455
0.00220438 0.00021455 -0.000427744

0.17108 0.000777916 0.00166087
0.000777916 -0.00156081 0.000121818
0.00166087 0.000121818 -0.000233163

0.171204 0.000606107 0.0011453
0.000606107 -0.00154874 5.90883e-05
0.0011453 5.90883e-05 -0.00030235

0.171352 0.000462656 0.000777353
0.000462656 -0.00139242 1.87545e-05
0.000777353 1.87545e-05 -0.000204931

0.171366 0.000265318 0.000424794
0.000265318 -0.00134922 -4.92476e-06
0.000424794 -4.92476e-06 -0.000229382

0.171382 9.95835e-05 0.000149271
9.95835e-05 -0.00130747 -1.58304e-05
0.000149271 -1.58304e-05 -0.000216588

0.125714 -0.0145763 -0.0638347
-0.0145763 0.0846604 0.00570163
-0.0638347 0.00570163 0.097081

0.176694 -0.0144265 -0.0474289
-0.0144265 0.0754682 0.00497623
-0.0474289 0.00497623 0.0644046

0.158758 -0.0112639 -0.0162981
-0.0112639 0.0250748 0.00366563
-0.0162981 0.00366563 0.00781057

0.168558 -0.00775263 -0.00349888
-0.00775263 0.0249428 0.00320305
-0.00349888 0.00320305 0.0145429

0.16037 -0.00441047 0.00219567
-0.00441047 0.00506951 0.00270098
0.00219567 0.00270098 -0.00109141

0.1671 -0.00210361 0.0042274
-0.00210361 0.00694895 0.00217065
0.0042274 0.00217065 0.00440971

0.164282 -0.000289556 0.00431597
-0.000289556 -0.000959657 0.00164382
0.00431597 0.00164382 -0.00176784

0.168482 0.000618992 0.00400454
0.000618992 0.00107208 0.00118003
0.00400454 0.00118003 0.00143682

0.16742 0.0012238 0.00323602
0.0012238 -0.00215897 0.000806853
0.00323602 0.000806853 -0.00130884

0.169725 0.00134878 0.00263828
0.00134878 -0.000651081 0.000523077
0.00263828 0.000523077 0.000458193

0.169246 0.00136137 0.00197217
0.00136137 -0.00197656 0.000318082
0.00197217 0.000318082 -0.000821772

0.170409 0.00117208 0.00150215
0.00117208 -0.00102446 0.000175659
0.00150215 0.000175659 0.000107888

0.170172 0.000967339 0.0010427
0.000967339 -0.00154625 8.0528e-05
0.0010427 8.0528e-05 -0.000481306

0.170699 0.000688817 0.000714582
0.000688817 -0.00103559 2.0158e-05
0.000714582 2.0158e-05 -3.8459e-05

0.170589 0.000426883 0.000391484
0.000426883 -0.00122018 -1.50553e-05
0.000391484 -1.50553e-05 -0.00027778

0.170722 0.0001351 0.000138858
0.0001351 -0.0010779 -3.1121e-05
0.000138858 -3.1121e-05 -0.000164942

0.13326 -0.0206349 -0.0620158
-0.0206349 0.0916167 0.008143
-0.0620158 0.008143 0.102046

0.174076 -0.020591 -0.0457628
-0.020591 0.0697948 0.00720526
-0.0457628 0.00720526 0.0584747

0.165249 -0.0158745 -0.015587
-0.0158745 0.0269283 0.00528406
-0.015587 0.00528406 0.0113393

0.165775 -0.00995761 -0.00374404
-0.00995761 0.0186601 0.00454497
-0.00374404 0.00454497 0.0101329

0.163707 -0.00567158 0.00137716
-0.00567158 0.00642742 0.00371838
0.00137716 0.00371838 0.00172138

0.164054 -0.00214448 0.0032276
-0.00214448 0.0033068 0.00288017
0.0032276 0.00288017 0.0017172

0.164916 -0.000219997 0.00337272
-0.000219997 0.000578002 0.00211024
0.00337272 0.00211024 0.00017289

0.165602 0.00108561 0.00322705
0.00108561 -0.000562556 0.00147123
0.00322705 0.00147123 -4.24927e-05

0.166777 0.00158555 0.00263885
0.00158555 -0.000886624 0.000979496
0.00263885 0.000979496 -0.000150703

0.167414 0.00179565 0.0022081
0.00179565 -0.00124454 0.000617602
0.0022081 0.000617602 -0.000302729

0.168272 0.00168708 0.00167438
0.00168708 -0.00107644 0.000363893
0.00167438 0.000363893 -0.000185668

0.168724 0.00148303 0.00130482
0.00148303 -0.00114038 0.000191066
0.00130482 0.000191066 -0.00025456

0.169231 0.00117721 0.00091779
0.00117721 -0.000950831 7.84357e-05
0.00091779 7.84357e-05 -0.000155541

0.169489 0.000857265 0.000639674
0.000857265 -0.000931441 7.87997e-06
0.000639674 7.87997e-06 -0.000177906

0.169709 0.000511845 0.000352791
0.000511845 -0.000835738 -3.24593e-05
0.000352791 -3.24593e-05 -0.000138432

0.169774 0.000173635 0.000126464
0.000173635 -0.000839037 -5.07833e-05
0.000126464 -5.07833e-05 -0.000160527

0.129079 -0.0288852 -0.0594525
-0.0288852 0.0869835 0.0108845
-0.0594525 0.0108845 0.0941247

0.184775 -0.0276331 -0.0437964
-0.0276331 0.0738165 0.00958021
-0.0437964 0.00958021 0.0630163

0.161253 -0.019389 -0.0149611
-0.019389 0.0165994 0.00698011
-0.0149611 0.00698011 0.00377992

0.171935 -0.0117516 -0.00448347
-0.0117516 0.0200317 0.00578952
-0.00448347 0.00578952 0.0142981

0.159054 -0.00547016 7.05402e-05
-0.00547016 -0.000213122 0.00447561
7.05402e-05 0.00447561 -0.00298709

0.16533 -0.00204192 0.0018661
-0.00204192 0.00538225 0.00329017
0.0018661 0.00329017 0.00467508

0.160573 0.000289111 0.00221959
0.000289111 -0.00236319 0.00230446
0.00221959 0.00230446 -0.00232158

0.164772 0.00135719 0.00232503
0.00135719 0.00123079 0.0015459
0.00232503 0.0015459 0.00170228

0.163379 0.00188923 0.00198986
0.00188923 -0.00198533 0.000990315
0.00198986 0.000990315 -0.00138555

0.166074 0.00196957 0.00175654
0.00196957 1.59708e-05 0.000601045
0.00175654 0.000601045 0.000647023

0.165861 0.00183526 0.0013773
0.00183526 -0.00137388 0.000335673
0.0013773 0.000335673 -0.000767569

0.167476 0.00157198 0.00111529
0.00157198 -0.000316995 0.000161862
0.00111529 0.000161862 0.000239449

0.167577 0.00124323 0.000803021
0.00124323 -0.000913071 5.08979e-05
0.000803021 5.08979e-05 -0.00040391

0.168423 0.000895641 0.000574017
0.000895641 -0.000404168 -1.62674e-05
0.000574017 -1.62674e-05 5.94266e-05

0.168514 0.000534598 0.00031965
0.000534598 -0.000633962 -5.41095e-05
0.00031965 -5.41095e-05 -0.000200012

0.168758 0.000180078 0.000116529
0.000180078 -0.00050158 -7.08948e-05
0.000116529 -7.08948e-05 -8.45982e-05

0.145974 -0.0377168 -0.0563606
-0.0377168 0.100823 0.0140456
-0.0563606 0.0140456 0.104885

0.179133 -0.0345794 -0.0419184
-0.0345794 0.0585417 0.0122372
-0.0419184 0.0122372 0.0498207

0.173292 -0.0223985 -0.0150687
-0.0223985 0.0176544 0.00843837
-0.0150687 0.00843837 0.0100944

0.164458 -0.0102678 -0.00599558
-0.0102678 0.00781556 0.00642022
-0.00599558 0.00642022 0.00592603

0.160977 -0.00487735 -0.00167829
-0.00487735 0.00283276 0.00458141
-0.00167829 0.00458141 0.00164323

0.158726 -0.00119766 0.000370537
-0.00119766 0.000437765 0.00314221
0.000370537 0.00314221 0.000618024

0.159305 0.000563718 0.00106756
0.000563718 0.000156944 0.00208333
0.00106756 0.00208333 0.000226474

0.159977 0.00146433 0.00150993
0.00146433 -0.00054434 0.00132356
0.00150993 0.00132356 -0.000138432

0.161543 0.00183279 0.00144226
0.00183279 -0.000331476 0.000807443
0.00144226 0.000807443 -6.67309e-05

0.162853 0.00181946 0.00140323
0.00181946 -0.00051841 0.000459507
0.00140323 0.000459507 -0.000173279

0.164273 0.00168305 0.00116383
0.00168305 -0.000345393 0.000235453
0.00116383 0.000235453 -9.40708e-05

0.165385 0.00140092 0.000989428
0.00140092 -0.000377127 9.33156e-05
0.000989428 9.33156e-05 -0.000113548

0.166347 0.00111785 0.00073627
0.00111785 -0.000278102 7.07125e-06
0.00073627 7.07125e-06 -6.9372e-05

0.167033 0.000786046 0.000539013
0.000786046 -0.000269938 -4.34158e-05
0.000539013 -4.34158e-05 -6.45422e-05

0.167494 0.000479792 0.000305301
0.000479792 -0.000235209 -7.06355e-05
0.000305301 -7.06355e-05 -5.51401e-05

0.167703 0.000152434 0.000111674
0.000152434 -0.000247857 -8.24313e-05
0.000111674 -8.24313e-05 -7.02338e-05

0.139685 -0.0532031 -0.0532031
-0.0532031 0.0894736 0.0179546
-0.0532031 0.0179546 0.0894736

0.204459 -0.0422833 -0.0422833
-0.0422833 0.057098 0.0140966
-0.0422833 0.0140966 0.057098

0.160409 -0.0162672 -0.0162672
-0.0162672 -0.00662123 0.00808073
-0.0162672 0.00808073 -0.00662123

0.164981 -0.00804432 -0.00804432
-0.00804432 0.01236 0.00557136
-0.00804432 0.00557136 0.01236

0.150571 -0.00325028 -0.00325028
-0.00325028 -0.00486705 0.0035188
-0.00325028 0.0035188 -0.00486705

0.155674 -0.000761839 -0.000761839
-0.000761839 0.00360034 0.00222879
-0.000761839 0.00222879 0.00360034

0.152676 0.00034081 0.00034081
0.00034081 -0.00225087 0.00135575
0.00034081 0.00135575 -0.00225087

0.157059 0.00107284 0.00107284
0.00107284 0.00125191 0.000801572
0.00107284 0.000801572 0.00125191

0.157473 0.00119573 0.00119573
0.00119573 -0.0010317 0.000444966
0.00119573 0.000444966 -0.0010317

0.160719 0.00128282 0.00128282
0.00128282 0.000507443 0.000224209
0.00128282 0.000224209 0.000507443

0.161819 0.0011149 0.0011149
0.0011149 -0.000475913 8.97381e-05
0.0011149 8.97381e-05 -0.000475913

0.163947 0.000981246 0.000981246
0.000981246 0.000228156 1.07512e-05
0.000981246 1.07512e-05 0.000228156

0.164853 0.000745856 0.000745856
0.000745856 -0.000209455 -3.36227e-05
0.000745856 -3.36227e-05 -0.000209455

0.166032 0.000553274 0.000553274
0.000553274 0.000102707 -5.74851e-05
0.000553274 -5.74851e-05 0.000102707

0.166499 0.000316757 0.000316757
0.000316757 -7.47422e-05 -6.90964e-05
0.000316757 -6.90964e-05 -7.47422e-05

0.166849 0.000115655 0.000115655
0.000115655 -9.7016e-06 -7.3803e-05
0.000115655 -7.3803e-05 -9.7016e-06

0.195462 -0.0801974 -0.0593431
-0.0801974 0.106379 0.0224325
-0.0593431 0.0224325 0.109806

0.179107 -0.0212316 -0.0430039
-0.0212316 -0.00343332 0.0078151
-0.0430039 0.0078151 0.0136452

0.152812 -0.0098636 -0.0165584
-0.0098636 0.00569624 0.00489333
-0.0165584 0.00489333 0.00621687

0.149182 -0.00530137 -0.00879359
-0.00530137 0.000915793 0.00256424
-0.00879359 0.00256424 0.00311546

0.14391 -0.00261566 -0.00315544
-0.00261566 -0.000119626 0.00146749
-0.00315544 0.00146749 -0.000337833

0.147255 -0.00156063 -0.000748624
-0.00156063 0.000982802 0.000821569
-0.000748624 0.000821569 0.00144249

0.14819 -0.000585084 0.000609373
-0.000585084 -0.000353849 0.000445446
0.000609373 0.000445446 -0.000476488

0.152397 -0.000251922 0.00127207
-0.000251922 0.000626106 0.000238971
0.00127207 0.000238971 0.000714383

0.154712 9.65602e-05 0.00143374
9.65602e-05 -0.000166785 0.000109172
0.00143374 0.000109172 -0.000270165

0.158129 0.000171947 0.00146407
0.000171947 0.000383878 4.35132e-05
0.00146407 4.35132e-05 0.00034871

0.160204 0.000263031 0.00127609
0.000263031 -3.50549e-05 1.65146e-06
0.00127609 1.65146e-06 -0.000142534

0.162514 0.000234698 0.00109999
0.000234698 0.000246125 -1.61586e-05
0.00109999 -1.61586e-05 0.00016617

0.16391 0.000222007 0.000836139
0.000222007 3.59354e-05 -2.73183e-05
0.000836139 -2.73183e-05 -7.0625e-05

0.165203 0.000156134 0.000613327
0.000156134 0.000167922 -3.0331e-05
0.000613327 -3.0331e-05 7.46345e-05

0.165879 0.000105926 0.000351692
0.000105926 7.72132e-05 -3.22938e-05
0.000351692 -3.22938e-05 -2.42508e-05

0.166267 2.94218e-05 0.000127184
2.94218e-05 9.15159e-05 -3.23053e-05
0.000127184 -3.23053e-05 -5.69763e-06

0.189565 -0.00366927 -0.0933322
-0.00366927 0.107076 0.00151292
-0.0933322 0.00151292 0.122988

0.141285 -0.0029865 -0.0280206
-0.0029865 0.0227274 0.000505596
-0.0280206 0.000505596 -0.00214192

0.134745 -0.0022471 -0.00857858
-0.0022471 0.0251662 0.000382353
-0.00857858 0.000382353 0.0131789

0.136197 -0.00168438 -0.00170156
-0.00168438 0.00531295 0.000283639
-0.00170156 0.000283639 -0.0026196

0.145845 -0.000922429 0.00147446
-0.000922429 0.00534538 0.000230238
0.00147446 0.000230238 0.00287455

0.152596 -0.000486175 0.00233166
-0.000486175 -0.00039394 0.000184412
0.00233166 0.000184412 -0.000785861

0.159363 4.34845e-06 0.00259749
4.34845e-06 -0.000627094 0.000142252
0.00259749 0.000142252 0.000724175

0.163639 0.00016449 0.00224565
0.00016449 -0.00223544 0.000103305
0.00224565 0.000103305 -0.00032451

0.166982 0.000365624 0.00192121
0.000365624 -0.0020625 7.3547e-05
0.00192121 7.3547e-05 0.000183671

0.168927 0.000346475 0.0014672
0.000346475 -0.00232226 4.72379e-05
0.0014672 4.72379e-05 -0.00014293

0.170265 0.000383342 0.0011418
0.000383342 -0.00201717 3.05682e-05
0.0011418 3.05682e-05 4.56346e-05

0.170972 0.000297959 0.00081251
0.000297959 -0.00190863 1.62386e-05
0.00081251 1.62386e-05 -6.55679e-05

0.171409 0.000267722 0.000586514
0.000267722 -0.00165277 8.4648e-06
0.000586514 8.4648e-06 5.40996e-06

0.171611 0.000171413 0.000372276
0.000171413 -0.00151543 1.99713e-06
0.000372276 1.99713e-06 -3.27553e-05

0.171717 0.000120544 0.000219321
0.000120544 -0.00137996 -8.64553e-07
0.000219321 -8.64553e-07 -1.07678e-05

0.171734 2.73808e-05 6.38613e-05
2.73808e-05 -0.00134454 -2.65455e-06
6.38613e-05 -2.65455e-06 -3.89241e-05

0.190518 -0.0103175 -0.0927243
-0.0103175 0.108281 0.00441629
-0.0927243 0.00441629 0.123464

0.140268 -0.00890162 -0.0276002
-0.00890162 0.021053 0.00154781
-0.0276002 0.00154781 -0.00386923

0.136963 -0.0068972 -0.00842307
-0.0068972 0.0260534 0.00116631
-0.00842307 0.00116631 0.0142597

0.136193 -0.0047666 -0.00172164
-0.0047666 0.00405733 0.000853079
-0.00172164 0.000853079 -0.00362706

0.147471 -0.00288688 0.00134178
-0.00288688 0.00602545 0.000700384
0.00134178 0.000700384 0.00374089

0.152208 -0.00116453 0.00213551
-0.00116453 -0.00122984 0.000553347
0.00213551 0.000553347 -0.00152898

0.159932 -0.000118467 0.00239586
-0.000118467 1.22389e-05 0.000418947
0.00239586 0.000418947 0.00134044

0.162875 0.000674323 0.00206203
0.000674323 -0.00263257 0.000306631
0.00206203 0.000306631 -0.00080448

0.166876 0.000954585 0.00177031
0.000954585 -0.00152289 0.000209368
0.00177031 0.000209368 0.000581024

0.168111 0.00112363 0.00135229
0.00112363 -0.00246585 0.00013916
0.00135229 0.00013916 -0.00043187

0.169916 0.00102983 0.00105601
0.00102983 -0.00162409 8.37384e-05
0.00105601 8.37384e-05 0.000280816

0.170293 0.000930583 0.000754182
0.000930583 -0.00192873 4.76878e-05
0.000754182 4.76878e-05 -0.00022404

0.171025 0.00071837 0.000545792
0.00071837 -0.00139211 2.12047e-05
0.000545792 2.12047e-05 0.000132685

0.171091 0.000538331 0.000348268
0.000538331 -0.00147044 5.72489e-06
0.000348268 5.72489e-06 -0.000103242

0.171338 0.00030842 0.000204975
0.00030842 -0.00121649 -4.28805e-06
0.000204975 -4.28805e-06 4.28386e-05

0.171319 0.000114036 6.03442e-05
0.000114036 -0.00124753 -8.42945e-06
6.03442e-05 -8.42945e-06 -4.50863e-05

0.187083 -0.0180412 -0.0914741
-0.0180412 0.105524 0.00750519
-0.0914741 0.00750519 0.119039

0.143912 -0.0151247 -0.0267593
-0.0151247 0.0228221 0.00258387
-0.0267593 0.00258387 -0.00206363

0.136587 -0.0112951 -0.00813893
-0.0112951 0.0231062 0.00197491
-0.00813893 0.00197491 0.0117054

0.140436 -0.00786737 -0.00178716
-0.00786737 0.00563966 0.00146254
-0.00178716 0.00146254 -0.00150601

0.147032 -0.0042999 0.00102654
-0.0042999 0.00381847 0.00117871
0.00102654 0.00117871 0.00191457

0.154213 -0.00181577 0.00173396
-0.00181577 0.000135658 0.000911399
0.00173396 0.000911399 -2.93098e-05

0.158571 0.000105679 0.00198498
0.000105679 -0.00114621 0.0006778
0.00198498 0.0006778 0.00013951

0.163075 0.00105979 0.00170487
0.00105979 -0.0014259 0.000478975
0.00170487 0.000478975 0.000184872

0.165189 0.00163672 0.00148485
0.00163672 -0.00199874 0.000325369
0.00148485 0.000325369 -0.000152493

0.167535 0.00171061 0.00113342
0.00171061 -0.00155556 0.000207141
0.00113342 0.000207141 0.000166277

0.168429 0.00165481 0.000901668
0.00165481 -0.00176073 0.000125022
0.000901668 0.000125022 -0.000135917

0.169548 0.00139837 0.000643764
0.00139837 -0.00131402 6.62385e-05
0.000643764 6.62385e-05 0.000112375

0.169885 0.00113257 0.000475837
0.00113257 -0.00136526 2.87621e-05
0.000475837 2.87621e-05 -7.67021e-05

0.170368 0.000799213 0.000302074
0.000799213 -0.00108115 4.00893e-06
0.000302074 4.00893e-06 6.32282e-05

0.170471 0.000490895 0.00018233
0.000490895 -0.00108773 -9.67348e-06
0.00018233 -9.67348e-06 -2.62322e-05

0.170585 0.00015525 5.13933e-05
0.00015525 -0.00101196 -1.62298e-05
5.13933e-05 -1.62298e-05 -1.26888e-06

0.191162 -0.0253538 -0.0895957
-0.0253538 0.110083 0.0105334
-0.0895957 0.0105334 0.121266

0.141491 -0.0214501 -0.0254836
-0.0214501 0.0176566 0.0036758
-0.0254836 0.0036758 -0.0072938

0.143948 -0.0158119 -0.00779388
-0.0158119 0.025742 0.00286062
-0.00779388 0.00286062 0.0151327

0.140178 -0.0101153 -0.00203742
-0.0101153 0.00153264 0.0021064
-0.00203742 0.0021064 -0.00475442

0.151435 -0.00545794 0.000484263
-0.00545794 0.00595696 0.00165192
0.000484263 0.00165192 0.00455234

0.152418 -0.00178135 0.00107329
-0.00178135 -0.0022468 0.00123615
0.00107329 0.00123615 -0.0022438

0.159535 0.000298704 0.00138212
0.000298704 0.000826822 0.000873873
0.00138212 0.000873873 0.00191051

0.160475 0.00161538 0.00120296
0.00161538 -0.00247557 0.000604002
0.00120296 0.000604002 -0.00117204

0.164532 0.00207908 0.00109142
0.00207908 -0.000473296 0.000390616
0.00109142 0.000390616 0.000930085

0.165136 0.00221838 0.000851229
0.00221838 -0.00193 0.000244571
0.000851229 0.000244571 -0.000611108

0.167357 0.00202517 0.000695841
0.00202517 -0.000721975 0.000138755
0.000695841 0.000138755 0.000483997

0.167701 0.00174428 0.000510323
0.00174428 -0.00137641 7.052e-05
0.000510323 7.052e-05 -0.000298942

0.168845 0.00136446 0.00038383
0.00136446 -0.000706034 2.4736e-05
0.00038383 2.4736e-05 0.000251905

0.169017 0.000984554 0.000250114
0.000984554 -0.000980869 -2.63114e-06
0.000250114 -2.63114e-06 -0.00011608

0.169496 0.000583295 0.000151068
0.000583295 -0.000686707 -1.87167e-05
0.000151068 -1.87167e-05 0.000110491

0.169529 0.00019787 4.43145e-05
0.00019787 -0.000781033 -2.57299e-05
4.43145e-05 -2.57299e-05 -1.67923e-05

0.185185 -0.0346337 -0.0869914
-0.0346337 0.104935 0.0138966
-0.0869914 0.0138966 0.112363

0.151901 -0.0285108 -0.0238317
-0.0285108 0.0218574 0.00481773
-0.0238317 0.00481773 -0.0025232

0.143427 -0.0193107 -0.00758243
-0.0193107 0.0186451 0.00379242
-0.00758243 0.00379242 0.0094422

0.148457 -0.0118512 -0.0025738
-0.0118512 0.00464875 0.0027648
-0.0025738 0.0027648 -0.000326067

0.14916 -0.00526701 -0.000441322
-0.00526701 0.00154461 0.00204732
-0.000441322 0.00204732 0.000829943

0.154601 -0.00161761 0.000200504
-0.00161761 0.00071313 0.00141753
0.000200504 0.00141753 0.000680694

0.155825 0.000821025 0.00063767
0.000821025 -0.00116092 0.000963284
0.00063767 0.000963284 -0.00032555

0.159836 0.00188403 0.000614015
0.00188403 -0.000202175 0.000623211
0.000614015 0.000623211 0.000580846

0.16107 0.00237774 0.0006689
0.00237774 -0.0012571 0.000390033
0.0006689 0.000390033 -0.000326083

0.163753 0.00237203 0.000541205
0.00237203 -0.000411227 0.000228202
0.000541205 0.000228202 0.000381915

0.16472 0.00216393 0.000494326
0.00216393 -0.000964635 0.000122156
0.000494326 0.000122156 -0.000185718

0.166362 0.0018175 0.000370115
0.0018175 -0.000427429 5.33003e-05
0.000370115 5.33003e-05 0.000237279

0.166986 0.00142418 0.000301269
0.00142418 -0.000695367 1.0511e-05
0.000301269 1.0511e-05 -7.23476e-05

0.167856 0.00101463 0.000196221
0.00101463 -0.000409005 -1.50337e-05
0.000196221 -1.50337e-05 0.000142635

0.168151 0.000604106 0.000126616
0.000604106 -0.000518368 -2.91798e-05
0.000126616 -2.91798e-05 5.66275e-06

0.168402 0.000201737 3.39303e-05
0.000201737 -0.000449467 -3.53688e-05
3.39303e-05 -3.53688e-05 5.04258e-05

0.197516 -0.0441489 -0.0839012
-0.0441489 0.116015 0.0173979
-0.0839012 0.0173979 0.11909

0.150111 -0.0355271 -0.0219035
-0.0355271 0.0106916 0.00607078
-0.0219035 0.00607078 -0.0127616

0.158083 -0.0220249 -0.00792897
-0.0220249 0.0222919 0.00483976
-0.00792897 0.00483976 0.0159793

0.145357 -0.0106061 -0.00386476
-0.0106061 -0.00327025 0.00322309
-0.00386476 0.00322309 -0.00639468

0.152587 -0.00471104 -0.00161087
-0.00471104 0.00568768 0.00207343
-0.00161087 0.00207343 0.00521405

0.149156 -0.00086275 -0.000775448
-0.00086275 -0.00271998 0.00135365
-0.000775448 0.00135365 -0.00281674

0.154944 0.000956605 -0.00012772
0.000956605 0.00192584 0.000833006
-0.00012772 0.000833006 0.00218963

0.155008 0.00189658 9.00654e-05
0.00189658 -0.00160309 0.000510557
9.00654e-05 0.000510557 -0.00128518

0.159235 0.00219761 0.000281646
0.00219761 0.000700797 0.000292613
0.000281646 0.000292613 0.00105167

0.16023 0.00214574 0.00030088
0.00214574 -0.000936934 0.000156564
0.00030088 0.000156564 -0.000583147

0.163042 0.00193302 0.000325208
0.00193302 0.000216667 7.13275e-05
0.000325208 7.13275e-05 0.000551988

0.163993 0.00159929 0.000274602
0.00159929 -0.000563448 1.91368e-05
0.000274602 1.91368e-05 -0.000240454

0.16566 0.00125766 0.000236786
0.00125766 3.7545e-06 -1.06918e-05
0.000236786 -1.06918e-05 0.000303378

0.166268 0.000882481 0.00016521
0.000882481 -0.000344495 -2.80358e-05
0.00016521 -2.80358e-05 -5.82888e-05

0.16703 0.00053372 0.00010699
0.00053372 -0.000113251 -3.65406e-05
0.00010699 -3.65406e-05 0.000158503

0.167213 0.000170738 3.11127e-05
0.000170738 -0.000232683 -4.03474e-05
3.11127e-05 -4.03474e-05 3.35324e-05

0.195462 -0.0593431 -0.0801974
-0.0593431 0.109806 0.0224325
-0.0801974 0.0224325 0.106379

0.179107 -0.0430039 -0.0212316
-0.0430039 0.0136452 0.0078151
-0.0212316 0.0078151 -0.00343332

0.152812 -0.0165584 -0.0098636
-0.0165584 0.00621687 0.00489333
-0.0098636 0.00489333 0.00569624

0.149182 -0.00879359 -0.00530137
-0.00879359 0.00311546 0.00256424
-0.00530137 0.00256424 0.000915793

0.14391 -0.00315544 -0.00261566
-0.00315544 -0.000337833 0.00146749
-0.00261566 0.00146749 -0.000119626

0.147255 -0.000748624 -0.00156063
-0.000748624 0.00144249 0.000821569
-0.00156063 0.000821569 0.000982802

0.14819 0.000609373 -0.000585084
0.000609373 -0.000476488 0.000445446
-0.000585084 0.000445446 -0.000353849

0.152397 0.00127207 -0.000251922
0.00127207 0.000714383 0.000238971
-0.000251922 0.000238971 0.000626106

0.154712 0.00143374 9.65602e-05
0.00143374 -0.000270165 0.000109172
9.65602e-05 0.000109172 -0.000166785

0.158129 0.00146407 0.000171947
0.00146407 0.00034871 4.35132e-05
0.000171947 4.35132e-05 0.000383878

0.160204 0.00127609 0.000263031
0.00127609 -0.000142534 1.65146e-06
0.000263031 1.65146e-06 -3.50549e-05

0.162514 0.00109999 0.000234698
0.00109999 0.00016617 -1.61586e-05
0.000234698 -1.61586e-05 0.000246125

0.16391 0.000836139 0.000222007
0.000836139 -7.0625e-05 -2.73183e-05
0.000222007 -2.73183e-05 3.59354e-05

0.165203 0.000613327 0.000156134
0.000613327 7.46345e-05 -3.0331e-05
0.000156134 -3.0331e-05 0.000167922

0.165879 0.000351692 0.000105926
0.000351692 -2.42508e-05 -3.22938e-05
0.000105926 -3.22938e-05 7.72131e-05

0.166267 0.000127184 2.94218e-05
0.000127184 -5.69763e-06 -3.23053e-05
2.94218e-05 -3.23053e-05 9.15159e-05

0.26162 -0.08711 -0.08711
-0.08711 0.130094 0.0292751
-0.08711 0.0292751 0.130094

0.1711 -0.0205144 -0.0205144
-0.0205144 -0.0321292 0.00326423
-0.0205144 0.00326423 -0.0321292

0.149557 -0.011896 -0.011896
-0.011896 0.0194964 0.00201658
-0.011896 0.00201658 0.0194964

0.134411 -0.00518386 -0.00518386
-0.00518386 -0.00901838 0.000366127
-0.00518386 0.000366127 -0.00901838

0.137694 -0.00310717 -0.00310717
-0.00310717 0.00521272 0.000199699
-0.00310717 0.000199699 0.00521272

0.137587 -0.00146217 -0.00146217
-0.00146217 -0.0028289 -9.12522e-05
-0.00146217 -9.12522e-05 -0.0028289

0.143509 -0.000667203 -0.000667203
-0.000667203 0.00179853 -6.38814e-05
-0.000667203 -6.38814e-05 0.00179853

0.146676 -0.000179117 -0.000179117
-0.000179117 -0.000962612 -0.000111701
-0.000179117 -0.000111701 -0.000962612

0.151731 0.000112807 0.000112807
0.000112807 0.000760442 -7.39976e-05
0.000112807 -7.39976e-05 0.000760442

0.154891 0.000225403 0.000225403
0.000225403 -0.000322234 -7.36041e-05
0.000225403 -7.36041e-05 -0.000322234

0.158451 0.00029319 0.00029319
0.00029319 0.000387294 -4.79318e-05
0.00029319 -4.79318e-05 0.000387294

0.160733 0.000269518 0.000269518
0.000269518 -7.44006e-05 -4.09852e-05
0.000269518 -4.09852e-05 -7.44006e-05

0.162894 0.000243841 0.000243841
0.000243841 0.000228725 -2.66264e-05
0.000243841 -2.66264e-05 0.000228725

0.164203 0.000174297 0.000174297
0.000174297 3.43211e-05 -2.176e-05
0.000174297 -2.176e-05 3.43211e-05

0.165204 0.000115143 0.000115143
0.000115143 0.000148277 -1.55328e-05
0.000115143 -1.55328e-05 0.000148277

0.1656 3.33433e-05 3.33433e-05
3.33433e-05 6.99986e-05 -1.39072e-05
3.33433e-05 -1.39072e-05 6.99986e-05

TENSORS stress float
0.150541 -0.00360851 -0.00360851
-0.00360851 0.130159 0.000102441
-0.00360851 0.000102441 0.130159

0.165686 -0.00299255 -0.00299255
-0.00299255 0.103302 0.000118144
-0.00299255 0.000118144 0.103302

0.175587 -0.00219997 -0.00219997
-0.00219997 0.0738272 0.000116212
-0.00219997 0.000116212 0.0738272

0.185562 -0.00149922 -0.00149922
-0.00149922 0.0505917 0.00010545
-0.00149922 0.00010545 0.0505917

0.189213 -0.000567751 -0.000567751
-0.000567751 0.0298474 9.24323e-05
-0.000567751 9.24323e-05 0.0298474

0.191971 -0.000100956 -0.000100956
-0.000100956 0.0171727 7.89214e-05
-0.000100956 7.89214e-05 0.0171727

0.190399 0.00040082 0.00040082
0.00040082 0.00748094 6.53483e-05
0.00040082 6.53483e-05 0.00748094

0.189004 0.000463627 0.000463627
0.000463627 0.00304442 5.15995e-05
0.000463627 5.15995e-05 0.00304442

0.185816 0.00060033 0.00060033
0.00060033 -0.000340615 3.90994e-05
0.00060033 3.90994e-05 -0.000340615

0.183546 0.000484097 0.000484097
0.000484097 -0.00127862 2.8141e-05
0.000484097 2.8141e-05 -0.00127862

0.180844 0.000473664 0.000473664
0.000473664 -0.00219592 1.94186e-05
0.000473664 1.94186e-05 -0.00219592

0.179066 0.000336134 0.000336134
0.000336134 -0.0021023 1.26447e-05
0.000336134 1.26447e-05 -0.0021023

0.177352 0.000287936 0.000287936
0.000287936 -0.00223875 7.78817e-06
0.000287936 7.78817e-06 -0.00223875

0.176323 0.000173153 0.000173153
0.000173153 -0.00201006 4.43086e-06
0.000173153 4.43086e-06 -0.00201006

0.175523 0.000121588 0.000121588
0.000121588 -0.00198526 2.38566e-06
0.000121588 2.38566e-06 -0.00198526

0.175193 2.51243e-05 2.51243e-05
2.51243e-05 -0.001891 1.4043e-06
2.51243e-05 1.4043e-06 -0.001891

0.151918 -0.0100231 -0.00355248
-0.0100231 0.131195 0.000302842
-0.00355248 0.000302842 0.131099

0.163698 -0.00894031 -0.00296586
-0.00894031 0.100146 0.000358397
-0.00296586 0.000358397 0.100722

0.177047 -0.00686442 -0.00219547
-0.00686442 0.0734518 0.000348655
-0.00219547 0.000348655 0.074432

0.18395 -0.00411473 -0.00150957
-0.00411473 0.0473114 0.000312561
-0.00150957 0.000312561 0.0483286

0.189974 -0.00186683 -0.000590486
-0.00186683 0.0294264 0.000273641
-0.000590486 0.000273641 0.0302999

0.19036 9.12484e-05 -0.000132457
9.12484e-05 0.0150498 0.000233132
-0.000132457 0.000233132 0.0157053

0.190368 0.00103463 0.000365219
0.00103463 0.00760321 0.00019218
0.000365219 0.00019218 0.00802327

0.187558 0.00163744 0.000429094
0.00163744 0.00204055 0.000151428
0.000429094 0.000151428 0.00230117

0.185454 0.00163003 0.000569949
0.00163003 2.27703e-05 0.000114068
0.000569949 0.000114068 0.000138071

0.182479 0.00157735 0.000459879
0.00157735 -0.00167197 8.19247e-05
0.000459879 8.19247e-05 -0.00162277

0.180465 0.00128674 0.000455134
0.00128674 -0.00185 5.61493e-05
0.000455134 5.61493e-05 -0.00186986

0.178367 0.00106947 0.000323099
0.00106947 -0.00221142 3.64472e-05
0.000323099 3.64472e-05 -0.00224965

0.177041 0.000773486 0.000278933
0.000773486 -0.00198113 2.22188e-05
0.000278933 2.22188e-05 -0.00204722

0.175877 0.000556909 0.000167638
0.000556909 -0.00198676 1.25147e-05
0.000167638 1.25147e-05 -0.00205461

0.175247 0.000307799 0.000118464
0.000307799 -0.00181353 6.55688e-06
0.000118464 6.55688e-06 -0.00189033

0.174881 0.000113922 2.42314e-05
0.000113922 -0.00179096 3.73066e-06
2.42314e-05 3.73066e-06 -0.00186705

0.14707 -0.0180199 -0.00344384
-0.0180199 0.125957 0.000501478
-0.00344384 0.000501478 0.125289

0.166803 -0.0153599 -0.00291825
-0.0153599 0.100421 0.000580952
-0.00291825 0.000580952 0.102214

0.173438 -0.0111935 -0.00218649
-0.0111935 0.0663463 0.000561951
-0.00218649 0.000561951 0.0692068

0.18626 -0.00677857 -0.00153079
-0.00677857 0.0461521 0.00050339
-0.00153079 0.00050339 0.0491577

0.186626 -0.00242503 -0.000635653
-0.00242503 0.0238616 0.000439001
-0.000635653 0.000439001 0.0263981

0.19081 0.00033047 -0.000193541
0.00033047 0.0148432 0.000372906
-0.000193541 0.000372906 0.0166668

0.187146 0.00214285 0.000295859
0.00214285 0.00472598 0.000305793
0.000295859 0.000305793 0.00591437

0.186918 0.0026777 0.000363492
0.0026777 0.00266228 0.000239137
0.000363492 0.000239137 0.00331769

0.182938 0.00282008 0.000512519
0.00282008 -0.0011696 0.000178892
0.000512519 0.000178892 -0.000845706

0.181659 0.0024779 0.00041496
0.0024779 -0.0009335 0.000127311
0.00041496 0.000127311 -0.000862144

0.178784 0.00212011 0.000421081
0.00212011 -0.00224821 8.65512e-05
0.000421081 8.65512e-05 -0.00230293

0.17769 0.00164419 0.000299498
0.00164419 -0.00162468 5.5491e-05
0.000299498 5.5491e-05 -0.00177591

0.17599 0.00124847 0.000262828
0.00124847 -0.00202689 3.33327e-05
0.000262828 3.33327e-05 -0.00221335

0.175338 0.000840104 0.00015787
0.000840104 -0.00158142 1.82359e-05
0.00015787 1.82359e-05 -0.00179705

0.174567 0.0005013 0.000113004
0.0005013 -0.00168615 9.05535e-06
0.000113004 9.05535e-06 -0.00190716

0.174355 0.00015545 2.26546e-05
0.00015545 -0.001535 4.69177e-06
2.26546e-05 4.69177e-06 -0.0017615

0.151452 -0.0258459 -0.00329459
-0.0258459 0.129254 0.000684216
-0.00329459 0.000684216 0.127895

0.16012 -0.0220355 -0.00285354
-0.0220355 0.0899096 0.000783445
-0.00285354 0.000783445 0.0932055

0.178002 -0.0158583 -0.00218152
-0.0158583 0.0648811 0.000747337
-0.00218152 0.000747337 0.070545

0.180827 -0.00837781 -0.00156318
-0.00837781 0.0357483 0.0006608
-0.00156318 0.0006608 0.0415631

0.188249 -0.00267779 -0.000702441
-0.00267779 0.0227747 0.000576141
-0.000702441 0.000576141 0.0274886

0.185407 0.00147633 -0.000282543
0.00147633 0.00887382 0.000486463
-0.000282543 0.000486463 0.0121897

0.186323 0.00323114 0.000198453
0.00323114 0.00539294 0.000395843
0.000198453 0.000395843 0.00738096

0.182495 0.00397375 0.000273058
0.00397375 0.000115178 0.000306428
0.000273058 0.000306428 0.00122319

0.181575 0.00376776 0.000435714
0.00376776 -3.28741e-05 0.00022651
0.000435714 0.00022651 0.000391741

0.17867 0.00334058 0.000356378
0.00334058 -0.00184505 0.000159328
0.000356378 0.000159328 -0.00177831

0.17766 0.00270906 0.000377686
0.00270906 -0.00127837 0.000106753
0.000377686 0.000106753 -0.00148462

0.175856 0.00212568 0.000270354
0.00212568 -0.00183986 6.73137e-05
0.000270354 6.73137e-05 -0.00215397

0.17517 0.00155476 0.000243259
0.00155476 -0.00134119 3.93713e-05
0.000243259 3.93713e-05 -0.00174211

0.174224 0.00106561 0.000146468
0.00106561 -0.0014928 2.05671e-05
0.000146468 2.05671e-05 -0.00191124

0.173889 0.000611409 0.00010658
0.000611409 -0.00123952 9.17038e-06
0.00010658 9.17038e-06 -0.00167735

0.173595 0.000203606 2.09635e-05
0.000203606 -0.00126976 3.79611e-06
2.09635e-05 3.79611e-06 -0.00170674

0.139616 -0.0365484 -0.00312451
-0.0365484 0.11687 0.000850243
-0.00312451 0.000850243 0.113145

0.167315 -0.029935 -0.00279384
-0.029935 0.0900272 0.000932078
-0.00279384 0.000932078 0.0953591

0.169526 -0.0194176 -0.00217571
-0.0194176 0.0484217 0.000865914
-0.00217571 0.000865914 0.057589

0.184678 -0.00953647 -0.00160274
-0.00953647 0.0332293 0.000761657
-0.00160274 0.000761657 0.0423365

0.180029 -0.00121382 -0.000784525
-0.00121382 0.0119472 0.000659522
-0.000784525 0.000659522 0.0190016

0.18431 0.00277373 -0.000386593
0.00277373 0.00926933 0.000555832
-0.000386593 0.000555832 0.0137584

0.17934 0.00472087 8.46016e-05
0.00472087 0.000780959 0.000447162
8.46016e-05 0.000447162 0.00343307

0.180305 0.00494279 0.000173448
0.00494279 0.00159905 0.000341604
0.000173448 0.000341604 0.00281578

0.176892 0.00455994 0.000353204
0.00455994 -0.00169331 0.000248895
0.000353204 0.000248895 -0.00128444

0.176935 0.0038315 0.000296916
0.0038315 -0.000479144 0.00017215
0.000296916 0.00017215 -0.000644463

0.174872 0.00306305 0.000335108
0.00306305 -0.00174393 0.000113328
0.000335108 0.000113328 -0.00217594

0.174708 0.00233939 0.000243495
0.00233939 -0.000858678 6.96698e-05
0.000243495 6.96698e-05 -0.00146829

0.173571 0.00169645 0.000225948
0.00169645 -0.00133801 3.92914e-05
0.000225948 3.92914e-05 -0.00200085

0.173424 0.00114542 0.00013707
0.00114542 -0.000848321 1.89766e-05
0.00013707 1.89766e-05 -0.00154461

0.172918 0.000655652 0.000101432
0.000655652 -0.00101567 6.83551e-06
0.000101432 6.83551e-06 -0.00170848

0.172859 0.000215898 1.97136e-05
0.000215898 -0.000866912 1.11259e-06
1.97136e-05 1.11259e-06 -0.00156058

0.1496 -0.0478121 -0.00299032
-0.0478121 0.124184 0.000983521
-0.00299032 0.000983521 0.117758

0.153655 -0.0377859 -0.00275082
-0.0377859 0.0678389 0.00099416
-0.00275082 0.00099416 0.0749964

0.178231 -0.0230773 -0.00219438
-0.0230773 0.0445996 0.000888299
-0.00219438 0.000888299 0.057947

0.172416 -0.00706752 -0.00164509
-0.00706752 0.0144446 0.000757315
-0.00164509 0.000757315 0.0268332

0.177982 0.000676595 -0.000867832
0.000676595 0.011852 0.000663468
-0.000867832 0.000663468 0.0200269

0.173536 0.00459466 -0.000490468
0.00459466 0.00166445 0.000554038
-0.000490468 0.000554038 0.00670061

0.175628 0.00564786 -2.08654e-05
0.00564786 0.00258271 0.000440613
-2.08654e-05 0.000440613 0.005009

0.173383 0.00544818 8.84602e-05
0.00544818 -0.00103821 0.000331189
8.84602e-05 0.000331189 -6.23964e-05

0.174256 0.00474451 0.000287803
0.00474451 4.78482e-05 0.000237039
0.000287803 0.000237039 -2.12703e-05

0.173045 0.00382294 0.00025532
0.00382294 -0.00124912 0.000160872
0.00025532 0.000160872 -0.00179996

0.173333 0.0029978 0.000307838
0.0029978 -0.000491525 0.00010344
0.000307838 0.00010344 -0.00136183

0.172628 0.0022196 0.000229749
0.0022196 -0.000962921 6.16647e-05
0.000229749 6.16647e-05 -0.00192283

0.172676 0.00160416 0.000218068
0.00160416 -0.000524018 3.29478e-05
0.000218068 3.29478e-05 -0.00153469

0.172295 0.00105426 0.00013462
0.00105426 -0.000692531 1.40466e-05
0.00013462 1.40466e-05 -0.00168045

0.172275 0.000611978 9.99424e-05
0.000611978 -0.000504186 2.83629e-06
9.99424e-05 2.83629e-06 -0.00147944

0.172147 0.000190745 1.99666e-05
0.000190745 -0.000553175 -2.39957e-06
1.99666e-05 -2.39957e-06 -0.00151038

0.125201 -0.0656066 -0.00295998
-0.0656066 0.0988383 0.00112563
-0.00295998 0.00112563 0.0842642

0.172777 -0.049121 -0.00282497
-0.049121 0.0638179 0.0009565
-0.00282497 0.0009565 0.0744691

0.158214 -0.0171827 -0.0022241
-0.0171827 0.00978171 0.000709955
-0.0022241 0.000709955 0.0282885

0.166049 -0.00346346 -0.00165692
-0.00346346 0.0139271 0.000623405
-0.00165692 0.000623405 0.0259883

0.160796 0.00284198 -0.000934418
0.00284198 0.000263119 0.000538915
-0.000934418 0.000538915 0.00787111

0.166465 0.00515931 -0.000546559
0.00515931 0.00374349 0.000446989
-0.000546559 0.000446989 0.00726952

0.165716 0.00527079 -7.42482e-05
0.00527079 -0.0010798 0.000349437
-7.42482e-05 0.000349437 0.000296729

0.169297 0.00484519 6.32193e-05
0.00484519 0.000913046 0.000258112
6.32193e-05 0.000258112 0.000745174

0.169268 0.00390669 0.000274861
0.00390669 -0.000984547 0.000181429
0.000274861 0.000181429 -0.00185163

0.171061 0.00314261 0.000259651
0.00314261 0.00012549 0.000120535
0.000259651 0.000120535 -0.00116397

0.170949 0.00233099 0.000315668
0.00233099 -0.000680006 7.56163e-05
0.000315668 7.56163e-05 -0.00207563

0.171708 0.00174793 0.00024281
0.00174793 -8.56427e-05 4.34025e-05
0.00024281 4.34025e-05 -0.00150323

0.171546 0.00120264 0.000228567
0.00120264 -0.000434658 2.16113e-05
0.000228567 2.16113e-05 -0.00178354

0.171821 0.000812727 0.000144495
0.000812727 -0.000146122 7.45492e-06
0.000144495 7.45492e-06 -0.00142903

0.171707 0.000443688 0.000105077
0.000443688 -0.000286317 -8.71319e-07
0.000105077 -8.71319e-07 -0.00150357

0.171755 0.000155306 2.25557e-05
0.000155306 -0.000217518 -4.72075e-06
2.25557e-05 -4.72075e-06 -0.00140239

0.189565 -0.0933322 -0.00366927
-0.0933322 0.122988 0.00151292
-0.00366927 0.00151292 0.107076

0.141285 -0.0280206 -0.0029865
-0.0280206 -0.00214192 0.000505596
-0.0029865 0.000505596 0.0227274

0.134745 -0.00857858 -0.0022471
-0.00857858 0.0131789 0.000382353
-0.0022471 0.000382353 0.0251662

0.136197 -0.00170156 -0.00168438
-0.00170156 -0.0026196 0.000283639
-0.00168438 0.000283639 0.00531295

0.145845 0.00147446 -0.000922429
0.00147446 0.00287455 0.000230238
-0.000922429 0.000230238 0.00534538

0.152596 0.00233166 -0.000486175
0.00233166 -0.000785861 0.000184412
-0.000486175 0.000184412 -0.00039394

0.159363 0.00259749 4.34845e-06
0.00259749 0.000724175 0.000142252
4.34845e-06 0.000142252 -0.000627094

0.163639 0.00224565 0.00016449
0.00224565 -0.00032451 0.000103305
0.00016449 0.000103305 -0.00223544

0.166982 0.00192121 0.000365624
0.00192121 0.000183671 7.3547e-05
0.000365624 7.3547e-05 -0.0020625

0.168927 0.0014672 0.000346475
0.0014672 -0.00014293 4.72379e-05
0.000346475 4.72379e-05 -0.00232226

0.170265 0.0011418 0.000383342
0.0011418 4.56347e-05 3.05682e-05
0.000383342 3.05682e-05 -0.00201717

0.170972 0.00081251 0.000297959
0.00081251 -6.55679e-05 1.62386e-05
0.000297959 1.62386e-05 -0.00190863

0.171409 0.000586514 0.000267722
0.000586514 5.40997e-06 8.4648e-06
0.000267722 8.4648e-06 -0.00165277

0.171611 0.000372276 0.000171413
0.000372276 -3.27553e-05 1.99713e-06
0.000171413 1.99713e-06 -0.00151543

0.171717 0.000219321 0.000120544
0.000219321 -1.07678e-05 -8.64553e-07
0.000120544 -8.64553e-07 -0.00137996

0.171734 6.38613e-05 2.73808e-05
6.38613e-05 -3.89241e-05 -2.65455e-06
2.73808e-05 -2.65455e-06 -0.00134454

0.151918 -0.00355248 -0.0100231
-0.00355248 0.131099 0.000302842
-0.0100231 0.000302842 0.131195

0.163698 -0.00296586 -0.00894031
-0.00296586 0.100722 0.000358397
-0.00894031 0.000358397 0.100146

0.177047 -0.00219547 -0.00686442
-0.00219547 0.074432 0.000348655
-0.00686442 0.000348655 0.0734518

0.18395 -0.00150957 -0.00411473
-0.00150957 0.0483286 0.000312561
-0.00411473 0.000312561 0.0473114

0.189974 -0.000590486 -0.00186683
-0.000590486 0.0302999 0.000273641
-0.00186683 0.000273641 0.0294264

0.19036 -0.000132457 9.12484e-05
-0.000132457 0.0157053 0.000233132
9.12484e-05 0.000233132 0.0150498

0.190368 0.000365219 0.00103463
0.000365219 0.00802327 0.00019218
0.00103463 0.00019218 0.00760321

0.187558 0.000429094 0.00163744
0.000429094 0.00230117 0.000151428
0.00163744 0.000151428 0.00204055

0.185454 0.000569949 0.00163003
0.000569949 0.000138071 0.000114068
0.00163003 0.000114068 2.27703e-05

0.182479 0.000459879 0.00157735
0.000459879 -0.00162277 8.19247e-05
0.00157735 8.19247e-05 -0.00167197

0.180465 0.000455134 0.00128674
0.000455134 -0.00186986 5.61493e-05
0.00128674 5.61493e-05 -0.00185

0.178367 0.000323099 0.00106947
0.000323099 -0.00224965 3.64472e-05
0.00106947 3.64472e-05 -0.00221142

0.177041 0.000278933 0.000773486
0.000278933 -0.00204722 2.22188e-05
0.000773486 2.22188e-05 -0.00198113

0.175877 0.000167638 0.000556909
0.000167638 -0.00205461 1.25147e-05
0.000556909 1.25147e-05 -0.00198676

0.175247 0.000118464 0.000307799
0.000118464 -0.00189033 6.55688e-06
0.000307799 6.55688e-06 -0.00181353

0.174881 2.42314e-05 0.000113922
2.42314e-05 -0.00186705 3.73066e-06
0.000113922 3.73066e-06 -0.00179096

0.153348 -0.00985616 -0.00985616
-0.00985616 0.132192 0.000894759
-0.00985616 0.000894759 0.132192

0.161741 -0.00885865 -0.00885865
-0.00885865 0.0976057 0.00106771
-0.00885865 0.00106771 0.0976057

0.178531 -0.00684883 -0.00684883
-0.00684883 0.0740892 0.00102972
-0.00684883 0.00102972 0.0740892

0.182371 -0.00414425 -0.00414425
-0.00414425 0.045096 0.00092506
-0.00414425 0.00092506 0.045096

0.190746 -0.00193392 -0.00193392
-0.00193392 0.0299034 0.000806704
-0.00193392 0.000806704 0.0299034

0.188778 -3.58157e-06 -3.58157e-06
-3.58157e-06 0.0136187 0.000686897
-3.58157e-06 0.000686897 0.0136187

0.19035 0.000928553 0.000928553
0.000928553 0.008155 0.000563742
0.000928553 0.000563742 0.008155

0.186138 0.00153376 0.00153376
0.00153376 0.00131367 0.000443087
0.00153376 0.000443087 0.00131367

0.185104 0.00154037 0.00154037
0.00154037 0.000499858 0.000331977
0.00154037 0.000331977 0.000499858

0.18143 0.00150505 0.00150505
0.00150505 -0.0020112 0.00023772
0.00150505 0.00023772 -0.0020112

0.180095 0.00123257 0.00123257
0.00123257 -0.00152775 0.00016196
0.00123257 0.00016196 -0.00152775

0.177676 0.00103066 0.00103066
0.00103066 -0.00235818 0.000104664
0.00103066 0.000104664 -0.00235818

0.176731 0.00074741 0.00074741
0.00074741 -0.00179264 6.32239e-05
0.00074741 6.32239e-05 -0.00179264

0.175434 0.000540425 0.000540425
0.000540425 -0.00203208 3.51703e-05
0.000540425 3.51703e-05 -0.00203208

0.174971 0.000298923 0.000298923
0.000298923 -0.00172054 1.79268e-05
0.000298923 1.79268e-05 -0.00172054

0.174567 0.000111053 0.000111053
0.000111053 -0.00176828 9.78388e-06
0.000111053 9.78388e-06 -0.00176828

0.148588 -0.0177362 -0.00953325
-0.0177362 0.127044 0.00148517
-0.00953325 0.00148517 0.126488

0.164975 -0.0152183 -0.00871468
-0.0152183 0.0980136 0.00175027
-0.00871468 0.00175027 0.0992471

0.174999 -0.0111614 -0.00682093
-0.0111614 0.0670736 0.00167496
-0.00682093 0.00167496 0.0689666

0.184732 -0.00682311 -0.00420926
-0.00682311 0.0440126 0.00149502
-0.00420926 0.00149502 0.0460106

0.187446 -0.00253567 -0.00207005
-0.00253567 0.024415 0.00129859
-0.00207005 0.00129859 0.0260839

0.189268 0.000172201 -0.000190598
0.000172201 0.0134654 0.00110085
-0.000190598 0.00110085 0.0146368

0.187174 0.00196556 0.000720781
0.00196556 0.00531567 0.000897951
0.000720781 0.000897951 0.00608671

0.185541 0.00250699 0.00133533
0.00250699 0.00195454 0.000700131
0.00133533 0.000700131 0.00235059

0.182626 0.00267293 0.00137067
0.00267293 -0.000684317 0.000520524
0.00137067 0.000520524 -0.000474529

0.18064 0.00236097 0.00137036
0.00236097 -0.00126992 0.000369366
0.00137036 0.000369366 -0.00124701

0.178433 0.00203245 0.00113302
0.00203245 -0.00192807 0.000249393
0.00113302 0.000249393 -0.00196234

0.177013 0.00158222 0.000960183
0.00158222 -0.00177317 0.000159238
0.000960183 0.000159238 -0.00188558

0.175686 0.00120665 0.000700768
0.00120665 -0.00184241 9.46282e-05
0.000700768 9.46282e-05 -0.00196237

0.174896 0.000814067 0.000511203
0.000814067 -0.00162916 5.11031e-05
0.000511203 5.11031e-05 -0.00177647

0.174289 0.000487072 0.000283384
0.000487072 -0.00159651 2.45021e-05
0.000283384 2.45021e-05 -0.00174036

0.174039 0.000151047 0.000106026
0.000151047 -0.00151493 1.19699e-05
0.000106026 1.19699e-05 -0.00166495

0.153125 -0.0254482 -0.00908729
-0.0254482 0.130486 0.00203001
-0.00908729 0.00203001 0.12928

0.158401 -0.0218255 -0.00851409
-0.0218255 0.0875921 0.00236023
-0.00851409 0.00236023 0.0903916

0.179631 -0.015793 -0.00680241
-0.015793 0.0656715 0.00222703
-0.00680241 0.00222703 0.0704238

0.179406 -0.00842444 -0.00430822
-0.00842444 0.0337452 0.00196976
-0.00430822 0.00196976 0.0385902

0.189098 -0.0028262 -0.00226953
-0.0028262 0.02339 0.00170609
-0.00226953 0.00170609 0.0272605

0.18396 0.00125637 -0.000462673
0.00125637 0.00760193 0.00143676
-0.000462673 0.00143676 0.0102819

0.186394 0.0029863 0.000430004
0.0029863 0.00600231 0.00116165
0.000430004 0.00116165 0.00758359

0.181203 0.00374043 0.00106229
0.00374043 -0.000548399 0.00089568
0.00106229 0.00089568 0.000307508

0.181302 0.00356983 0.00114443
0.00356983 0.000444803 0.000657759
0.00114443 0.000657759 0.00076033

0.177703 0.00318453 0.00119476
0.00318453 -0.00216954 0.000460926
0.00119476 0.000460926 -0.00214749

0.177329 0.00259352 0.00100666
0.00259352 -0.000969891 0.000306689
0.00100666 0.000306689 -0.00115277

0.175199 0.00204433 0.000872908
0.00204433 -0.00198817 0.000192353
0.000872908 0.000192353 -0.00226107

0.17487 0.00150043 0.000644497
0.00150043 -0.00116536 0.000111233
0.000644497 0.000111233 -0.00149782

0.173784 0.00103177 0.000476734
0.00103177 -0.00154352 5.71098e-05
0.000476734 5.71098e-05 -0.00189197

0.173607 0.00059313 0.000265472
0.00059313 -0.00115537 2.42544e-05
0.000265472 2.42544e-05 -0.00151456

0.173274 0.000197846 0.000100233
0.000197846 -0.00125355 8.84887e-06
0.000100233 8.84887e-06 -0.00161268

0.141487 -0.0360448 -0.00858616
-0.0360448 0.118248 0.00253011
-0.00858616 0.00253011 0.114783

0.165873 -0.0296374 -0.00833776
-0.0296374 0.0879118 0.00283399
-0.00833776 0.00283399 0.0928914

0.171301 -0.0192918 -0.00678728
-0.0192918 0.0493333 0.0025946
-0.00678728 0.0025946 0.0577038

0.183358 -0.0095648 -0.00444311
-0.0095648 0.031358 0.00228138
-0.00444311 0.00228138 0.0395797

0.18098 -0.00139183 -0.00252191
-0.00139183 0.0127005 0.00196176
-0.00252191 0.00196176 0.0189698

0.182965 0.00249889 -0.00079026
0.00249889 0.00809228 0.00164494
-0.00079026 0.00164494 0.0119853

0.179514 0.00441727 8.84171e-05
0.00441727 0.00144733 0.00131324
8.84171e-05 0.00131324 0.00372163

0.179107 0.00465951 0.000757024
0.00465951 0.000967426 0.000998084
0.000757024 0.000998084 0.00195141

0.176687 0.00432271 0.000901787
0.00432271 -0.00120939 0.000721536
0.000901787 0.000721536 -0.000895453

0.176021 0.00364745 0.0010143
0.00364745 -0.000798404 0.000497079
0.0010143 0.000497079 -0.000997756

0.174566 0.00292796 0.000883186
0.00292796 -0.00144478 0.000324402
0.000883186 0.000324402 -0.0018455

0.174069 0.00224534 0.000791383
0.00224534 -0.0010089 0.000198369
0.000791383 0.000198369 -0.00157079

0.17327 0.00163393 0.000595012
0.00163393 -0.00117247 0.000110179
0.000595012 0.000110179 -0.00176201

0.172983 0.00110681 0.000447802
0.00110681 -0.00090241 5.20422e-05
0.000447802 5.20422e-05 -0.00152455

0.172626 0.000634797 0.00025131
0.000634797 -0.000938885 1.70574e-05
0.00025131 1.70574e-05 -0.00154971

0.172529 0.000209397 9.56675e-05
0.000209397 -0.000855396 7.60271e-07
9.56675e-05 7.60271e-07 -0.00146808

0.1516 -0.0472437 -0.00819308
-0.0472437 0.125595 0.00292756
-0.00819308 0.00292756 0.119587

0.152383 -0.0373776 -0.0081869
-0.0373776 0.0657415 0.00304069
-0.0081869 0.00304069 0.072795

0.180039 -0.0228455 -0.00682578
-0.0228455 0.0454942 0.00267417
-0.00682578 0.00267417 0.0582518

0.17131 -0.00706285 -0.00458787
-0.00706285 0.0128177 0.00228369
-0.00458787 0.00228369 0.0244671

0.179004 0.000478423 -0.00276864
0.000478423 0.0126639 0.00198273
-0.00276864 0.00198273 0.0201706

0.172408 0.00428449 -0.00112108
0.00428449 0.000643981 0.00164452
-0.00112108 0.00164452 0.00517451

0.175897 0.0053107 -0.000224426
0.0053107 0.00324906 0.00129522
-0.000224426 0.00129522 0.00536255

0.172331 0.00514038 0.000493173
0.00514038 -0.00161214 0.000967142
0.000493173 0.000967142 -0.000821208

0.174105 0.00449086 0.000711361
0.00449086 0.000509043 0.000686042
0.000711361 0.000686042 0.000379787

0.172192 0.00362897 0.000884753
0.00362897 -0.00155674 0.000463116
0.000884753 0.000463116 -0.00211544

0.17304 0.00285687 0.000805434
0.00285687 -0.00021172 0.000294952
0.000805434 0.000294952 -0.00103154

0.171998 0.00212234 0.000746783
0.00212234 -0.00111644 0.000174471
0.000746783 0.000174471 -0.00201422

0.172367 0.0015399 0.000573718
0.0015399 -0.000370283 9.14656e-05
0.000573718 9.14656e-05 -0.00129718

0.171842 0.00101478 0.000438008
0.00101478 -0.000752886 3.75074e-05
0.000438008 3.75074e-05 -0.00165869

0.171967 0.000590688 0.000248501
0.000590688 -0.00043468 5.3742e-06
0.000248501 5.3742e-06 -0.00132178

0.171799 0.000184154 9.46292e-05
0.000184154 -0.000547781 -9.48139e-06
9.46292e-05 -9.48139e-06 -0.00141862

0.127488 -0.0650318 -0.0081974
-0.0650318 0.100376 0.00334405
-0.0081974 0.00334405 0.0864471

0.172059 -0.0485453 -0.00846324
-0.0485453 0.0621296 0.00294668
-0.00846324 0.00294668 0.0729729

0.160272 -0.0168771 -0.00688969
-0.0168771 0.0109444 0.00214366
-0.00688969 0.00214366 0.0290465

0.165263 -0.00345075 -0.00467624
-0.00345075 0.012547 0.00189024
-0.00467624 0.00189024 0.0240823

0.162066 0.00264462 -0.00296129
0.00264462 0.00118457 0.00162111
-0.00296129 0.00162111 0.00831692

0.165611 0.00486004 -0.00132289
0.00486004 0.00283429 0.00133032
-0.00132289 0.00133032 0.00601472

0.166153 0.00495274 -0.000376983
0.00495274 -0.000394426 0.00102941
-0.000376983 0.00102941 0.000792656

0.16839 0.00456103 0.000398654
0.00456103 0.000376607 0.000753625
0.000398654 0.000753625 0.000119395

0.169167 0.00367513 0.00067792
0.00367513 -0.000545055 0.000524285
0.00067792 0.000524285 -0.00140135

0.170255 0.0029675 0.000885549
0.0029675 -0.000169293 0.000345991
0.000885549 0.000345991 -0.00141274

0.170642 0.00220438 0.000830901
0.00220438 -0.000427744 0.00021455
0.000830901 0.00021455 -0.00173473

0.17108 0.00166087 0.000777916
0.00166087 -0.000233163 0.000121818
0.000777916 0.000121818 -0.00156081

0.171204 0.0011453 0.000606107
0.0011453 -0.00030235 5.90883e-05
0.000606107 5.90883e-05 -0.00154874

0.171352 0.000777353 0.000462656
0.000777353 -0.000204931 1.87545e-05
0.000462656 1.87545e-05 -0.00139242

0.171366 0.000424794 0.000265318
0.000424794 -0.000229382 -4.92476e-06
0.000265318 -4.92476e-06 -0.00134922

0.171382 0.000149271 9.95835e-05
0.000149271 -0.000216588 -1.58304e-05
9.95835e-05 -1.58304e-05 -0.00130747

0.190518 -0.0927243 -0.0103175
-0.0927243 0.123464 0.00441629
-0.0103175 0.00441629 0.108281

0.140268 -0.0276002 -0.00890162
-0.0276002 -0.00386923 0.00154781
-0.00890162 0.00154781 0.021053

0.136963 -0.00842307 -0.0068972
-0.00842307 0.0142597 0.00116631
-0.0068972 0.00116631 0.0260534

0.136193 -0.00172164 -0.0047666
-0.00172164 -0.00362706 0.000853079
-0.0047666 0.000853079 0.00405733

0.147471 0.00134178 -0.00288688
0.00134178 0.00374089 0.000700384
-0.00288688 0.000700384 0.00602545

0.152208 0.00213551 -0.00116453
0.00213551 -0.00152898 0.000553347
-0.00116453 0.000553347 -0.00122984

0.159932 0.00239586 -0.000118467
0.00239586 0.00134044 0.000418947
-0.000118467 0.000418947 1.22389e-05

0.162875 0.00206203 0.000674323
0.00206203 -0.00080448 0.000306631
0.000674323 0.000306631 -0.00263257

0.166876 0.00177031 0.000954585
0.00177031 0.000581024 0.000209368
0.000954585 0.000209368 -0.00152289

0.168111 0.00135229 0.00112363
0.00135229 -0.00043187 0.00013916
0.00112363 0.00013916 -0.00246585

0.169916 0.00105601 0.00102983
0.00105601 0.000280816 8.37384e-05
0.00102983 8.37384e-05 -0.00162409

0.170293 0.000754182 0.000930583
0.000754182 -0.00022404 4.76878e-05
0.000930583 4.76878e-05 -0.00192873

0.171025 0.000545792 0.00071837
0.000545792 0.000132685 2.12047e-05
0.00071837 2.12047e-05 -0.00139211

0.171091 0.000348268 0.000538331
0.000348268 -0.000103242 5.72489e-06
0.000538331 5.72489e-06 -0.00147044

0.171338 0.000204975 0.00030842
0.000204975 4.28386e-05 -4.28805e-06
0.00030842 -4.28805e-06 -0.00121649

0.171319 6.03442e-05 0.000114036
6.03442e-05 -4.50863e-05 -8.42945e-06
0.000114036 -8.42945e-06 -0.00124753

0.14707 -0.00344384 -0.0180199
-0.00344384 0.125289 0.000501478
-0.0180199 0.000501478 0.125957

0.166803 -0.00291825 -0.0153599
-0.00291825 0.102214 0.000580952
-0.0153599 0.000580952 0.100421

0.173438 -0.00218649 -0.0111935
-0.00218649 0.0692068 0.000561951
-0.0111935 0.000561951 0.0663463

0.18626 -0.00153079 -0.00677857
-0.00153079 0.0491577 0.00050339
-0.00677857 0.00050339 0.0461521

0.186626 -0.000635653 -0.00242503
-0.000635653 0.0263981 0.000439001
-0.00242503 0.000439001 0.0238616

0.19081 -0.000193541 0.00033047
-0.000193541 0.0166668 0.000372906
0.00033047 0.000372906 0.0148432

0.187146 0.000295859 0.00214285
0.000295859 0.00591437 0.000305793
0.00214285 0.000305793 0.00472598

0.186918 0.000363492 0.0026777
0.000363492 0.00331769 0.000239137
0.0026777 0.000239137 0.00266228

0.182938 0.000512519 0.00282008
0.000512519 -0.000845706 0.000178892
0.00282008 0.000178892 -0.0011696

0.181659 0.00041496 0.0024779
0.00041496 -0.000862144 0.000127311
0.0024779 0.000127311 -0.0009335

0.178784 0.000421081 0.00212011
0.000421081 -0.00230293 8.65512e-05
0.00212011 8.65512e-05 -0.00224821

0.17769 0.000299498 0.00164419
0.000299498 -0.00177591 5.5491e-05
0.00164419 5.5491e-05 -0.00162468

0.17599 0.000262828 0.00124847
0.000262828 -0.00221335 3.33327e-05
0.00124847 3.33327e-05 -0.00202689

0.175338 0.00015787 0.000840104
0.00015787 -0.00179705 1.82359e-05
0.000840104 1.82359e-05 -0.00158142

0.174567 0.000113004 0.0005013
0.000113004 -0.00190716 9.05535e-06
0.0005013 9.05535e-06 -0.00168615

0.174355 2.26546e-05 0.00015545
2.26546e-05 -0.0017615 4.69177e-06
0.00015545 4.69177e-06 -0.001535

0.148588 -0.00953325 -0.0177362
-0.00953325 0.126488 0.00148517
-0.0177362 0.00148517 0.127044

0.164975 -0.00871468 -0.0152183
-0.00871468 0.0992471 0.00175027
-0.0152183 0.00175027 0.0980136

0.174999 -0.00682093 -0.0111614
-0.00682093 0.0689666 0.00167496
-0.0111614 0.00167496 0.0670736

0.184732 -0.00420926 -0.00682311
-0.00420926 0.0460106 0.00149502
-0.00682311 0.00149502 0.0440126

0.187446 -0.00207005 -0.00253567
-0.00207005 0.0260839 0.00129859
-0.00253567 0.00129859 0.024415

0.189268 -0.000190598 0.000172201
-0.000190598 0.0146368 0.00110085
0.000172201 0.00110085 0.0134654

0.187174 0.000720781 0.00196556
0.000720781 0.00608671 0.000897951
0.00196556 0.000897951 0.00531567

0.185541 0.00133533 0.00250699
0.00133533 0.00235059 0.000700131
0.00250699 0.000700131 0.00195454

0.182626 0.00137067 0.00267293
0.00137067 -0.000474529 0.000520524
0.00267293 0.000520524 -0.000684317

0.18064 0.00137036 0.00236097
0.00137036 -0.00124701 0.000369366
0.00236097 0.000369366 -0.00126992

0.178433 0.00113302 0.00203245
0.00113302 -0.00196234 0.000249393
0.00203245 0.000249393 -0.00192807

0.177013 0.000960183 0.00158222
0.000960183 -0.00188558 0.000159238
0.00158222 0.000159238 -0.00177317

0.175686 0.000700768 0.00120665
0.000700768 -0.00196237 9.46282e-05
0.00120665 9.46282e-05 -0.00184241

0.174896 0.000511203 0.000814067
0.000511203 -0.00177647 5.11031e-05
0.000814067 5.11031e-05 -0.00162916

0.174289 0.000283384 0.000487072
0.000283384 -0.00174036 2.45021e-05
0.000487072 2.45021e-05 -0.00159651

0.174039 0.000106026 0.000151047
0.000106026 -0.00166495 1.19699e-05
0.000151047 1.19699e-05 -0.00151493

0.144169 -0.0171814 -0.0171814
-0.0171814 0.121701 0.00247762
-0.0171814 0.00247762 0.121701

0.16829 -0.0149687 -0.0149687
-0.0149687 0.0997532 0.00287647
-0.0149687 0.00287647 0.0997532

0.171624 -0.0111049 -0.0111049
-0.0111049 0.0621451 0.00273235
-0.0111049 0.00273235 0.0621451

0.187169 -0.00692404 -0.00692404
-0.00692404 0.0450608 0.00242497
-0.00692404 0.00242497 0.0450608

0.184251 -0.00276323 -0.00276323
-0.00276323 0.0207622 0.00209486
-0.00276323 0.00209486 0.0207622

0.189815 -0.000140941 -0.000140941
-0.000140941 0.0145659 0.00176525
-0.000140941 0.00176525 0.0145659

0.18411 0.00161756 0.00161756
0.00161756 0.003342 0.00142926
0.00161756 0.00142926 0.003342

0.185006 0.00218036 0.00218036
0.00218036 0.00300253 0.00110409
0.00218036 0.00110409 0.00300253

0.180239 0.00239446 0.00239446
0.00239446 -0.00162345 0.000814042
0.00239446 0.000814042 -0.00162345

0.179891 0.00214335 0.00214335
0.00214335 -0.000520685 0.000571901
0.00214335 0.000571901 -0.000520685

0.176821 0.00187149 0.00187149
0.00187149 -0.0023519 0.000382549
0.00187149 0.000382549 -0.0023519

0.176363 0.0014698 0.0014698
0.0014698 -0.00131712 0.000241044
0.0014698 0.000241044 -0.00131712

0.174657 0.00113193 0.00113193
0.00113193 -0.00201021 0.000140771
0.00113193 0.000140771 -0.00201021

0.174356 0.000767898 0.000767898
0.000767898 -0.00138493 7.34538e-05
0.000767898 7.34538e-05 -0.00138493

0.173606 0.000462236 0.000462236
0.000462236 -0.00161835 3.26381e-05
0.000462236 3.26381e-05 -0.00161835

0.173503 0.000143275 0.000143275
0.000143275 -0.00141758 1.34178e-05
0.000143275 1.34178e-05 -0.00141758

0.148981 -0.0246623 -0.0164048
-0.0246623 0.125417 0.00340928
-0.0164048 0.00340928 0.124813

0.162107 -0.0214519 -0.0146238
-0.0214519 0.0897034 0.00392113
-0.0146238 0.00392113 0.0913482

0.176505 -0.0156828 -0.0110715
-0.0156828 0.0610099 0.00367232
-0.0110715 0.00367232 0.0639361

0.181992 -0.0085465 -0.00709216
-0.0085465 0.0350189 0.00321817
-0.00709216 0.00321817 0.0379081

0.186063 -0.00313984 -0.00310862
-0.00313984 0.0199769 0.0027666
-0.00310862 0.0027666 0.0222057

0.184637 0.000813755 -0.000603883
0.000813755 0.00885441 0.0023095
-0.000603883 0.0023095 0.010382

0.183486 0.00250337 0.00112575
0.00250337 0.00414 0.00184893
0.00112575 0.00184893 0.00496132

0.180798 0.00329182 0.00172922
0.00329182 0.000546641 0.00141015
0.00172922 0.00141015 0.00101522

0.179029 0.00319502 0.00202188
0.00319502 -0.000470105 0.00102543
0.00202188 0.00102543 -0.000358764

0.177034 0.00289373 0.00185949
0.00289373 -0.0014156 0.000710792
0.00185949 0.000710792 -0.00141215

0.175768 0.00238139 0.00166665
0.00238139 -0.0013995 0.000467904
0.00166665 0.000467904 -0.00154442

0.174579 0.0018968 0.00133074
0.0018968 -0.00153757 0.000289264
0.00133074 0.000289264 -0.00169542

0.173849 0.00140333 0.00104143
0.00140333 -0.00134434 0.000163867
0.00104143 0.000163867 -0.00155426

0.173244 0.000971882 0.000713662
0.000971882 -0.00130554 8.06569e-05
0.000713662 8.06569e-05 -0.00150479

0.172914 0.000561151 0.000433325
0.000561151 -0.0011863 3.04976e-05
0.000433325 3.04976e-05 -0.00139976

0.172727 0.000187777 0.000134562
0.000187777 -0.00116295 7.02999e-06
0.000134562 7.02999e-06 -0.00137039

0.138087 -0.0350336 -0.0155025
-0.0350336 0.113843 0.00428239
-0.0155025 0.00428239 0.111152

0.169751 -0.0291013 -0.0143115
-0.0291013 0.090054 0.00474715
-0.0143115 0.00474715 0.0941333

0.168528 -0.0190695 -0.0110516
-0.0190695 0.0449915 0.00432207
-0.0110516 0.00432207 0.0517457

0.186077 -0.00966609 -0.00732942
-0.00966609 0.0328372 0.00376153
-0.00732942 0.00376153 0.0392418

0.178195 -0.00178116 -0.0035591
-0.00178116 0.00961344 0.00320101
-0.0035591 0.00320101 0.0143329

0.183793 0.00193907 -0.00116716
0.00193907 0.00946937 0.00265045
-0.00116716 0.00265045 0.012274

0.176861 0.00381499 0.000542871
0.00381499 -0.000254814 0.00208899
0.000542871 0.00208899 0.00130407

0.178838 0.004113 0.0012241
0.004113 0.00206277 0.0015664
0.0012241 0.0015664 0.0026904

0.174586 0.00387335 0.00162043
0.00387335 -0.00206818 0.00111954
0.00162043 0.00111954 -0.00193594

0.175414 0.00330405 0.00156767
0.00330405 -8.20029e-05 0.00076145
0.00156767 0.00076145 -0.000283212

0.173082 0.0026803 0.00146548
0.0026803 -0.00185768 0.000490969
0.00146548 0.000490969 -0.00220737

0.173453 0.00207457 0.00120059
0.00207457 -0.000593862 0.000295041
0.00120059 0.000295041 -0.00103074

0.172268 0.0015225 0.000961277
0.0015225 -0.00134795 0.000159774
0.000961277 0.000159774 -0.00180693

0.172423 0.00103832 0.000667951
0.00103832 -0.000687975 7.10153e-05
0.000667951 7.10153e-05 -0.00115461

0.171922 0.000598493 0.000410225
0.000598493 -0.000973401 1.81063e-05
0.000410225 1.81063e-05 -0.00143309

0.171959 0.000197903 0.000127691
0.000197903 -0.000776775 -6.51497e-06
0.000127691 -6.51497e-06 -0.00123293

0.148581 -0.0460827 -0.0147485
-0.0460827 0.12139 0.00498924
-0.0147485 0.00498924 0.11645

0.156763 -0.0366235 -0.0140529
-0.0366235 0.0680882 0.00514296
-0.0140529 0.00514296 0.0747077

0.177618 -0.0224211 -0.0111409
-0.0224211 0.0414413 0.00451066
-0.0111409 0.00451066 0.052945

0.174235 -0.00711778 -0.00760069
-0.00711778 0.0145968 0.00381286
-0.00760069 0.00381286 0.0246836

0.176615 3.34658e-05 -0.00402973
3.34658e-05 0.00996482 0.00326576
-0.00402973 0.00326576 0.0161191

0.173506 0.00363984 -0.00174771
0.00363984 0.00217272 0.0026626
-0.00174771 0.0026626 0.00576161

0.173581 0.00463884 -3.4531e-06
0.00463884 0.00170555 0.00206176
-3.4531e-06 0.00206176 0.00320968

0.17226 0.00454293 0.000783413
0.00454293 -0.000492664 0.00151463
0.000783413 0.00151463 1.8094e-05

0.172173 0.00400972 0.00129878
0.00400972 -0.00031831 0.0010593
0.00129878 0.0010593 -0.000571805

0.171668 0.00326663 0.00135599
0.00326663 -0.000851941 0.000704565
0.00135599 0.000704565 -0.00137086

0.171599 0.00259815 0.00133417
0.00259815 -0.000635903 0.000441997
0.00133417 0.000441997 -0.00137249

0.171395 0.0019459 0.00112815
0.0019459 -0.000713861 0.000255885
0.00112815 0.000255885 -0.00146368

0.171348 0.00142512 0.000923764
0.00142512 -0.000564385 0.00012946
0.000923764 0.00012946 -0.00134299

0.171261 0.000944869 0.000652124
0.000944869 -0.000547832 4.77983e-05
0.000652124 4.77983e-05 -0.00128536

0.171228 0.000553526 0.000403995
0.000553526 -0.000483997 -3.10424e-07
0.000403995 -3.10424e-07 -0.00120956

0.171196 0.000172546 0.000126662
0.000172546 -0.000479342 -2.25241e-05
0.000126662 -2.25241e-05 -0.0011848

0.125714 -0.0638347 -0.0145763
-0.0638347 0.097081 0.00570163
-0.0145763 0.00570163 0.0846604

0.176694 -0.0474289 -0.0144265
-0.0474289 0.0644046 0.00497623
-0.0144265 0.00497623 0.0754682

0.158758 -0.0162981 -0.0112639
-0.0162981 0.00781057 0.00366563
-0.0112639 0.00366563 0.0250748

0.168558 -0.00349888 -0.00775263
-0.00349888 0.0145429 0.00320305
-0.00775263 0.00320305 0.0249428

0.16037 0.00219567 -0.00441047
0.00219567 -0.00109141 0.00270098
-0.00441047 0.00270098 0.00506951

0.1671 0.0042274 -0.00210361
0.0042274 0.00440971 0.00217065
-0.00210361 0.00217065 0.00694895

0.164282 0.00431597 -0.000289556
0.00431597 -0.00176784 0.00164382
-0.000289556 0.00164382 -0.000959657

0.168482 0.00400454 0.000618992
0.00400454 0.00143682 0.00118003
0.000618992 0.00118003 0.00107208

0.16742 0.00323602 0.0012238
0.00323602 -0.00130884 0.000806853
0.0012238 0.000806853 -0.00215897

0.169725 0.00263828 0.00134878
0.00263828 0.000458193 0.000523077
0.00134878 0.000523077 -0.000651081

0.169246 0.00197217 0.00136137
0.00197217 -0.000821772 0.000318082
0.00136137 0.000318082 -0.00197656

0.170409 0.00150215 0.00117208
0.00150215 0.000107888 0.000175659
0.00117208 0.000175659 -0.00102446

0.170172 0.0010427 0.000967339
0.0010427 -0.000481306 8.0528e-05
0.000967339 8.0528e-05 -0.00154625

0.170699 0.000714582 0.000688817
0.000714582 -3.8459e-05 2.0158e-05
0.000688817 2.0158e-05 -0.00103559

0.170589 0.000391484 0.000426883
0.000391484 -0.00027778 -1.50553e-05
0.000426883 -1.50553e-05 -0.00122018

0.170722 0.000138858 0.0001351
0.000138858 -0.000164942 -3.1121e-05
0.0001351 -3.1121e-05 -0.0010779

0.187083 -0.0914741 -0.0180412
-0.0914741 0.119039 0.00750519
-0.0180412 0.00750519 0.105524

0.143912 -0.0267593 -0.0151247
-0.0267593 -0.00206363 0.00258387
-0.0151247 0.00258387 0.0228221

0.136587 -0.00813893 -0.0112951
-0.00813893 0.0117054 0.00197491
-0.0112951 0.00197491 0.0231062

0.140436 -0.00178716 -0.00786737
-0.00178716 -0.00150601 0.00146254
-0.00786737 0.00146254 0.00563966

0.147032 0.00102654 -0.0042999
0.00102654 0.00191457 0.00117871
-0.0042999 0.00117871 0.00381847

0.154213 0.00173396 -0.00181577
0.00173396 -2.93098e-05 0.000911399
-0.00181577 0.000911399 0.000135658

0.158571 0.00198498 0.000105679
0.00198498 0.00013951 0.0006778
0.000105679 0.0006778 -0.00114621

0.163075 0.00170487 0.00105979
0.00170487 0.000184872 0.000478975
0.00105979 0.000478975 -0.0014259

0.165189 0.00148485 0.00163672
0.00148485 -0.000152493 0.000325369
0.00163672 0.000325369 -0.00199874

0.167535 0.00113342 0.00171061
0.00113342 0.000166277 0.000207141
0.00171061 0.000207141 -0.00155556

0.168429 0.000901668 0.00165481
0.000901668 -0.000135917 0.000125022
0.00165481 0.000125022 -0.00176073

0.169548 0.000643764 0.00139837
0.000643764 0.000112375 6.62385e-05
0.00139837 6.62385e-05 -0.00131402

0.169885 0.000475837 0.00113257
0.000475837 -7.67021e-05 2.87621e-05
0.00113257 2.87621e-05 -0.00136526

0.170368 0.000302074 0.000799213
0.000302074 6.32282e-05 4.00893e-06
0.000799213 4.00893e-06 -0.00108115

0.170471 0.00018233 0.000490895
0.00018233 -2.62322e-05 -9.67348e-06
0.000490895 -9.67348e-06 -0.00108773

0.170585 5.13933e-05 0.00015525
5.13933e-05 -1.26888e-06 -1.62298e-05
0.00015525 -1.62298e-05 -0.00101196

0.151452 -0.00329459 -0.0258459
-0.00329459 0.127895 0.000684216
-0.0258459 0.000684216 0.129254

0.16012 -0.00285354 -0.0220355
-0.00285354 0.0932055 0.000783445
-0.0220355 0.000783445 0.0899096

0.178002 -0.00218152 -0.0158583
-0.00218152 0.070545 0.000747337
-0.0158583 0.000747337 0.0648811

0.180827 -0.00156318 -0.00837781
-0.00156318 0.0415631 0.0006608
-0.00837781 0.0006608 0.0357483

0.188249 -0.000702441 -0.00267779
-0.000702441 0.0274886 0.000576141
-0.00267779 0.000576141 0.0227747

0.185407 -0.000282543 0.00147633
-0.000282543 0.0121897 0.000486463
0.00147633 0.000486463 0.00887382

0.186323 0.000198453 0.00323114
0.000198453 0.00738096 0.000395843
0.00323114 0.000395843 0.00539294

0.182495 0.000273058 0.00397375
0.000273058 0.00122319 0.000306428
0.00397375 0.000306428 0.000115178

0.181575 0.000435714 0.00376776
0.000435714 0.000391741 0.00022651
0.00376776 0.00022651 -3.28741e-05

0.17867 0.000356378 0.00334058
0.000356378 -0.00177831 0.000159328
0.00334058 0.000159328 -0.00184505

0.17766 0.000377686 0.00270906
0.000377686 -0.00148462 0.000106753
0.00270906 0.000106753 -0.00127837

0.175856 0.000270354 0.00212568
0.000270354 -0.00215397 6.73137e-05
0.00212568 6.73137e-05 -0.00183986

0.17517 0.000243259 0.00155476
0.000243259 -0.00174211 3.93713e-05
0.00155476 3.93713e-05 -0.00134119

0.174224 0.000146468 0.00106561
0.000146468 -0.00191124 2.05671e-05
0.00106561 2.05671e-05 -0.0014928

0.173889 0.00010658 0.000611409
0.00010658 -0.00167735 9.17038e-06
0.000611409 9.17038e-06 -0.00123952

0.173595 2.09635e-05 0.000203606
2.09635e-05 -0.00170674 3.79611e-06
0.000203606 3.79611e-06 -0.00126976

0.153125 -0.00908729 -0.0254482
-0.00908729 0.12928 0.00203001
-0.0254482 0.00203001 0.130486

0.158401 -0.00851409 -0.0218255
-0.00851409 0.0903916 0.00236023
-0.0218255 0.00236023 0.0875921

0.179631 -0.00680241 -0.015793
-0.00680241 0.0704238 0.00222703
-0.015793 0.00222703 0.0656715

0.179406 -0.00430822 -0.00842444
-0.00430822 0.0385902 0.00196976
-0.00842444 0.00196976 0.0337452

0.189098 -0.00226953 -0.0028262
-0.00226953 0.0272605 0.00170609
-0.0028262 0.00170609 0.02339

0.18396 -0.000462673 0.00125637
-0.000462673 0.0102819 0.00143676
0.00125637 0.00143676 0.00760193

0.186394 0.000430004 0.0029863
0.000430004 0.00758359 0.00116165
0.0029863 0.00116165 0.00600231

0.181203 0.00106229 0.00374043
0.00106229 0.000307508 0.00089568
0.00374043 0.00089568 -0.000548399

0.181302 0.00114443 0.00356983
0.00114443 0.00076033 0.000657759
0.00356983 0.000657759 0.000444803

0.177703 0.00119476 0.00318453
0.00119476 -0.00214749 0.000460926
0.00318453 0.000460926 -0.00216954

0.177329 0.00100666 0.00259352
0.00100666 -0.00115277 0.000306689
0.00259352 0.000306689 -0.000969891

0.175199 0.000872908 0.00204433
0.000872908 -0.00226107 0.000192353
0.00204433 0.000192353 -0.00198817

0.17487 0.000644497 0.00150043
0.000644497 -0.00149782 0.000111233
0.00150043 0.000111233 -0.00116536

0.173784 0.000476734 0.00103177
0.000476734 -0.00189197 5.71098e-05
0.00103177 5.71098e-05 -0.00154352

0.173607 0.000265472 0.00059313
0.000265472 -0.00151456 2.42544e-05
0.00059313 2.42544e-05 -0.00115537

0.173274 0.000100233 0.000197846
0.000100233 -0.00161268 8.84887e-06
0.000197846 8.84887e-06 -0.00125355

0.148981 -0.0164048 -0.0246623
-0.0164048 0.124813 0.00340928
-0.0246623 0.00340928 0.125417

0.162107 -0.0146238 -0.0214519
-0.0146238 0.0913482 0.00392113
-0.0214519 0.00392113 0.0897034

0.176505 -0.0110715 -0.0156828
-0.0110715 0.0639361 0.00367232
-0.0156828 0.00367232 0.0610099

0.181992 -0.00709216 -0.0085465
-0.00709216 0.0379081 0.00321817
-0.0085465 0.00321817 0.0350189

0.186063 -0.00310862 -0.00313984
-0.00310862 0.0222057 0.0027666
-0.00313984 0.0027666 0.0199769

0.184637 -0.000603883 0.000813755
-0.000603883 0.010382 0.0023095
0.000813755 0.0023095 0.00885441

0.183486 0.00112575 0.00250337
0.00112575 0.00496132 0.00184893
0.00250337 0.00184893 0.00414

0.180798 0.00172922 0.00329182
0.00172922 0.00101522 0.00141015
0.00329182 0.00141015 0.000546641

0.179029 0.00202188 0.00319502
0.00202188 -0.000358764 0.00102543
0.00319502 0.00102543 -0.000470105

0.177034 0.00185949 0.00289373
0.00185949 -0.00141215 0.000710792
0.00289373 0.000710792 -0.0014156

0.175768 0.00166665 0.00238139
0.00166665 -0.00154442 0.000467904
0.00238139 0.000467904 -0.0013995

0.174579 0.00133074 0.0018968
0.00133074 -0.00169542 0.000289264
0.0018968 0.000289264 -0.00153757

0.173849 0.00104143 0.00140333
0.00104143 -0.00155426 0.000163867
0.00140333 0.000163867 -0.00134434

0.173244 0.000713662 0.000971882
0.000713662 -0.00150479 8.06569e-05
0.000971882 8.06569e-05 -0.00130554

0.172914 0.000433325 0.000561151
0.000433325 -0.00139976 3.04976e-05
0.000561151 3.04976e-05 -0.0011863

0.172727 0.000134562 0.000187777
0.000134562 -0.00137039 7.02999e-06
0.000187777 7.02999e-06 -0.00116295

0.154307 -0.0235394 -0.0235394
-0.0235394 0.129069 0.00474243
-0.0235394 0.00474243 0.129069

0.156316 -0.0209403 -0.0209403
-0.0209403 0.0817109 0.00541704
-0.0209403 0.00541704 0.0817109

0.181588 -0.0156061 -0.0156061
-0.0156061 0.063064 0.0049875
-0.0156061 0.0049875 0.063064

0.177165 -0.00877261 -0.00877261
-0.00877261 0.0283705 0.00431226
-0.00877261 0.00431226 0.0283705

0.187963 -0.00363346 -0.00363346
-0.00363346 0.0216361 0.00367273
-0.00363346 0.00367273 0.0216361

0.179774 0.000150567 0.000150567
0.000150567 0.00501373 0.00302565
0.000150567 0.00302565 0.00501373

0.183006 0.00181548 0.00181548
0.00181548 0.00581651 0.00238669
0.00181548 0.00238669 0.00581651

0.176844 0.00267095 0.00267095
0.00267095 -0.00130921 0.00179247
0.00267095 0.00179247 -0.00130921

0.177934 0.00269302 0.00269302
0.00269302 0.000775527 0.0012833
0.00269302 0.0012833 0.000775527

0.174312 0.00251433 0.00251433
0.00251433 -0.00227274 0.000876017
0.00251433 0.000876017 -0.00227274

0.174764 0.00211172 0.00211172
0.00211172 -0.000619808 0.00056666
0.00211172 0.00056666 -0.000619808

0.172837 0.00171415 0.00171415
0.00171415 -0.00191481 0.000342743
0.00171415 0.000342743 -0.00191481

0.173045 0.001286 0.001286
0.001286 -0.000907358 0.000187399
0.001286 0.000187399 -0.000907358

0.172127 0.000901299 0.000901299
0.000901299 -0.00143235 8.54987e-05
0.000901299 8.54987e-05 -0.00143235

0.172204 0.000524142 0.000524142
0.000524142 -0.000979043 2.45291e-05
0.000524142 2.45291e-05 -0.000979043

0.171931 0.000176283 0.000176283
0.000176283 -0.00112401 -3.81943e-06
0.000176283 -3.81943e-06 -0.00112401

0.144079 -0.0335533 -0.0221949
-0.0335533 0.118069 0.00603187
-0.0221949 0.00603187 0.116188

0.164847 -0.0283565 -0.0204815
-0.0283565 0.0828072 0.00668954
-0.0204815 0.00668954 0.0854971

0.174131 -0.0188814 -0.0155815
-0.0188814 0.0475902 0.00598505
-0.0155815 0.00598505 0.0515858

0.181574 -0.00991636 -0.00914209
-0.00991636 0.0266851 0.00511356
-0.00914209 0.00511356 0.0303081

0.180451 -0.00242613 -0.0043076
-0.00242613 0.0117661 0.00428728
-0.0043076 0.00428728 0.0143259

0.179263 0.00108164 -0.000681808
0.00108164 0.00592915 0.00348171
-0.000681808 0.00348171 0.00725104

0.176718 0.00294724 0.000992983
0.00294724 0.00160405 0.0026901
0.000992983 0.0026901 0.00237535

0.175163 0.00335386 0.00196937
0.00335386 0.000299248 0.00197976
0.00196937 0.00197976 0.000480987

0.173685 0.00326934 0.0021506
0.00326934 -0.000798052 0.00138889
0.0021506 0.00138889 -0.000760413

0.172835 0.00285636 0.00212248
0.00285636 -0.000921422 0.000928243
0.00212248 0.000928243 -0.00111226

0.172138 0.00236477 0.0018459
0.00236477 -0.00110052 0.000586291
0.0018459 0.000586291 -0.0012956

0.171754 0.00186359 0.00154238
0.00186359 -0.000971516 0.000343285
0.00154238 0.000343285 -0.00124179

0.171452 0.00138746 0.00118137
0.00138746 -0.000937202 0.000177603
0.00118137 0.000177603 -0.00118021

0.171297 0.000957861 0.000841416
0.000957861 -0.000819527 7.03471e-05
0.000841416 7.03471e-05 -0.00108134

0.171178 0.000556253 0.000494264
0.000556253 -0.000784203 6.9477e-06
0.000494264 6.9477e-06 -0.00102618

0.171131 0.000184944 0.000167169
0.000184944 -0.000747506 -2.23467e-05
0.000167169 -2.23467e-05 -0.000992118

0.155224 -0.0443411 -0.0209966
-0.0443411 0.126009 0.00710313
-0.0209966 0.00710313 0.122292

0.152611 -0.0355423 -0.0200748
-0.0355423 0.0611695 0.00737693
-0.0200748 0.00737693 0.0670591

0.183369 -0.0219548 -0.0157206
-0.0219548 0.0441138 0.00636414
-0.0157206 0.00636414 0.0533661

0.170453 -0.00734915 -0.00961069
-0.00734915 0.00935192 0.00528564
-0.00961069 0.00528564 0.0169648

0.179117 -0.000747991 -0.00505049
-0.000747991 0.0123414 0.00442181
-0.00505049 0.00442181 0.0165563

0.169655 0.00263626 -0.00156134
0.00263626 -0.000873067 0.00350818
-0.00156134 0.00350818 0.00139656

0.173728 0.0036575 0.00020985
0.0036575 0.00356739 0.00264696
0.00020985 0.00264696 0.004397

0.16899 0.00370966 0.00134787
0.00370966 -0.00209488 0.00189911
0.00134787 0.00189911 -0.00194616

0.17142 0.00336099 0.00171053
0.00336099 0.000896792 0.00129945
0.00171053 0.00129945 0.000609737

0.169234 0.00279313 0.001831
0.00279313 -0.00166542 0.000845757
0.001831 0.000845757 -0.0021276

0.170687 0.00226857 0.00166861
0.00226857 7.87909e-05 0.000517441
0.00166861 0.000517441 -0.000469279

0.169704 0.00172732 0.00144177
0.00172732 -0.00110539 0.000289509
0.00144177 0.000289509 -0.00166306

0.170509 0.00128605 0.00113007
0.00128605 -0.000177143 0.000136984
0.00113007 0.000136984 -0.000721299

0.170093 0.000862501 0.000817992
0.000862501 -0.000698515 4.00908e-05
0.000817992 4.00908e-05 -0.00121714

0.170439 0.000510189 0.000485399
0.000510189 -0.000309628 -1.64945e-05
0.000485399 -1.64945e-05 -0.000806593

0.170317 0.000159486 0.000165001
0.000159486 -0.000465406 -4.23415e-05
0.000165001 -4.23415e-05 -0.000949801

0.13326 -0.0620158 -0.0206349
-0.0620158 0.102046 0.008143
-0.0206349 0.008143 0.0916167

0.174076 -0.0457628 -0.020591
-0.0457628 0.0584747 0.00720526
-0.020591 0.00720526 0.0697948

0.165249 -0.015587 -0.0158745
-0.015587 0.0113393 0.00528406
-0.0158745 0.00528406 0.0269283

0.165775 -0.00374404 -0.00995761
-0.00374404 0.0101329 0.00454497
-0.00995761 0.00454497 0.0186601

0.163707 0.00137716 -0.00567158
0.00137716 0.00172138 0.00371838
-0.00567158 0.00371838 0.00642742

0.164054 0.0032276 -0.00214448
0.0032276 0.0017172 0.00288017
-0.00214448 0.00288017 0.0033068

0.164916 0.00337272 -0.000219997
0.00337272 0.00017289 0.00211024
-0.000219997 0.00211024 0.000578002

0.165602 0.00322705 0.00108561
0.00322705 -4.24927e-05 0.00147123
0.00108561 0.00147123 -0.000562556

0.166777 0.00263885 0.00158555
0.00263885 -0.000150703 0.000979496
0.00158555 0.000979496 -0.000886624

0.167414 0.0022081 0.00179565
0.0022081 -0.000302729 0.000617602
0.00179565 0.000617602 -0.00124454

0.168272 0.00167438 0.00168708
0.00167438 -0.000185668 0.000363893
0.00168708 0.000363893 -0.00107644

0.168724 0.00130482 0.00148303
0.00130482 -0.00025456 0.000191066
0.00148303 0.000191066 -0.00114038

0.169231 0.00091779 0.00117721
0.00091779 -0.000155541 7.84357e-05
0.00117721 7.84357e-05 -0.000950831

0.169489 0.000639674 0.000857265
0.000639674 -0.000177906 7.87997e-06
0.000857265 7.87997e-06 -0.000931441

0.169709 0.000352791 0.000511845
0.000352791 -0.000138432 -3.24593e-05
0.000511845 -3.24593e-05 -0.000835738

0.169774 0.000126464 0.000173635
0.000126464 -0.000160527 -5.07833e-05
0.000173635 -5.07833e-05 -0.000839037

0.191162 -0.0895957 -0.0253538
-0.0895957 0.121266 0.0105334
-0.0253538 0.0105334 0.110083

0.141491 -0.0254836 -0.0214501
-0.0254836 -0.0072938 0.0036758
-0.0214501 0.0036758 0.0176566

0.143948 -0.00779388 -0.0158119
-0.00779388 0.0151327 0.00286062
-0.0158119 0.00286062 0.025742

0.140178 -0.00203742 -0.0101153
-0.00203742 -0.00475442 0.0021064
-0.0101153 0.0021064 0.00153264

0.151435 0.000484263 -0.00545794
0.000484263 0.00455234 0.00165192
-0.00545794 0.00165192 0.00595696

0.152418 0.00107329 -0.00178135
0.00107329 -0.0022438 0.00123615
-0.00178135 0.00123615 -0.0022468

0.159535 0.00138212 0.000298704
0.00138212 0.00191051 0.000873873
0.000298704 0.000873873 0.000826822

0.160475 0.00120296 0.00161538
0.00120296 -0.00117204 0.000604002
0.00161538 0.000604002 -0.00247557

0.164532 0.00109142 0.00207908
0.00109142 0.000930085 0.000390616
0.00207908 0.000390616 -0.000473296

0.165136 0.000851229 0.00221838
0.000851229 -0.000611108 0.000244571
0.00221838 0.000244571 -0.00193

0.167357 0.000695841 0.00202517
0.000695841 0.000483997 0.000138755
0.00202517 0.000138755 -0.000721975

0.167701 0.000510323 0.00174428
0.000510323 -0.000298942 7.052e-05
0.00174428 7.052e-05 -0.00137641

0.168845 0.00038383 0.00136446
0.00038383 0.000251905 2.4736e-05
0.00136446 2.4736e-05 -0.000706034

0.169017 0.000250114 0.000984554
0.000250114 -0.00011608 -2.63114e-06
0.000984554 -2.63114e-06 -0.000980869

0.169496 0.000151068 0.000583295
0.000151068 0.000110491 -1.87167e-05
0.000583295 -1.87167e-05 -0.000686707

0.169529 4.43145e-05 0.00019787
4.43145e-05 -1.67923e-05 -2.57299e-05
0.00019787 -2.57299e-05 -0.000781033

0.139616 -0.00312451 -0.0365484
-0.00312451 0.113145 0.000850243
-0.0365484 0.000850243 0.11687

0.167315 -0.00279384 -0.029935
-0.00279384 0.0953591 0.000932078
-0.029935 0.000932078 0.0900272

0.169526 -0.00217571 -0.0194176
-0.00217571 0.057589 0.000865914
-0.0194176 0.000865914 0.0484217

0.184678 -0.00160274 -0.00953647
-0.00160274 0.0423365 0.000761657
-0.00953647 0.000761657 0.0332293

0.180029 -0.000784525 -0.00121382
-0.000784525 0.0190016 0.000659522
-0.00121382 0.000659522 0.0119472

0.18431 -0.000386593 0.00277373
-0.000386593 0.0137584 0.000555832
0.00277373 0.000555832 0.00926933

0.17934 8.46016e-05 0.00472087
8.46016e-05 0.00343307 0.000447162
0.00472087 0.000447162 0.000780959

0.180305 0.000173448 0.00494279
0.000173448 0.00281578 0.000341604
0.00494279 0.000341604 0.00159905

0.176892 0.000353204 0.00455994
0.000353204 -0.00128444 0.000248895
0.00455994 0.000248895 -0.00169331

0.176935 0.000296916 0.0038315
0.000296916 -0.000644463 0.00017215
0.0038315 0.00017215 -0.000479144

0.174872 0.000335108 0.00306305
0.000335108 -0.00217594 0.000113328
0.00306305 0.000113328 -0.00174393

0.174708 0.000243495 0.00233939
0.000243495 -0.00146829 6.96698e-05
0.00233939 6.96698e-05 -0.000858678

0.173571 0.000225948 0.00169645
0.000225948 -0.00200085 3.92914e-05
0.00169645 3.92914e-05 -0.00133801

0.173424 0.00013707 0.00114542
0.00013707 -0.00154461 1.89766e-05
0.00114542 1.89766e-05 -0.000848321

0.172918 0.000101432 0.000655652
0.000101432 -0.00170848 6.83551e-06
0.000655652 6.83551e-06 -0.00101567

0.172859 1.97136e-05 0.000215898
1.97136e-05 -0.00156058 1.11259e-06
0.000215898 1.11259e-06 -0.000866912

0.141487 -0.00858616 -0.0360448
-0.00858616 0.114783 0.00253011
-0.0360448 0.00253011 0.118248

0.165873 -0.00833776 -0.0296374
-0.00833776 0.0928914 0.00283399
-0.0296374 0.00283399 0.0879118

0.171301 -0.00678728 -0.0192918
-0.00678728 0.0577038 0.0025946
-0.0192918 0.0025946 0.0493333

0.183358 -0.00444311 -0.0095648
-0.00444311 0.0395797 0.00228138
-0.0095648 0.00228138 0.031358

0.18098 -0.00252191 -0.00139183
-0.00252191 0.0189698 0.00196176
-0.00139183 0.00196176 0.0127005

0.182965 -0.00079026 0.00249889
-0.00079026 0.0119853 0.00164494
0.00249889 0.00164494 0.00809228

0.179514 8.84171e-05 0.00441727
8.84171e-05 0.00372163 0.00131324
0.00441727 0.00131324 0.00144733

0.179107 0.000757024 0.00465951
0.000757024 0.00195141 0.000998084
0.00465951 0.000998084 0.000967426

0.176687 0.000901787 0.00432271
0.000901787 -0.000895453 0.000721536
0.00432271 0.000721536 -0.00120939

0.176021 0.0010143 0.00364745
0.0010143 -0.000997756 0.000497079
0.00364745 0.000497079 -0.000798404

0.174566 0.000883186 0.00292796
0.000883186 -0.0018455 0.000324402
0.00292796 0.000324402 -0.00144478

0.174069 0.000791383 0.00224534
0.000791383 -0.00157079 0.000198369
0.00224534 0.000198369 -0.0010089

0.17327 0.000595012 0.00163393
0.000595012 -0.00176201 0.000110179
0.00163393 0.000110179 -0.00117247

0.172983 0.000447802 0.00110681
0.000447802 -0.00152455 5.20422e-05
0.00110681 5.20422e-05 -0.00090241

0.172626 0.00025131 0.000634797
0.00025131 -0.00154971 1.70574e-05
0.000634797 1.70574e-05 -0.000938885

0.172529 9.56675e-05 0.000209397
9.56675e-05 -0.00146808 7.60271e-07
0.000209397 7.60271e-07 -0.000855396

0.138087 -0.0155025 -0.0350336
-0.0155025 0.111152 0.00428239
-0.0350336 0.00428239 0.113843

0.169751 -0.0143115 -0.0291013
-0.0143115 0.0941333 0.00474715
-0.0291013 0.00474715 0.090054

0.168528 -0.0110516 -0.0190695
-0.0110516 0.0517457 0.00432207
-0.0190695 0.00432207 0.0449915

0.186077 -0.00732942 -0.00966609
-0.00732942 0.0392418 0.00376153
-0.00966609 0.00376153 0.0328372

0.178195 -0.0035591 -0.00178116
-0.0035591 0.0143329 0.00320101
-0.00178116 0.00320101 0.00961344

0.183793 -0.00116716 0.00193907
-0.00116716 0.012274 0.00265045
0.00193907 0.00265045 0.00946937

0.176861 0.000542871 0.00381499
0.000542871 0.00130407 0.00208899
0.00381499 0.00208899 -0.000254814

0.178838 0.0012241 0.004113
0.0012241 0.0026904 0.0015664
0.004113 0.0015664 0.00206277

0.174586 0.00162043 0.00387335
0.00162043 -0.00193594 0.00111954
0.00387335 0.00111954 -0.00206818

0.175414 0.00156767 0.00330405
0.00156767 -0.000283212 0.00076145
0.00330405 0.00076145 -8.20029e-05

0.173082 0.00146548 0.0026803
0.00146548 -0.00220737 0.000490969
0.0026803 0.000490969 -0.00185768

0.173453 0.00120059 0.00207457
0.00120059 -0.00103074 0.000295041
0.00207457 0.000295041 -0.000593862

0.172268 0.000961277 0.0015225
0.000961277 -0.00180693 0.000159774
0.0015225 0.000159774 -0.00134795

0.172423 0.000667951 0.00103832
0.000667951 -0.00115461 7.10153e-05
0.00103832 7.10153e-05 -0.000687975

0.171922 0.000410225 0.000598493
0.000410225 -0.00143309 1.81063e-05
0.000598493 1.81063e-05 -0.000973401

0.171959 0.000127691 0.000197903
0.000127691 -0.00123293 -6.51497e-06
0.000197903 -6.51497e-06 -0.000776775

0.144079 -0.0221949 -0.0335533
-0.0221949 0.116188 0.00603187
-0.0335533 0.00603187 0.118069

0.164847 -0.0204815 -0.0283565
-0.0204815 0.0854971 0.00668954
-0.0283565 0.00668954 0.0828072

0.174131 -0.0155815 -0.0188814
-0.0155815 0.0515858 0.00598505
-0.0188814 0.00598505 0.0475902

0.181574 -0.00914209 -0.00991636
-0.00914209 0.0303081 0.00511356
-0.00991636 0.00511356 0.0266851

0.180451 -0.0043076 -0.00242613
-0.0043076 0.0143259 0.00428728
-0.00242613 0.00428728 0.0117661

0.179263 -0.000681808 0.00108164
-0.000681808 0.00725104 0.00348171
0.00108164 0.00348171 0.00592915

0.176718 0.000992983 0.00294724
0.000992983 0.00237535 0.0026901
0.00294724 0.0026901 0.00160405

0.175163 0.00196937 0.00335386
0.00196937 0.000480987 0.00197976
0.00335386 0.00197976 0.000299248

0.173685 0.0021506 0.00326934
0.0021506 -0.000760413 0.00138889
0.00326934 0.00138889 -0.000798052

0.172835 0.00212248 0.00285636
0.00212248 -0.00111226 0.000928243
0.00285636 0.000928243 -0.000921422

0.172138 0.0018459 0.00236477
0.0018459 -0.0012956 0.000586291
0.00236477 0.000586291 -0.00110052

0.171754 0.00154238 0.00186359
0.00154238 -0.00124179 0.000343285
0.00186359 0.000343285 -0.000971516

0.171452 0.00118137 0.00138746
0.00118137 -0.00118021 0.000177603
0.00138746 0.000177603 -0.000937202

0.171297 0.000841416 0.000957861
0.000841416 -0.00108134 7.03471e-05
0.000957861 7.03471e-05 -0.000819527

0.171178 0.000494264 0.000556253
0.000494264 -0.00102618 6.9477e-06
0.000556253 6.9477e-06 -0.000784203

0.171131 0.000167169 0.000184944
0.000167169 -0.000992118 -2.23467e-05
0.000184944 -2.23467e-05 -0.000747506

0.135635 -0.0316826 -0.0316826
-0.0316826 0.106981 0.00784144
-0.0316826 0.00784144 0.106981

0.173804 -0.027696 -0.027696
-0.027696 0.0869564 0.00848522
-0.027696 0.00848522 0.0869564

0.167471 -0.0188068 -0.0188068
-0.0188068 0.0370499 0.00734037
-0.0188068 0.00734037 0.0370499

0.186269 -0.0103956 -0.0103956
-0.0103956 0.0292139 0.00615534
-0.0103956 0.00615534 0.0292139

0.173509 -0.00335981 -0.00335981
-0.00335981 0.00522223 0.00504058
-0.00335981 0.00504058 0.00522223

0.179121 -1.83262e-05 -1.83262e-05
-1.83262e-05 0.00841752 0.00399593
-1.83262e-05 0.00399593 0.00841752

0.170956 0.00190001 0.00190001
0.00190001 -0.00151924 0.00300693
0.00190001 0.00300693 -0.00151924

0.173736 0.00249154 0.00249154
0.00249154 0.00208185 0.0021576
0.00249154 0.0021576 0.00208185

0.169738 0.00261611 0.00261611
0.00261611 -0.00221809 0.00147834
0.00261611 0.00147834 -0.00221809

0.171433 0.00239223 0.00239223
0.00239223 0.000167477 0.000963663
0.00239223 0.000963663 0.000167477

0.16963 0.00205377 0.00205377
0.00205377 -0.00173004 0.000591699
0.00205377 0.000591699 -0.00173004

0.170645 0.00166392 0.00166392
0.00166392 -0.000362718 0.000332825
0.00166392 0.000332825 -0.000362718

0.169878 0.00126683 0.00126683
0.00126683 -0.00118962 0.000159651
0.00126683 0.000159651 -0.00118962

0.170409 0.000888901 0.000888901
0.000888901 -0.000508915 4.93963e-05
0.000888901 4.93963e-05 -0.000508915

0.170122 0.000522021 0.000522021
0.000522021 -0.000828441 -1.49829e-05
0.000522021 -1.49829e-05 -0.000828441

0.170278 0.000174479 0.000174479
0.000174479 -0.000632221 -4.44378e-05
0.000174479 -4.44378e-05 -0.000632221

0.148052 -0.0420155 -0.0298513
-0.0420155 0.115928 0.00943031
-0.0298513 0.00943031 0.114511

0.163049 -0.0344852 -0.0271565
-0.0344852 0.0663168 0.00968144
-0.0271565 0.00968144 0.0701793

0.177704 -0.0216366 -0.0190608
-0.0216366 0.0346839 0.00807871
-0.0190608 0.00807871 0.0402952

0.175664 -0.00795562 -0.0111173
-0.00795562 0.0127914 0.00651814
-0.0111173 0.00651814 0.0169483

0.173073 -0.00193628 -0.00447023
-0.00193628 0.00671106 0.00524802
-0.00447023 0.00524802 0.00849512

0.170156 0.00130796 -0.00121138
0.00130796 0.00198385 0.00401708
-0.00121138 0.00401708 0.00301848

0.16861 0.00246322 0.000883937
0.00246322 0.000732071 0.00292465
0.000883937 0.00292465 0.000855169

0.167957 0.00275805 0.00172062
0.00275805 -0.000217871 0.0020351
0.00172062 0.0020351 -0.000205748

0.167721 0.0026559 0.00207611
0.0026559 -0.000487421 0.00135203
0.00207611 0.00135203 -0.000774034

0.167981 0.00230222 0.00204227
0.00230222 -0.000554541 0.000853659
0.00204227 0.000853659 -0.000799845

0.1682 0.00194156 0.00183948
0.00194156 -0.000586954 0.000503817
0.00183948 0.000503817 -0.000917484

0.168615 0.00152009 0.00154308
0.00152009 -0.000487786 0.000266592
0.00154308 0.000266592 -0.000760223

0.168872 0.0011606 0.00120375
0.0011606 -0.000471313 0.000111797
0.00120375 0.000111797 -0.000759722

0.169169 0.000791348 0.000859555
0.000791348 -0.00038652 1.50799e-05
0.000859555 1.50799e-05 -0.000634635

0.169308 0.000474677 0.000510374
0.000474677 -0.00038144 -4.02722e-05
0.000510374 -4.02722e-05 -0.000628793

0.169401 0.000148708 0.000171452
0.000148708 -0.000360847 -6.53776e-05
0.000171452 -6.53776e-05 -0.00059425

0.129079 -0.0594525 -0.0288852
-0.0594525 0.0941247 0.0108845
-0.0288852 0.0108845 0.0869835

0.184775 -0.0437964 -0.0276331
-0.0437964 0.0630163 0.00958021
-0.0276331 0.00958021 0.0738165

0.161253 -0.0149611 -0.019389
-0.0149611 0.00377992 0.00698011
-0.019389 0.00698011 0.0165994

0.171935 -0.00448347 -0.0117516
-0.00448347 0.0142981 0.00578952
-0.0117516 0.00578952 0.0200317

0.159054 7.05402e-05 -0.00547016
7.05402e-05 -0.00298709 0.00447561
-0.00547016 0.00447561 -0.000213122

0.16533 0.0018661 -0.00204192
0.0018661 0.00467508 0.00329017
-0.00204192 0.00329017 0.00538225

0.160573 0.00221959 0.000289111
0.00221959 -0.00232158 0.00230446
0.000289111 0.00230446 -0.00236319

0.164772 0.00232503 0.00135719
0.00232503 0.00170228 0.0015459
0.00135719 0.0015459 0.00123079

0.163379 0.00198986 0.00188923
0.00198986 -0.00138555 0.000990315
0.00188923 0.000990315 -0.00198533

0.166074 0.00175654 0.00196957
0.00175654 0.000647023 0.000601045
0.00196957 0.000601045 1.59708e-05

0.165861 0.0013773 0.00183526
0.0013773 -0.000767569 0.000335673
0.00183526 0.000335673 -0.00137388

0.167476 0.00111529 0.00157198
0.00111529 0.000239449 0.000161862
0.00157198 0.000161862 -0.000316995

0.167577 0.000803021 0.00124323
0.000803021 -0.00040391 5.08979e-05
0.00124323 5.08979e-05 -0.000913071

0.168423 0.000574017 0.000895641
0.000574017 5.94266e-05 -1.62674e-05
0.000895641 -1.62674e-05 -0.000404168

0.168514 0.00031965 0.000534598
0.00031965 -0.000200012 -5.41095e-05
0.000534598 -5.41095e-05 -0.000633962

0.168758 0.000116529 0.000180078
0.000116529 -8.45982e-05 -7.08948e-05
0.000180078 -7.08948e-05 -0.00050158

0.185185 -0.0869914 -0.0346337
-0.0869914 0.112363 0.0138966
-0.0346337 0.0138966 0.104935

0.151901 -0.0238317 -0.0285108
-0.0238317 -0.0025232 0.00481773
-0.0285108 0.00481773 0.0218574

0.143427 -0.00758243 -0.0193107
-0.00758243 0.0094422 0.00379242
-0.0193107 0.00379242 0.0186451

0.148457 -0.0025738 -0.0118512
-0.0025738 -0.000326067 0.0027648
-0.0118512 0.0027648 0.00464875

0.14916 -0.000441322 -0.00526701
-0.000441322 0.000829943 0.00204732
-0.00526701 0.00204732 0.00154461

0.154601 0.000200504 -0.00161761
0.000200504 0.000680694 0.00141753
-0.00161761 0.00141753 0.00071313

0.155825 0.00063767 0.000821025
0.00063767 -0.00032555 0.000963284
0.000821025 0.000963284 -0.00116092

0.159836 0.000614015 0.00188403
0.000614015 0.000580846 0.000623211
0.00188403 0.000623211 -0.000202175

0.16107 0.0006689 0.00237774
0.0006689 -0.000326083 0.000390033
0.00237774 0.000390033 -0.0012571

0.163753 0.000541205 0.00237203
0.000541205 0.000381915 0.000228202
0.00237203 0.000228202 -0.000411227

0.16472 0.000494326 0.00216393
0.000494326 -0.000185718 0.000122156
0.00216393 0.000122156 -0.000964635

0.166362 0.000370115 0.0018175
0.000370115 0.000237279 5.33003e-05
0.0018175 5.33003e-05 -0.000427429

0.166986 0.000301269 0.00142418
0.000301269 -7.23476e-05 1.0511e-05
0.00142418 1.0511e-05 -0.000695367

0.167856 0.000196221 0.00101463
0.000196221 0.000142635 -1.50337e-05
0.00101463 -1.50337e-05 -0.000409005

0.168151 0.000126616 0.000604106
0.000126616 5.66275e-06 -2.91798e-05
0.000604106 -2.91798e-05 -0.000518368

0.168402 3.39303e-05 0.000201737
3.39303e-05 5.04258e-05 -3.53688e-05
0.000201737 -3.53688e-05 -0.000449467

0.1496 -0.00299032 -0.0478121
-0.00299032 0.117758 0.000983521
-0.0478121 0.000983521 0.124184

0.153655 -0.00275082 -0.0377859
-0.00275082 0.0749964 0.00099416
-0.0377859 0.00099416 0.0678389

0.178231 -0.00219438 -0.0230773
-0.00219438 0.057947 0.000888299
-0.0230773 0.000888299 0.0445996

0.172416 -0.00164509 -0.00706752
-0.00164509 0.0268332 0.000757315
-0.00706752 0.000757315 0.0144446

0.177982 -0.000867832 0.000676595
-0.000867832 0.0200269 0.000663468
0.000676595 0.000663468 0.011852

0.173536 -0.000490468 0.00459466
-0.000490468 0.00670061 0.000554038
0.00459466 0.000554038 0.00166445

0.175628 -2.08654e-05 0.00564786
-2.08654e-05 0.005009 0.000440613
0.00564786 0.000440613 0.00258271

0.173383 8.84602e-05 0.00544818
8.84602e-05 -6.23964e-05 0.000331189
0.00544818 0.000331189 -0.00103821

0.174256 0.000287803 0.00474451
0.000287803 -2.12703e-05 0.000237039
0.00474451 0.000237039 4.78482e-05

0.173045 0.00025532 0.00382294
0.00025532 -0.00179996 0.000160872
0.00382294 0.000160872 -0.00124912

0.173333 0.000307838 0.0029978
0.000307838 -0.00136183 0.00010344
0.0029978 0.00010344 -0.000491525

0.172628 0.000229749 0.0022196
0.000229749 -0.00192283 6.16647e-05
0.0022196 6.16647e-05 -0.000962921

0.172676 0.000218068 0.00160416
0.000218068 -0.00153469 3.29478e-05
0.00160416 3.29478e-05 -0.000524018

0.172295 0.00013462 0.00105426
0.00013462 -0.00168045 1.40466e-05
0.00105426 1.40466e-05 -0.000692531

0.172275 9.99424e-05 0.000611978
9.99424e-05 -0.00147944 2.83629e-06
0.000611978 2.83629e-06 -0.000504186

0.172147 1.99666e-05 0.000190745
1.99666e-05 -0.00151038 -2.39957e-06
0.000190745 -2.39957e-06 -0.000553175

0.1516 -0.00819308 -0.0472437
-0.00819308 0.119587 0.00292756
-0.0472437 0.00292756 0.125595

0.152383 -0.0081869 -0.0373776
-0.0081869 0.072795 0.00304069
-0.0373776 0.00304069 0.0657415

0.180039 -0.00682578 -0.0228455
-0.00682578 0.0582518 0.00267417
-0.0228455 0.00267417 0.0454942

0.17131 -0.00458787 -0.00706285
-0.00458787 0.0244671 0.00228369
-0.00706285 0.00228369 0.0128177

0.179004 -0.00276864 0.000478423
-0.00276864 0.0201706 0.00198273
0.000478423 0.00198273 0.0126639

0.172408 -0.00112108 0.00428449
-0.00112108 0.00517451 0.00164452
0.00428449 0.00164452 0.000643981

0.175897 -0.000224426 0.0053107
-0.000224426 0.00536255 0.00129522
0.0053107 0.00129522 0.00324906

0.172331 0.000493173 0.00514038
0.000493173 -0.000821208 0.000967142
0.00514038 0.000967142 -0.00161214

0.174105 0.000711361 0.00449086
0.000711361 0.000379787 0.000686042
0.00449086 0.000686042 0.000509043

0.172192 0.000884753 0.00362897
0.000884753 -0.00211544 0.000463116
0.00362897 0.000463116 -0.00155674

0.17304 0.000805434 0.00285687
0.000805434 -0.00103154 0.000294952
0.00285687 0.000294952 -0.00021172

0.171998 0.000746783 0.00212234
0.000746783 -0.00201422 0.000174471
0.00212234 0.000174471 -0.00111644

0.172367 0.000573718 0.0015399
0.000573718 -0.00129718 9.14656e-05
0.0015399 9.14656e-05 -0.000370283

0.171842 0.000438008 0.00101478
0.000438008 -0.00165869 3.75074e-05
0.00101478 3.75074e-05 -0.000752886

0.171967 0.000248501 0.000590688
0.000248501 -0.00132178 5.3742e-06
0.000590688 5.3742e-06 -0.00043468

0.171799 9.46292e-05 0.000184154
9.46292e-05 -0.00141862 -9.48139e-06
0.000184154 -9.48139e-06 -0.000547781

0.148581 -0.0147485 -0.0460827
-0.0147485 0.11645 0.00498924
-0.0460827 0.00498924 0.12139

0.156763 -0.0140529 -0.0366235
-0.0140529 0.0747077 0.00514296
-0.0366235 0.00514296 0.0680882

0.177618 -0.0111409 -0.0224211
-0.0111409 0.052945 0.00451066
-0.0224211 0.00451066 0.0414413

0.174235 -0.00760069 -0.00711778
-0.00760069 0.0246836 0.00381286
-0.00711778 0.00381286 0.0145968

0.176615 -0.00402973 3.34658e-05
-0.00402973 0.0161191 0.00326576
3.34658e-05 0.00326576 0.00996482

0.173506 -0.00174771 0.00363984
-0.00174771 0.00576161 0.0026626
0.00363984 0.0026626 0.00217272

0.173581 -3.4531e-06 0.00463884
-3.4531e-06 0.00320968 0.00206176
0.00463884 0.00206176 0.00170555

0.17226 0.000783413 0.00454293
0.000783413 1.8094e-05 0.00151463
0.00454293 0.00151463 -0.000492664

0.172173 0.00129878 0.00400972
0.00129878 -0.000571805 0.0010593
0.00400972 0.0010593 -0.00031831

0.171668 0.00135599 0.00326663
0.00135599 -0.00137086 0.000704565
0.00326663 0.000704565 -0.000851941

0.171599 0.00133417 0.00259815
0.00133417 -0.00137249 0.000441997
0.00259815 0.000441997 -0.000635903

0.171395 0.00112815 0.0019459
0.00112815 -0.00146368 0.000255885
0.0019459 0.000255885 -0.000713861

0.171348 0.000923764 0.00142512
0.000923764 -0.00134299 0.00012946
0.00142512 0.00012946 -0.000564385

0.171261 0.000652124 0.000944869
0.000652124 -0.00128536 4.77983e-05
0.000944869 4.77983e-05 -0.000547832

0.171228 0.000403995 0.000553526
0.000403995 -0.00120956 -3.10424e-07
0.000553526 -3.10424e-07 -0.000483997

0.171196 0.000126662 0.000172546
0.000126662 -0.0011848 -2.25241e-05
0.000172546 -2.25241e-05 -0.000479342

0.155224 -0.0209966 -0.0443411
-0.0209966 0.122292 0.00710313
-0.0443411 0.00710313 0.126009

0.152611 -0.0200748 -0.0355423
-0.0200748 0.0670591 0.00737693
-0.0355423 0.00737693 0.0611695

0.183369 -0.0157206 -0.0219548
-0.0157206 0.0533661 0.00636414
-0.0219548 0.00636414 0.0441138

0.170453 -0.00961069 -0.00734915
-0.00961069 0.0169648 0.00528564
-0.00734915 0.00528564 0.00935192

0.179117 -0.00505049 -0.000747991
-0.00505049 0.0165563 0.00442181
-0.000747991 0.00442181 0.0123414

0.169655 -0.00156134 0.00263626
-0.00156134 0.00139656 0.00350818
0.00263626 0.00350818 -0.000873067

0.173728 0.00020985 0.0036575
0.00020985 0.004397 0.00264696
0.0036575 0.00264696 0.00356739

0.16899 0.00134787 0.00370966
0.00134787 -0.00194616 0.00189911
0.00370966 0.00189911 -0.00209488

0.17142 0.00171053 0.00336099
0.00171053 0.000609737 0.00129945
0.00336099 0.00129945 0.000896792

0.169234 0.001831 0.00279313
0.001831 -0.0021276 0.000845757
0.00279313 0.000845757 -0.00166542

0.170687 0.00166861 0.00226857
0.00166861 -0.000469279 0.000517441
0.00226857 0.000517441 7.87909e-05

0.169704 0.00144177 0.00172732
0.00144177 -0.00166306 0.000289509
0.00172732 0.000289509 -0.00110539

0.170509 0.00113007 0.00128605
0.00113007 -0.000721299 0.000136984
0.00128605 0.000136984 -0.000177143

0.170093 0.000817992 0.000862501
0.000817992 -0.00121714 4.00908e-05
0.000862501 4.00908e-05 -0.000698515

0.170439 0.000485399 0.000510189
0.000485399 -0.000806593 -1.64945e-05
0.000510189 -1.64945e-05 -0.000309628

0.170317 0.000165001 0.000159486
0.000165001 -0.000949801 -4.23415e-05
0.000159486 -4.23415e-05 -0.000465406

0.148052 -0.0298513 -0.0420155
-0.0298513 0.114511 0.00943031
-0.0420155 0.00943031 0.115928

0.163049 -0.0271565 -0.0344852
-0.0271565 0.0701793 0.00968144
-0.0344852 0.00968144 0.0663168

0.177704 -0.0190608 -0.0216366
-0.0190608 0.0402952 0.00807871
-0.0216366 0.00807871 0.0346839

0.175664 -0.0111173 -0.00795562
-0.0111173 0.0169483 0.00651814
-0.00795562 0.00651814 0.0127914

0.173073 -0.00447023 -0.00193628
-0.00447023 0.00849512 0.00524802
-0.00193628 0.00524802 0.00671106

0.170156 -0.00121138 0.00130796
-0.00121138 0.00301848 0.00401708
0.00130796 0.00401708 0.00198385

0.16861 0.000883937 0.00246322
0.000883937 0.000855169 0.00292465
0.00246322 0.00292465 0.000732071

0.167957 0.00172062 0.00275805
0.00172062 -0.000205748 0.0020351
0.00275805 0.0020351 -0.000217871

0.167721 0.00207611 0.0026559
0.00207611 -0.000774034 0.00135203
0.0026559 0.00135203 -0.000487421

0.167981 0.00204227 0.00230222
0.00204227 -0.000799845 0.000853659
0.00230222 0.000853659 -0.000554541

0.1682 0.00183948 0.00194156
0.00183948 -0.000917484 0.000503817
0.00194156 0.000503817 -0.000586954

0.168615 0.00154308 0.00152009
0.00154308 -0.000760223 0.000266592
0.00152009 0.000266592 -0.000487786

0.168872 0.00120375 0.0011606
0.00120375 -0.000759722 0.000111797
0.0011606 0.000111797 -0.000471313

0.169169 0.000859555 0.000791348
0.000859555 -0.000634635 1.50799e-05
0.000791348 1.50799e-05 -0.00038652

0.169308 0.000510374 0.000474677
0.000510374 -0.000628793 -4.02722e-05
0.000474677 -4.02722e-05 -0.00038144

0.169401 0.000171452 0.000148708
0.000171452 -0.00059425 -6.53776e-05
0.000148708 -6.53776e-05 -0.000360847

0.162415 -0.0394745 -0.0394745
-0.0394745 0.125351 0.0118199
-0.0394745 0.0118199 0.125351

0.154445 -0.0337499 -0.0337499
-0.0337499 0.0514189 0.011693
-0.0337499 0.011693 0.0514189

0.188089 -0.0218665 -0.0218665
-0.0218665 0.0384343 0.00917144
-0.0218665 0.00917144 0.0384343

0.166506 -0.00900826 -0.00900826
-0.00900826 0.0026134 0.00702224
-0.00900826 0.00702224 0.0026134

0.173214 -0.00345664 -0.00345664
-0.00345664 0.0103389 0.00543232
-0.00345664 0.00543232 0.0103389

0.162374 -0.000150006 -0.000150006
-0.000150006 -0.00264512 0.00394488
-0.000150006 0.00394488 -0.00264512

0.16671 0.00129466 0.00129466
0.00129466 0.00310037 0.00275645
0.00129466 0.00275645 0.00310037

0.162667 0.00189872 0.00189872
0.00189872 -0.00230258 0.00184294
0.00189872 0.00184294 -0.00230258

0.16587 0.00207058 0.00207058
0.00207058 0.000915066 0.0011786
0.00207058 0.0011786 0.000915066

0.164612 0.0019257 0.0019257
0.0019257 -0.00151169 0.000714064
0.0019257 0.000714064 -0.00151169

0.166783 0.00171212 0.00171212
0.00171212 0.000210066 0.000398561
0.00171212 0.000398561 0.000210066

0.166516 0.00139055 0.00139055
0.00139055 -0.000921011 0.00019209
0.00139055 0.00019209 -0.000921011

0.167821 0.00109119 0.00109119
0.00109119 -4.24285e-05 6.07585e-05
0.00109119 6.07585e-05 -4.24285e-05

0.167829 0.000759051 0.000759051
0.000759051 -0.000545341 -1.87305e-05
0.000759051 -1.87305e-05 -0.000545341

0.168423 0.000460421 0.000460421
0.000460421 -0.000185821 -6.33547e-05
0.000460421 -6.33547e-05 -0.000185821

0.168436 0.000145669 0.000145669
0.000145669 -0.000340034 -8.31677e-05
0.000145669 -8.31677e-05 -0.000340034

0.145974 -0.0563606 -0.0377168
-0.0563606 0.104885 0.0140456
-0.0377168 0.0140456 0.100823

0.179133 -0.0419184 -0.0345794
-0.0419184 0.0498207 0.0122372
-0.0345794 0.0122372 0.0585417

0.173292 -0.0150687 -0.0223985
-0.0150687 0.0100944 0.00843837
-0.0223985 0.00843837 0.0176544

0.164458 -0.00599558 -0.0102678
-0.00599558 0.00592603 0.00642022
-0.0102678 0.00642022 0.00781556

0.160977 -0.00167829 -0.00487735
-0.00167829 0.00164323 0.00458141
-0.00487735 0.00458141 0.00283276

0.158726 0.000370537 -0.00119766
0.000370537 0.000618024 0.00314221
-0.00119766 0.00314221 0.000437765

0.159305 0.00106756 0.000563718
0.00106756 0.000226474 0.00208333
0.000563718 0.00208333 0.000156944

0.159977 0.00150993 0.00146433
0.00150993 -0.000138432 0.00132356
0.00146433 0.00132356 -0.00054434

0.161543 0.00144226 0.00183279
0.00144226 -6.67309e-05 0.000807443
0.00183279 0.000807443 -0.000331476

0.162853 0.00140323 0.00181946
0.00140323 -0.000173279 0.000459507
0.00181946 0.000459507 -0.00051841

0.164273 0.00116383 0.00168305
0.00116383 -9.40708e-05 0.000235453
0.00168305 0.000235453 -0.000345393

0.165385 0.000989428 0.00140092
0.000989428 -0.000113548 9.33156e-05
0.00140092 9.33156e-05 -0.000377127

0.166347 0.00073627 0.00111785
0.00073627 -6.9372e-05 7.07125e-06
0.00111785 7.07125e-06 -0.000278102

0.167033 0.000539013 0.000786046
0.000539013 -6.45422e-05 -4.34158e-05
0.000786046 -4.34158e-05 -0.000269938

0.167494 0.000305301 0.000479792
0.000305301 -5.51401e-05 -7.06355e-05
0.000479792 -7.06355e-05 -0.000235209

0.167703 0.000111674 0.000152434
0.000111674 -7.02338e-05 -8.24313e-05
0.000152434 -8.24313e-05 -0.000247857

0.197516 -0.0839012 -0.0441489
-0.0839012 0.11909 0.0173979
-0.0441489 0.0173979 0.116015

0.150111 -0.0219035 -0.0355271
-0.0219035 -0.0127616 0.00607078
-0.0355271 0.00607078 0.0106916

0.158083 -0.00792897 -0.0220249
-0.00792897 0.0159793 0.00483976
-0.0220249 0.00483976 0.0222919

0.145357 -0.00386476 -0.0106061
-0.00386476 -0.00639468 0.00322309
-0.0106061 0.00322309 -0.00327025

0.152587 -0.00161087 -0.00471104
-0.00161087 0.00521405 0.00207343
-0.00471104 0.00207343 0.00568768

0.149156 -0.000775448 -0.00086275
-0.000775448 -0.00281674 0.00135365
-0.00086275 0.00135365 -0.00271998

0.154944 -0.00012772 0.000956605
-0.00012772 0.00218963 0.000833006
0.000956605 0.000833006 0.00192584

0.155008 9.00654e-05 0.00189658
9.00654e-05 -0.00128518 0.000510557
0.00189658 0.000510557 -0.00160309

0.159235 0.000281646 0.00219761
0.000281646 0.00105167 0.000292613
0.00219761 0.000292613 0.000700797

0.16023 0.00030088 0.00214574
0.00030088 -0.000583147 0.000156564
0.00214574 0.000156564 -0.000936934

0.163042 0.000325208 0.00193302
0.000325208 0.000551988 7.13275e-05
0.00193302 7.13275e-05 0.000216667

0.163993 0.000274602 0.00159929
0.000274602 -0.000240454 1.91368e-05
0.00159929 1.91368e-05 -0.000563448

0.16566 0.000236786 0.00125766
0.000236786 0.000303378 -1.06918e-05
0.00125766 -1.06918e-05 3.7545e-06

0.166268 0.00016521 0.000882481
0.00016521 -5.82888e-05 -2.80358e-05
0.000882481 -2.80358e-05 -0.000344495

0.16703 0.00010699 0.00053372
0.00010699 0.000158503 -3.65406e-05
0.00053372 -3.65406e-05 -0.000113251

0.167213 3.11127e-05 0.000170738
3.11127e-05 3.35324e-05 -4.03474e-05
0.000170738 -4.03474e-05 -0.000232683

0.125201 -0.00295998 -0.0656066
-0.00295998 0.0842642 0.00112563
-0.0656066 0.00112563 0.0988383

0.172777 -0.00282497 -0.049121
-0.00282497 0.0744691 0.0009565
-0.049121 0.0009565 0.0638179

0.158214 -0.0022241 -0.0171827
-0.0022241 0.0282885 0.000709955
-0.0171827 0.000709955 0.00978171

0.166049 -0.00165692 -0.00346346
-0.00165692 0.0259883 0.000623405
-0.00346346 0.000623405 0.0139271

0.160796 -0.000934418 0.00284198
-0.000934418 0.00787111 0.000538915
0.00284198 0.000538915 0.000263119

0.166465 -0.000546559 0.00515931
-0.000546559 0.00726952 0.000446989
0.00515931 0.000446989 0.00374349

0.165716 -7.42482e-05 0.00527079
-7.42482e-05 0.000296729 0.000349437
0.00527079 0.000349437 -0.0010798

0.169297 6.32193e-05 0.00484519
6.32193e-05 0.000745174 0.000258112
0.00484519 0.000258112 0.000913046

0.169268 0.000274861 0.00390669
0.000274861 -0.00185163 0.000181429
0.00390669 0.000181429 -0.000984547

0.171061 0.000259651 0.00314261
0.000259651 -0.00116397 0.000120535
0.00314261 0.000120535 0.00012549

0.170949 0.000315668 0.00233099
0.000315668 -0.00207563 7.56163e-05
0.00233099 7.56163e-05 -0.000680006

0.171708 0.00024281 0.00174793
0.00024281 -0.00150323 4.34025e-05
0.00174793 4.34025e-05 -8.56427e-05

0.171546 0.000228567 0.00120264
0.000228567 -0.00178354 2.16113e-05
0.00120264 2.16113e-05 -0.000434658

0.171821 0.000144495 0.000812727
0.000144495 -0.00142903 7.45492e-06
0.000812727 7.45492e-06 -0.000146122

0.171707 0.000105077 0.000443688
0.000105077 -0.00150357 -8.71319e-07
0.000443688 -8.71319e-07 -0.000286317

0.171755 2.25557e-05 0.000155306
2.25557e-05 -0.00140239 -4.72075e-06
0.000155306 -4.72075e-06 -0.000217518

0.127488 -0.0081974 -0.0650318
-0.0081974 0.0864471 0.00334405
-0.0650318 0.00334405 0.100376

0.172059 -0.00846324 -0.0485453
-0.00846324 0.0729729 0.00294668
-0.0485453 0.00294668 0.0621296

0.160272 -0.00688969 -0.0168771
-0.00688969 0.0290465 0.00214366
-0.0168771 0.00214366 0.0109444

0.165263 -0.00467624 -0.00345075
-0.00467624 0.0240823 0.00189024
-0.00345075 0.00189024 0.012547

0.162066 -0.00296129 0.00264462
-0.00296129 0.00831692 0.00162111
0.00264462 0.00162111 0.00118457

0.165611 -0.00132289 0.00486004
-0.00132289 0.00601472 0.00133032
0.00486004 0.00133032 0.00283429

0.166153 -0.000376983 0.00495274
-0.000376983 0.000792656 0.00102941
0.00495274 0.00102941 -0.000394426

0.16839 0.000398654 0.00456103
0.000398654 0.000119395 0.000753625
0.00456103 0.000753625 0.000376607

0.169167 0.00067792 0.00367513
0.00067792 -0.00140135 0.000524285
0.00367513 0.000524285 -0.000545055

0.170255 0.000885549 0.0029675
0.000885549 -0.00141274 0.000345991
0.0029675 0.000345991 -0.000169293

0.170642 0.000830901 0.00220438
0.000830901 -0.00173473 0.00021455
0.00220438 0.00021455 -0.000427744

0.17108 0.000777916 0.00166087
0.000777916 -0.00156081 0.000121818
0.00166087 0.000121818 -0.000233163

0.171204 0.000606107 0.0011453
0.000606107 -0.00154874 5.90883e-05
0.0011453 5.90883e-05 -0.00030235

0.171352 0.000462656 0.000777353
0.000462656 -0.00139242 1.87545e-05
0.000777353 1.87545e-05 -0.000204931

0.171366 0.000265318 0.000424794
0.000265318 -0.00134922 -4.92476e-06
0.000424794 -4.92476e-06 -0.000229382

0.171382 9.95835e-05 0.000149271
9.95835e-05 -0.00130747 -1.58304e-05
0.000149271 -1.58304e-05 -0.000216588

0.125714 -0.0145763 -0.0638347
-0.0145763 0.0846604 0.00570163
-0.0638347 0.00570163 0.097081

0.176694 -0.0144265 -0.0474289
-0.0144265 0.0754682 0.00497623
-0.0474289 0.00497623 0.0644046

0.158758 -0.0112639 -0.0162981
-0.0112639 0.0250748 0.00366563
-0.0162981 0.00366563 0.00781057

0.168558 -0.00775263 -0.00349888
-0.00775263 0.0249428 0.00320305
-0.00349888 0.00320305 0.0145429

0.16037 -0.00441047 0.00219567
-0.00441047 0.00506951 0.00270098
0.00219567 0.00270098 -0.00109141

0.1671 -0.00210361 0.0042274
-0.00210361 0.00694895 0.00217065
0.0042274 0.00217065 0.00440971

0.164282 -0.000289556 0.00431597
-0.000289556 -0.000959657 0.00164382
0.00431597 0.00164382 -0.00176784

0.168482 0.000618992 0.00400454
0.000618992 0.00107208 0.00118003
0.00400454 0.00118003 0.00143682

0.16742 0.0012238 0.00323602
0.0012238 -0.00215897 0.000806853
0.00323602 0.000806853 -0.00130884

0.169725 0.00134878 0.00263828
0.00134878 -0.000651081 0.000523077
0.00263828 0.000523077 0.000458193

0.169246 0.00136137 0.00197217
0.00136137 -0.00197656 0.000318082
0.00197217 0.000318082 -0.000821772

0.170409 0.00117208 0.00150215
0.00117208 -0.00102446 0.000175659
0.00150215 0.000175659 0.000107888

0.170172 0.000967339 0.0010427
0.000967339 -0.00154625 8.0528e-05
0.0010427 8.0528e-05 -0.000481306

0.170699 0.000688817 0.000714582
0.000688817 -0.00103559 2.0158e-05
0.000714582 2.0158e-05 -3.8459e-05

0.170589 0.000426883 0.000391484
0.000426883 -0.00122018 -1.50553e-05
0.000391484 -1.50553e-05 -0.00027778

0.170722 0.0001351 0.000138858
0.0001351 -0.0010779 -3.1121e-05
0.000138858 -3.1121e-05 -0.000164942

0.13326 -0.0206349 -0.0620158
-0.0206349 0.0916167 0.008143
-0.0620158 0.008143 0.102046

0.174076 -0.020591 -0.0457628
-0.020591 0.0697948 0.00720526
-0.0457628 0.00720526 0.0584747

0.165249 -0.0158745 -0.015587
-0.0158745 0.0269283 0.00528406
-0.015587 0.00528406 0.0113393

0.165775 -0.00995761 -0.00374404
-0.00995761 0.0186601 0.00454497
-0.00374404 0.00454497 0.0101329

0.163707 -0.00567158 0.00137716
-0.00567158 0.00642742 0.00371838
0.00137716 0.00371838 0.00172138

0.164054 -0.00214448 0.0032276
-0.00214448 0.0033068 0.00288017
0.0032276 0.00288017 0.0017172

0.164916 -0.000219997 0.00337272
-0.000219997 0.000578002 0.00211024
0.00337272 0.00211024 0.00017289

0.165602 0.00108561 0.00322705
0.00108561 -0.000562556 0.00147123
0.00322705 0.00147123 -4.24927e-05

0.166777 0.00158555 0.00263885
0.00158555 -0.000886624 0.000979496
0.00263885 0.000979496 -0.000150703

0.167414 0.00179565 0.0022081
0.00179565 -0.00124454 0.000617602
0.0022081 0.000617602 -0.000302729

0.168272 0.00168708 0.00167438
0.00168708 -0.00107644 0.000363893
0.00167438 0.000363893 -0.000185668

0.168724 0.00148303 0.00130482
0.00148303 -0.00114038 0.000191066
0.00130482 0.000191066 -0.00025456

0.169231 0.00117721 0.00091779
0.00117721 -0.000950831 7.84357e-05
0.00091779 7.84357e-05 -0.000155541

0.169489 0.000857265 0.000639674
0.000857265 -0.000931441 7.87997e-06
0.000639674 7.87997e-06 -0.000177906

0.169709 0.000511845 0.000352791
0.000511845 -0.000835738 -3.24593e-05
0.000352791 -3.24593e-05 -0.000138432

0.169774 0.000173635 0.000126464
0.000173635 -0.000839037 -5.07833e-05
0.000126464 -5.07833e-05 -0.000160527

0.129079 -0.0288852 -0.0594525
-0.0288852 0.0869835 0.0108845
-0.0594525 0.0108845 0.0941247

0.184775 -0.0276331 -0.0437964
-0.0276331 0.0738165 0.00958021
-0.0437964 0.00958021 0.0630163

0.161253 -0.019389 -0.0149611
-0.019389 0.0165994 0.00698011
-0.0149611 0.00698011 0.00377992

0.171935 -0.0117516 -0.00448347
-0.0117516 0.0200317 0.00578952
-0.00448347 0.00578952 0.0142981

0.159054 -0.00547016 7.05402e-05
-0.00547016 -0.000213122 0.00447561
7.05402e-05 0.00447561 -0.00298709

0.16533 -0.00204192 0.0018661
-0.00204192 0.00538225 0.00329017
0.0018661 0.00329017 0.00467508

0.160573 0.000289111 0.00221959
0.000289111 -0.00236319 0.00230446
0.00221959 0.00230446 -0.00232158

0.164772 0.00135719 0.00232503
0.00135719 0.00123079 0.0015459
0.00232503 0.0015459 0.00170228

0.163379 0.00188923 0.00198986
0.00188923 -0.00198533 0.000990315
0.00198986 0.000990315 -0.00138555

0.166074 0.00196957 0.00175654
0.00196957 1.59708e-05 0.000601045
0.00175654 0.000601045 0.000647023

0.165861 0.00183526 0.0013773
0.00183526 -0.00137388 0.000335673
0.0013773 0.000335673 -0.000767569

0.167476 0.00157198 0.00111529
0.00157198 -0.000316995 0.000161862
0.00111529 0.000161862 0.000239449

0.167577 0.00124323 0.000803021
0.00124323 -0.000913071 5.08979e-05
0.000803021 5.08979e-05 -0.00040391

0.168423 0.000895641 0.000574017
0.000895641 -0.000404168 -1.62674e-05
0.000574017 -1.62674e-05 5.94266e-05

0.168514 0.000534598 0.00031965
0.000534598 -0.000633962 -5.41095e-05
0.00031965 -5.41095e-05 -0.000200012

0.168758 0.000180078 0.000116529
0.000180078 -0.00050158 -7.08948e-05
0.000116529 -7.08948e-05 -8.45982e-05

0.145974 -0.0377168 -0.0563606
-0.0377168 0.100823 0.0140456
-0.0563606 0.0140456 0.104885

0.179133 -0.0345794 -0.0419184
-0.0345794 0.0585417 0.0122372
-0.0419184 0.0122372 0.0498207

0.173292 -0.0223985 -0.0150687
-0.0223985 0.0176544 0.00843837
-0.0150687 0.00843837 0.0100944

0.164458 -0.0102678 -0.00599558
-0.0102678 0.00781556 0.00642022
-0.00599558 0.00642022 0.00592603

0.160977 -0.00487735 -0.00167829
-0.00487735 0.00283276 0.00458141
-0.00167829 0.00458141 0.00164323

0.158726 -0.00119766 0.000370537
-0.00119766 0.000437765 0.00314221
0.000370537 0.00314221 0.000618024

0.159305 0.000563718 0.00106756
0.000563718 0.000156944 0.00208333
0.00106756 0.00208333 0.000226474

0.159977 0.00146433 0.00150993
0.00146433 -0.00054434 0.00132356
0.00150993 0.00132356 -0.000138432

0.161543 0.00183279 0.00144226
0.00183279 -0.000331476 0.000807443
0.00144226 0.000807443 -6.67309e-05

0.162853 0.00181946 0.00140323
0.00181946 -0.00051841 0.000459507
0.00140323 0.000459507 -0.000173279

0.164273 0.00168305 0.00116383
0.00168305 -0.000345393 0.000235453
0.00116383 0.000235453 -9.40708e-05

0.165385 0.00140092 0.000989428
0.00140092 -0.000377127 9.33156e-05
0.000989428 9.33156e-05 -0.000113548

0.166347 0.00111785 0.00073627
0.00111785 -0.000278102 7.07125e-06
0.00073627 7.07125e-06 -6.9372e-05

0.167033 0.000786046 0.000539013
0.000786046 -0.000269938 -4.34158e-05
0.000539013 -4.34158e-05 -6.45422e-05

0.167494 0.000479792 0.000305301
0.000479792 -0.000235209 -7.06355e-05
0.000305301 -7.06355e-05 -5.51401e-05

0.167703 0.000152434 0.000111674
0.000152434 -0.000247857 -8.24313e-05
0.000111674 -8.24313e-05 -7.02338e-05

0.139685 -0.0532031 -0.0532031
-0.0532031 0.0894736 0.0179546
-0.0532031 0.0179546 0.0894736

0.204459 -0.0422833 -0.0422833
-0.0422833 0.057098 0.0140966
-0.0422833 0.0140966 0.057098

0.160409 -0.0162672 -0.0162672
-0.0162672 -0.00662123 0.00808073
-0.0162672 0.00808073 -0.00662123

0.164981 -0.00804432 -0.00804432
-0.00804432 0.01236 0.00557136
-0.00804432 0.00557136 0.01236

0.150571 -0.00325028 -0.00325028
-0.00325028 -0.00486705 0.0035188
-0.00325028 0.0035188 -0.00486705

0.155674 -0.000761839 -0.000761839
-0.000761839 0.00360034 0.00222879
-0.000761839 0.00222879 0.00360034

0.152676 0.00034081 0.00034081
0.00034081 -0.00225087 0.00135575
0.00034081 0.00135575 -0.00225087

0.157059 0.00107284 0.00107284
0.00107284 0.00125191 0.000801572
0.00107284 0.000801572 0.00125191

0.157473 0.00119573 0.00119573
0.00119573 -0.0010317 0.000444966
0.00119573 0.000444966 -0.0010317

0.160719 0.00128282 0.00128282
0.00128282 0.000507443 0.000224209
0.00128282 0.000224209 0.000507443

0.161819 0.0011149 0.0011149
0.0011149 -0.000475913 8.97381e-05
0.0011149 8.97381e-05 -0.000475913

0.163947 0.000981246 0.000981246
0.000981246 0.000228156 1.07512e-05
0.000981246 1.07512e-05 0.000228156

0.164853 0.000745856 0.000745856
0.000745856 -0.000209455 -3.36227e-05
0.000745856 -3.36227e-05 -0.000209455

0.166032 0.000553274 0.000553274
0.000553274 0.000102707 -5.74851e-05
0.000553274 -5.74851e-05 0.000102707

0.166499 0.000316757 0.000316757
0.000316757 -7.47422e-05 -6.90964e-05
0.000316757 -6.90964e-05 -7.47422e-05

0.166849 0.000115655 0.000115655
0.000115655 -9.7016e-06 -7.3803e-05
0.000115655 -7.3803e-05 -9.7016e-06

0.195462 -0.0801974 -0.0593431
-0.0801974 0.106379 0.0224325
-0.0593431 0.0224325 0.109806

0.179107 -0.0212316 -0.0430039
-0.0212316 -0.00343332 0.0078151
-0.0430039 0.0078151 0.0136452

0.152812 -0.0098636 -0.0165584
-0.0098636 0.00569624 0.00489333
-0.0165584 0.00489333 0.00621687

0.149182 -0.00530137 -0.00879359
-0.00530137 0.000915793 0.00256424
-0.00879359 0.00256424 0.00311546

0.14391 -0.00261566 -0.00315544
-0.00261566 -0.000119626 0.00146749
-0.00315544 0.00146749 -0.000337833

0.147255 -0.00156063 -0.000748624
-0.00156063 0.000982802 0.000821569
-0.000748624 0.000821569 0.00144249

0.14819 -0.000585084 0.000609373
-0.000585084 -0.000353849 0.000445446
0.000609373 0.000445446 -0.000476488

0.152397 -0.000251922 0.00127207
-0.000251922 0.000626106 0.000238971
0.00127207 0.000238971 0.000714383

0.154712 9.65602e-05 0.00143374
9.65602e-05 -0.000166785 0.000109172
0.00143374 0.000109172 -0.000270165

0.158129 0.000171947 0.00146407
0.000171947 0.000383878 4.35132e-05
0.00146407 4.35132e-05 0.00034871

0.160204 0.000263031 0.00127609
0.000263031 -3.50549e-05 1.65146e-06
0.00127609 1.65146e-06 -0.000142534

0.162514 0.000234698 0.00109999
0.000234698 0.000246125 -1.61586e-05
0.00109999 -1.61586e-05 0.00016617

0.16391 0.000222007 0.000836139
0.000222007 3.59354e-05 -2.73183e-05
0.000836139 -2.73183e-05 -7.0625e-05

0.165203 0.000156134 0.000613327
0.000156134 0.000167922 -3.0331e-05
0.000613327 -3.0331e-05 7.46345e-05

0.165879 0.000105926 0.000351692
0.000105926 7.72132e-05 -3.22938e-05
0.000351692 -3.22938e-05 -2.42508e-05

0.166267 2.94218e-05 0.000127184
2.94218e-05 9.15159e-05 -3.23053e-05
0.000127184 -3.23053e-05 -5.69763e-06

0.189565 -0.00366927 -0.0933322
-0.00366927 0.107076 0.00151292
-0.0933322 0.00151292 0.122988

0.141285 -0.0029865 -0.0280206
-0.0029865 0.0227274 0.000505596
-0.0280206 0.000505596 -0.00214192

0.134745 -0.0022471 -0.00857858
-0.0022471 0.0251662 0.000382353
-0.00857858 0.000382353 0.0131789

0.136197 -0.00168438 -0.00170156
-0.00168438 0.00531295 0.000283639
-0.00170156 0.000283639 -0.0026196

0.145845 -0.000922429 0.00147446
-0.000922429 0.00534538 0.000230238
0.00147446 0.000230238 0.00287455

0.152596 -0.000486175 0.00233166
-0.000486175 -0.00039394 0.000184412
0.00233166 0.000184412 -0.000785861

0.159363 4.34845e-06 0.00259749
4.34845e-06 -0.000627094 0.000142252
0.00259749 0.000142252 0.000724175

0.163639 0.00016449 0.00224565
0.00016449 -0.00223544 0.000103305
0.00224565 0.000103305 -0.00032451

0.166982 0.000365624 0.00192121
0.000365624 -0.0020625 7.3547e-05
0.00192121 7.3547e-05 0.000183671

0.168927 0.000346475 0.0014672
0.000346475 -0.00232226 4.72379e-05
0.0014672 4.72379e-05 -0.00014293

0.170265 0.000383342 0.0011418
0.000383342 -0.00201717 3.05682e-05
0.0011418 3.05682e-05 4.56346e-05

0.170972 0.000297959 0.00081251
0.000297959 -0.00190863 1.62386e-05
0.00081251 1.62386e-05 -6.55679e-05

0.171409 0.000267722 0.000586514
0.000267722 -0.00165277 8.4648e-06
0.000586514 8.4648e-06 5.40996e-06

0.171611 0.000171413 0.000372276
0.000171413 -0.00151543 1.99713e-06
0.000372276 1.99713e-06 -3.27553e-05

0.171717 0.000120544 0.000219321
0.000120544 -0.00137996 -8.64553e-07
0.000219321 -8.64553e-07 -1.07678e-05

0.171734 2.73808e-05 6.38613e-05
2.73808e-05 -0.00134454 -2.65455e-06
6.38613e-05 -2.65455e-06 -3.89241e-05

0.190518 -0.0103175 -0.0927243
-0.0103175 0.108281 0.00441629
-0.0927243 0.00441629 0.123464

0.140268 -0.00890162 -0.0276002
-0.00890162 0.021053 0.00154781
-0.0276002 0.00154781 -0.00386923

0.136963 -0.0068972 -0.00842307
-0.0068972 0.0260534 0.00116631
-0.00842307 0.00116631 0.0142597

0.136193 -0.0047666 -0.00172164
-0.0047666 0.00405733 0.000853079
-0.00172164 0.000853079 -0.00362706

0.147471 -0.00288688 0.00134178
-0.00288688 0.00602545 0.000700384
0.00134178 0.000700384 0.00374089

0.152208 -0.00116453 0.00213551
-0.00116453 -0.00122984 0.000553347
0.00213551 0.000553347 -0.00152898

0.159932 -0.000118467 0.00239586
-0.000118467 1.22389e-05 0.000418947
0.00239586 0.000418947 0.00134044

0.162875 0.000674323 0.00206203
0.000674323 -0.00263257 0.000306631
0.00206203 0.000306631 -0.00080448

0.166876 0.000954585 0.00177031
0.000954585 -0.00152289 0.000209368
0.00177031 0.000209368 0.000581024

0.168111 0.00112363 0.00135229
0.00112363 -0.00246585 0.00013916
0.00135229 0.00013916 -0.00043187

0.169916 0.00102983 0.00105601
0.00102983 -0.00162409 8.37384e-05
0.00105601 8.37384e-05 0.000280816

0.170293 0.000930583 0.000754182
0.000930583 -0.00192873 4.76878e-05
0.000754182 4.76878e-05 -0.00022404

0.171025 0.00071837 0.000545792
0.00071837 -0.00139211 2.12047e-05
0.000545792 2.12047e-05 0.000132685

0.171091 0.000538331 0.000348268
0.000538331 -0.00147044 5.72489e-06
0.000348268 5.72489e-06 -0.000103242

0.171338 0.00030842 0.000204975
0.00030842 -0.00121649 -4.28805e-06
0.000204975 -4.28805e-06 4.28386e-05

0.171319 0.000114036 6.03442e-05
0.000114036 -0.00124753 -8.42945e-06
6.03442e-05 -8.42945e-06 -4.50863e-05

0.187083 -0.0180412 -0.0914741
-0.0180412 0.105524 0.00750519
-0.0914741 0.00750519 0.119039

0.143912 -0.0151247 -0.0267593
-0.0151247 0.0228221 0.00258387
-0.0267593 0.00258387 -0.00206363

0.136587 -0.0112951 -0.00813893
-0.0112951 0.0231062 0.00197491
-0.00813893 0.00197491 0.0117054

0.140436 -0.00786737 -0.00178716
-0.00786737 0.00563966 0.00146254
-0.00178716 0.00146254 -0.00150601

0.147032 -0.0042999 0.00102654
-0.0042999 0.00381847 0.00117871
0.00102654 0.00117871 0.00191457

0.154213 -0.00181577 0.00173396
-0.00181577 0.000135658 0.000911399
0.00173396 0.000911399 -2.93098e-05

0.158571 0.000105679 0.00198498
0.000105679 -0.00114621 0.0006778
0.00198498 0.0006778 0.00013951

0.163075 0.00105979 0.00170487
0.00105979 -0.0014259 0.000478975
0.00170487 0.000478975 0.000184872

0.165189 0.00163672 0.00148485
0.00163672 -0.00199874 0.000325369
0.00148485 0.000325369 -0.000152493

0.167535 0.00171061 0.00113342
0.00171061 -0.00155556 0.000207141
0.00113342 0.000207141 0.000166277

0.168429 0.00165481 0.000901668
0.00165481 -0.00176073 0.000125022
0.000901668 0.000125022 -0.000135917

0.169548 0.00139837 0.000643764
0.00139837 -0.00131402 6.62385e-05
0.000643764 6.62385e-05 0.000112375

0.169885 0.00113257 0.000475837
0.00113257 -0.00136526 2.87621e-05
0.000475837 2.87621e-05 -7.67021e-05

0.170368 0.000799213 0.000302074
0.000799213 -0.00108115 4.00893e-06
0.000302074 4.00893e-06 6.32282e-05

0.170471 0.000490895 0.00018233
0.000490895 -0.00108773 -9.67348e-06
0.00018233 -9.67348e-06 -2.62322e-05

0.170585 0.00015525 5.13933e-05
0.00015525 -0.00101196 -1.62298e-05
5.13933e-05 -1.62298e-05 -1.26888e-06

0.191162 -0.0253538 -0.0895957
-0.0253538 0.110083 0.0105334
-0.0895957 0.0105334 0.121266

0.141491 -0.0214501 -0.0254836
-0.0214501 0.0176566 0.0036758
-0.0254836 0.0036758 -0.0072938

0.143948 -0.0158119 -0.00779388
-0.0158119 0.025742 0.00286062
-0.00779388 0.00286062 0.0151327

0.140178 -0.0101153 -0.00203742
-0.0101153 0.00153264 0.0021064
-0.00203742 0.0021064 -0.00475442

0.151435 -0.00545794 0.000484263
-0.00545794 0.00595696 0.00165192
0.000484263 0.00165192 0.00455234

0.152418 -0.00178135 0.00107329
-0.00178135 -0.0022468 0.00123615
0.00107329 0.00123615 -0.0022438

0.159535 0.000298704 0.00138212
0.000298704 0.000826822 0.000873873
0.00138212 0.000873873 0.00191051

0.160475 0.00161538 0.00120296
0.00161538 -0.00247557 0.000604002
0.00120296 0.000604002 -0.00117204

0.164532 0.00207908 0.00109142
0.00207908 -0.000473296 0.000390616
0.00109142 0.000390616 0.000930085

0.165136 0.00221838 0.000851229
0.00221838 -0.00193 0.000244571
0.000851229 0.000244571 -0.000611108

0.167357 0.00202517 0.000695841
0.00202517 -0.000721975 0.000138755
0.000695841 0.000138755 0.000483997

0.167701 0.00174428 0.000510323
0.00174428 -0.00137641 7.052e-05
0.000510323 7.052e-05 -0.000298942

0.168845 0.00136446 0.00038383
0.00136446 -0.000706034 2.4736e-05
0.00038383 2.4736e-05 0.000251905

0.169017 0.000984554 0.000250114
0.000984554 -0.000980869 -2.63114e-06
0.000250114 -2.63114e-06 -0.00011608

0.169496 0.000583295 0.000151068
0.000583295 -0.000686707 -1.87167e-05
0.000151068 -1.87167e-05 0.000110491

0.169529 0.00019787 4.43145e-05
0.00019787 -0.000781033 -2.57299e-05
4.43145e-05 -2.57299e-05 -1.67923e-05

0.185185 -0.0346337 -0.0869914
-0.0346337 0.104935 0.0138966
-0.0869914 0.0138966 0.112363

0.151901 -0.0285108 -0.0238317
-0.0285108 0.0218574 0.00481773
-0.0238317 0.00481773 -0.0025232

0.143427 -0.0193107 -0.00758243
-0.0193107 0.0186451 0.00379242
-0.00758243 0.00379242 0.0094422

0.148457 -0.0118512 -0.0025738
-0.0118512 0.00464875 0.0027648
-0.0025738 0.0027648 -0.000326067

0.14916 -0.00526701 -0.000441322
-0.00526701 0.00154461 0.00204732
-0.000441322 0.00204732 0.000829943

0.154601 -0.00161761 0.000200504
-0.00161761 0.00071313 0.00141753
0.000200504 0.00141753 0.000680694

0.155825 0.000821025 0.00063767
0.000821025 -0.00116092 0.000963284
0.00063767 0.000963284 -0.00032555

0.159836 0.00188403 0.000614015
0.00188403 -0.000202175 0.000623211
0.000614015 0.000623211 0.000580846

0.16107 0.00237774 0.0006689
0.00237774 -0.0012571 0.000390033
0.0006689 0.000390033 -0.000326083

0.163753 0.00237203 0.000541205
0.00237203 -0.000411227 0.000228202
0.000541205 0.000228202 0.000381915

0.16472 0.00216393 0.000494326
0.00216393 -0.000964635 0.000122156
0.000494326 0.000122156 -0.000185718

0.166362 0.0018175 0.000370115
0.0018175 -0.000427429 5.33003e-05
0.000370115 5.33003e-05 0.000237279

0.166986 0.00142418 0.000301269
0.00142418 -0.000695367 1.0511e-05
0.000301269 1.0511e-05 -7.23476e-05

0.167856 0.00101463 0.000196221
0.00101463 -0.000409005 -1.50337e-05
0.000196221 -1.50337e-05 0.000142635

0.168151 0.000604106 0.000126616
0.000604106 -0.000518368 -2.91798e-05
0.000126616 -2.91798e-05 5.66275e-06

0.168402 0.000201737 3.39303e-05
0.000201737 -0.000449467 -3.53688e-05
3.39303e-05 -3.53688e-05 5.04258e-05

0.197516 -0.0441489 -0.0839012
-0.0441489 0.116015 0.0173979
-0.0839012 0.0173979 0.11909

0.150111 -0.0355271 -0.0219035
-0.0355271 0.0106916 0.00607078
-0.0219035 0.00607078 -0.0127616

0.158083 -0.0220249 -0.00792897
-0.0220249 0.0222919 0.00483976
-0.00792897 0.00483976 0.0159793

0.145357 -0.0106061 -0.00386476
-0.0106061 -0.00327025 0.00322309
-0.00386476 0.00322309 -0.00639468

0.152587 -0.00471104 -0.00161087
-0.00471104 0.00568768 0.00207343
-0.00161087 0.00207343 0.00521405

0.149156 -0.00086275 -0.000775448
-0.00086275 -0.00271998 0.00135365
-0.000775448 0.00135365 -0.00281674

0.154944 0.000956605 -0.00012772
0.000956605 0.00192584 0.000833006
-0.00012772 0.000833006 0.00218963

0.155008 0.00189658 9.00654e-05
0.00189658 -0.00160309 0.000510557
9.00654e-05 0.000510557 -0.00128518

0.159235 0.00219761 0.000281646
0.00219761 0.000700797 0.000292613
0.000281646 0.000292613 0.00105167

0.16023 0.00214574 0.00030088
0.00214574 -0.000936934 0.000156564
0.00030088 0.000156564 -0.000583147

0.163042 0.00193302 0.000325208
0.00193302 0.000216667 7.13275e-05
0.000325208 7.13275e-05 0.000551988

0.163993 0.00159929 0.000274602
0.00159929 -0.000563448 1.91368e-05
0.000274602 1.91368e-05 -0.000240454

0.16566 0.00125766 0.000236786
0.00125766 3.7545e-06 -1.06918e-05
0.000236786 -1.06918e-05 0.000303378

0.166268 0.000882481 0.00016521
0.000882481 -0.000344495 -2.80358e-05
0.00016521 -2.80358e-05 -5.82888e-05

0.16703 0.00053372 0.00010699
0.00053372 -0.000113251 -3.65406e-05
0.00010699 -3.65406e-05 0.000158503

0.167213 0.000170738 3.11127e-05
0.000170738 -0.000232683 -4.03474e-05
3.11127e-05 -4.03474e-05 3.35324e-05

0.195462 -0.0593431 -0.0801974
-0.0593431 0.109806 0.0224325
-0.0801974 0.0224325 0.106379

0.179107 -0.0430039 -0.0212316
-0.0430039 0.0136452 0.0078151
-0.0212316 0.0078151 -0.00343332

0.152812 -0.0165584 -0.0098636
-0.0165584 0.00621687 0.00489333
-0.0098636 0.00489333 0.00569624

0.149182 -0.00879359 -0.00530137
-0.00879359 0.00311546 0.00256424
-0.00530137 0.00256424 0.000915793

0.14391 -0.00315544 -0.00261566
-0.00315544 -0.000337833 0.00146749
-0.00261566 0.00146749 -0.000119626

0.147255 -0.000748624 -0.00156063
-0.000748624 0.00144249 0.000821569
-0.00156063 0.000821569 0.000982802

0.14819 0.000609373 -0.000585084
0.000609373 -0.000476488 0.000445446
-0.000585084 0.000445446 -0.000353849

0.152397 0.00127207 -0.000251922
0.00127207 0.000714383 0.000238971
-0.000251922 0.000238971 0.000626106

0.154712 0.00143374 9.65602e-05
0.00143374 -0.000270165 0.000109172
9.65602e-05 0.000109172 -0.000166785

0.158129 0.00146407 0.000171947
0.00146407 0.00034871 4.35132e-05
0.000171947 4.35132e-05 0.000383878

0.160204 0.00127609 0.000263031
0.00127609 -0.000142534 1.65146e-06
0.000263031 1.65146e-06 -3.50549e-05

0.162514 0.00109999 0.000234698
0.00109999 0.00016617 -1.61586e-05
0.000234698 -1.61586e-05 0.000246125

0.16391 0.000836139 0.000222007
0.000836139 -7.0625e-05 -2.73183e-05
0.000222007 -2.73183e-05 3.59354e-05

0.165203 0.000613327 0.000156134
0.000613327 7.46345e-05 -3.0331e-05
0.000156134 -3.0331e-05 0.000167922

0.165879 0.000351692 0.000105926
0.000351692 -2.42508e-05 -3.22938e-05
0.000105926 -3.22938e-05 7.72131e-05

0.166267 0.000127184 2.94218e-05
0.000127184 -5.69763e-06 -3.23053e-05
2.94218e-05 -3.23053e-05 9.15159e-05

0.26162 -0.08711 -0.08711
-0.08711 0.130094 0.0292751
-0.08711 0.0292751 0.130094

0.1711 -0.0205144 -0.0205144
-0.0205144 -0.0321292 0.00326423
-0.0205144 0.00326423 -0.0321292

0.149557 -0.011896 -0.011896
-0.011896 0.0194964 0.00201658
-0.011896 0.00201658 0.0194964

0.134411 -0.00518386 -0.00518386
-0.00518386 -0.00901838 0.000366127
-0.00518386 0.000366127 -0.00901838

0.137694 -0.00310717 -0.00310717
-0.00310717 0.00521272 0.000199699
-0.00310717 0.000199699 0.00521272

0.137587 -0.00146217 -0.00146217
-0.00146217 -0.0028289 -9.12522e-05
-0.00146217 -9.12522e-05 -0.0028289

0.143509 -0.000667203 -0.000667203
-0.000667203 0.00179853 -6.38814e-05
-0.000667203 -6.38814e-05 0.00179853

0.146676 -0.000179117 -0.000179117
-0.000179117 -0.000962612 -0.000111701
-0.000179117 -0.000111701 -0.000962612

0.151731 0.000112807 0.000112807
0.000112807 0.000760442 -7.39976e-05
0.000112807 -7.39976e-05 0.000760442

0.154891 0.000225403 0.000225403
0.000225403 -0.000322234 -7.36041e-05
0.000225403 -7.36041e-05 -0.000322234

0.158451 0.00029319 0.00029319
0.00029319 0.000387294 -4.79318e-05
0.00029319 -4.79318e-05 0.000387294

0.160733 0.000269518 0.000269518
0.000269518 -7.44006e-05 -4.09852e-05
0.000269518 -4.09852e-05 -7.44006e-05

0.162894 0.000243841 0.000243841
0.000243841 0.000228725 -2.66264e-05
0.000243841 -2.66264e-05 0.000228725

0.164203 0.000174297 0.000174297
0.000174297 3.43211e-05 -2.176e-05
0.000174297 -2.176e-05 3.43211e-05

0.165204 0.000115143 0.000115143
0.000115143 0.000148277 -1.55328e-05
0.000115143 -1.55328e-05 0.000148277

0.1656 3.33433e-05 3.33433e-05
3.33433e-05 6.99986e-05 -1.39072e-05
3.33433e-05 -1.39072e-05 6.99986e-05

